"DESCRIPTION","DURATION IN MS","NAME","PARENT SUITE","START TIME","STATUS","STOP TIME","SUB SUITE","SUITE","TEST CLASS","TEST METHOD"
"","8346","Check ad blocks for ad free user - Marvel Rivals in mobile at 360x780 viewport size","advertisement-tests","2026-07-03","passed","2026-07-03","Verify ad blocks within the mobile viewport range (320–575px) for different user roles","advertisement.test.js","",""
"","10124","Check advertisement blocks for regular user - ZZZ in desktop at 640x1024 viewport size","advertisement-tests","2026-07-03","passed","2026-07-03","Verify ad blocks within the desktop viewport range (576-767px) for different user roles","advertisement.test.js","",""
"","11379","Check video block, footer banner, L vertical banner for regular user - Marvel Rivals in desktop at 1280x800 viewport size","advertisement-tests","2026-07-03","passed","2026-07-03","Verify ad blocks within the desktop viewport range (1233-1411px) for different user roles","advertisement.test.js","",""
"","3620","Check advertisement blocks for ad free user - Val in desktop at 640x1024 viewport size","advertisement-tests","2026-07-03","passed","2026-07-03","Verify ad blocks within the desktop viewport range (576-767px) for different user roles","advertisement.test.js","",""
"","12390","Check video block, footer banner, L vertical banner, S vertical banner for unauthorized user - PoE in desktop at 1680x1050 viewport size","advertisement-tests","2026-07-03","passed","2026-07-03","Verify ad blocks within the desktop viewport range (>1412px) for different user roles","advertisement.test.js","",""
"","11355","Check video block & footer banner for plus user - ZZZ in desktop at 1100x800 viewport size","advertisement-tests","2026-07-03","passed","2026-07-03","Verify ad blocks within the desktop viewport range (1024-1232px) for different user roles","advertisement.test.js","",""
"","9076","Check advertisement blocks for ad free user - PoE 2 in desktop at 800x800 viewport size","advertisement-tests","2026-07-03","passed","2026-07-03","Verify video ad block & footer banner within the desktop viewport range (768-1023px) for different user roles","advertisement.test.js","",""
"","8631","Check video block & footer banner for ad free user - Deadlock in desktop at 1100x800 viewport size","advertisement-tests","2026-07-03","passed","2026-07-03","Verify ad blocks within the desktop viewport range (1024-1232px) for different user roles","advertisement.test.js","",""
"","9188","Check advertisement blocks for regular user - Deadlock in desktop at 640x1024 viewport size","advertisement-tests","2026-07-03","passed","2026-07-03","Verify ad blocks within the desktop viewport range (576-767px) for different user roles","advertisement.test.js","",""
"","8836","Check video block & footer banner for unauthorized user - Endfield in desktop at 800x800 viewport size","advertisement-tests","2026-07-03","passed","2026-07-03","Verify video ad block & footer banner within the desktop viewport range (768-1023px) for different user roles","advertisement.test.js","",""
"","9282","Check video block & footer banner for ad free user - Hades 2 in desktop at 1100x800 viewport size","advertisement-tests","2026-07-03","passed","2026-07-03","Verify ad blocks within the desktop viewport range (1024-1232px) for different user roles","advertisement.test.js","",""
"","9503","Check ad blocks for plus user - LoL in mobile at 360x780 viewport size","advertisement-tests","2026-07-03","passed","2026-07-03","Verify ad blocks within the mobile viewport range (320–575px) for different user roles","advertisement.test.js","",""
"","8932","Check video block & footer banner for unauthorized user - 2XKO in mobile at 360x780 viewport size","advertisement-tests","2026-07-03","passed","2026-07-03","Verify ad blocks within the mobile viewport range (320–575px) for different user roles","advertisement.test.js","",""
"","9502","Check advertisement blocks for plus user - Hades 2 in desktop at 800x800 viewport size","advertisement-tests","2026-07-03","passed","2026-07-03","Verify video ad block & footer banner within the desktop viewport range (768-1023px) for different user roles","advertisement.test.js","",""
"","13055","Check video block & footer banner for regular user - TFT in desktop at 800x800 viewport size","advertisement-tests","2026-07-03","passed","2026-07-03","Verify video ad block & footer banner within the desktop viewport range (768-1023px) for different user roles","advertisement.test.js","",""
"","9837","Check advertisement blocks for unauthorized user - Borderlands 4 in desktop at 640x1024 viewport size","advertisement-tests","2026-07-03","passed","2026-07-03","Verify ad blocks within the desktop viewport range (576-767px) for different user roles","advertisement.test.js","",""
"","11257","Check video block & footer banner for unauthorized user - STS 2 in desktop at 1100x800 viewport size","advertisement-tests","2026-07-03","passed","2026-07-03","Verify ad blocks within the desktop viewport range (1024-1232px) for different user roles","advertisement.test.js","",""
"","13562","Check video block, footer banner, L vertical banner for regular user - Nightreign in desktop at 1280x800 viewport size","advertisement-tests","2026-07-03","passed","2026-07-03","Verify ad blocks within the desktop viewport range (1233-1411px) for different user roles","advertisement.test.js","",""
"","7559","Check advertisement blocks for ad free user - Marathon in desktop at 640x1024 viewport size","advertisement-tests","2026-07-03","passed","2026-07-03","Verify ad blocks within the desktop viewport range (576-767px) for different user roles","advertisement.test.js","",""
"","2","Check ad blocks for regular user - Val in mobile at 360x780 viewport size","advertisement-tests","2026-07-03","skipped","2026-07-03","Verify ad blocks within the mobile viewport range (320–575px) for different user roles","advertisement.test.js","",""
"","14084","Check video block, footer banner, L vertical banner for regular user - Monster Hunter Wilds in desktop at 1280x800 viewport size","advertisement-tests","2026-07-03","passed","2026-07-03","Verify ad blocks within the desktop viewport range (1233-1411px) for different user roles","advertisement.test.js","",""
"","13509","Check video block, footer banner, L vertical banner, S vertical banner for regular user - Marvel Rivals in desktop at 1680x1050 viewport size","advertisement-tests","2026-07-03","passed","2026-07-03","Verify ad blocks within the desktop viewport range (>1412px) for different user roles","advertisement.test.js","",""
"","4003","Check video block, footer banner, L vertical banner for ad free user - Endfield in desktop at 1280x800 viewport size","advertisement-tests","2026-07-03","passed","2026-07-03","Verify ad blocks within the desktop viewport range (1233-1411px) for different user roles","advertisement.test.js","",""
"","7959","Check advertisement blocks for plus user - 2XKO in desktop at 800x800 viewport size","advertisement-tests","2026-07-03","passed","2026-07-03","Verify video ad block & footer banner within the desktop viewport range (768-1023px) for different user roles","advertisement.test.js","",""
"","13797","Check video block, footer banner, L vertical banner, S vertical banner for plus user - ZZZ in desktop at 1680x1050 viewport size","advertisement-tests","2026-07-03","passed","2026-07-03","Verify ad blocks within the desktop viewport range (>1412px) for different user roles","advertisement.test.js","",""
"","8199","Check advertisement blocks for plus user - Endfield in desktop at 640x1024 viewport size","advertisement-tests","2026-07-03","passed","2026-07-03","Verify ad blocks within the desktop viewport range (576-767px) for different user roles","advertisement.test.js","",""
"","11449","Check advertisement blocks for regular user - Borderlands 4 in desktop at 640x1024 viewport size","advertisement-tests","2026-07-03","passed","2026-07-03","Verify ad blocks within the desktop viewport range (576-767px) for different user roles","advertisement.test.js","",""
"","7231","Check ad blocks for ad free user - Deadlock in mobile at 360x780 viewport size","advertisement-tests","2026-07-03","passed","2026-07-03","Verify ad blocks within the mobile viewport range (320–575px) for different user roles","advertisement.test.js","",""
"","15107","Check video block & footer banner for regular user - Monster Hunter Wilds in desktop at 1100x800 viewport size","advertisement-tests","2026-07-03","passed","2026-07-03","Verify ad blocks within the desktop viewport range (1024-1232px) for different user roles","advertisement.test.js","",""
"","11403","Check video block, footer banner, L vertical banner, S vertical banner for plus user - Monster Hunter Wilds in desktop at 1680x1050 viewport size","advertisement-tests","2026-07-03","passed","2026-07-03","Verify ad blocks within the desktop viewport range (>1412px) for different user roles","advertisement.test.js","",""
"","4452","Check video block & footer banner for plus user - Overwatch in desktop at 1100x800 viewport size","advertisement-tests","2026-07-03","passed","2026-07-03","Verify ad blocks within the desktop viewport range (1024-1232px) for different user roles","advertisement.test.js","",""
"","11864","Check video block, footer banner, L vertical banner for regular user - Borderlands 4 in desktop at 1280x800 viewport size","advertisement-tests","2026-07-03","passed","2026-07-03","Verify ad blocks within the desktop viewport range (1233-1411px) for different user roles","advertisement.test.js","",""
"","7200","Check advertisement blocks for ad free user - Borderlands 4 in desktop at 640x1024 viewport size","advertisement-tests","2026-07-03","passed","2026-07-03","Verify ad blocks within the desktop viewport range (576-767px) for different user roles","advertisement.test.js","",""
"","7896","Check video block, footer banner, L vertical banner for plus user - Marathon in desktop at 1280x800 viewport size","advertisement-tests","2026-07-03","passed","2026-07-03","Verify ad blocks within the desktop viewport range (1233-1411px) for different user roles","advertisement.test.js","",""
"","8487","Check video block & footer banner for unauthorized user - Riftbound in mobile at 360x780 viewport size","advertisement-tests","2026-07-03","passed","2026-07-03","Verify ad blocks within the mobile viewport range (320–575px) for different user roles","advertisement.test.js","",""
"","4482","Check video block, footer banner, L vertical banner for unauthorized user - Borderlands 4 in desktop at 1280x800 viewport size","advertisement-tests","2026-07-03","passed","2026-07-03","Verify ad blocks within the desktop viewport range (1233-1411px) for different user roles","advertisement.test.js","",""
"","6748","Check advertisement blocks for plus user - Deadlock in desktop at 800x800 viewport size","advertisement-tests","2026-07-03","passed","2026-07-03","Verify video ad block & footer banner within the desktop viewport range (768-1023px) for different user roles","advertisement.test.js","",""
"","8018","Check advertisement blocks for ad free user - Overwatch in desktop at 800x800 viewport size","advertisement-tests","2026-07-03","passed","2026-07-03","Verify video ad block & footer banner within the desktop viewport range (768-1023px) for different user roles","advertisement.test.js","",""
"","12009","Check video block & footer banner for ad free user - Marathon in desktop at 1100x800 viewport size","advertisement-tests","2026-07-03","passed","2026-07-03","Verify ad blocks within the desktop viewport range (1024-1232px) for different user roles","advertisement.test.js","",""
"","10570","Check video block, footer banner, L vertical banner for regular user - Hades 2 in desktop at 1280x800 viewport size","advertisement-tests","2026-07-03","passed","2026-07-03","Verify ad blocks within the desktop viewport range (1233-1411px) for different user roles","advertisement.test.js","",""
"","18279","Check video block & footer banner for ad free user - LoL in desktop at 1100x800 viewport size","advertisement-tests","2026-07-03","passed","2026-07-03","Verify ad blocks within the desktop viewport range (1024-1232px) for different user roles","advertisement.test.js","",""
"","18121","Check video block, footer banner, L vertical banner, S vertical banner for regular user - Monster Hunter Wilds in desktop at 1680x1050 viewport size","advertisement-tests","2026-07-03","passed","2026-07-03","Verify ad blocks within the desktop viewport range (>1412px) for different user roles","advertisement.test.js","",""
"","7447","Check advertisement blocks for ad free user - Hades 2 in desktop at 640x1024 viewport size","advertisement-tests","2026-07-03","passed","2026-07-03","Verify ad blocks within the desktop viewport range (576-767px) for different user roles","advertisement.test.js","",""
"","7896","Check advertisement blocks for plus user - Borderlands 4 in desktop at 640x1024 viewport size","advertisement-tests","2026-07-03","passed","2026-07-03","Verify ad blocks within the desktop viewport range (576-767px) for different user roles","advertisement.test.js","",""
"","14918","Check video block & footer banner for regular user - STS 2 in desktop at 1100x800 viewport size","advertisement-tests","2026-07-03","passed","2026-07-03","Verify ad blocks within the desktop viewport range (1024-1232px) for different user roles","advertisement.test.js","",""
"","9446","Check ad blocks for regular user - LoL in mobile at 360x780 viewport size","advertisement-tests","2026-07-03","passed","2026-07-03","Verify ad blocks within the mobile viewport range (320–575px) for different user roles","advertisement.test.js","",""
"","6452","Check video block & footer banner for plus user - Deadlock in desktop at 1100x800 viewport size","advertisement-tests","2026-07-03","passed","2026-07-03","Verify ad blocks within the desktop viewport range (1024-1232px) for different user roles","advertisement.test.js","",""
"","10268","Check advertisement blocks for regular user - Marathon in desktop at 640x1024 viewport size","advertisement-tests","2026-07-03","passed","2026-07-03","Verify ad blocks within the desktop viewport range (576-767px) for different user roles","advertisement.test.js","",""
"","9331","Check video block & footer banner for unauthorized user - STS 2 in mobile at 360x780 viewport size","advertisement-tests","2026-07-03","passed","2026-07-03","Verify ad blocks within the mobile viewport range (320–575px) for different user roles","advertisement.test.js","",""
"","14225","Check ad blocks for regular user - Borderlands 4 in mobile at 360x780 viewport size","advertisement-tests","2026-07-03","passed","2026-07-03","Verify ad blocks within the mobile viewport range (320–575px) for different user roles","advertisement.test.js","",""
"","7158","Check video block, footer banner, L vertical banner for ad free user - Borderlands 4 in desktop at 1280x800 viewport size","advertisement-tests","2026-07-03","passed","2026-07-03","Verify ad blocks within the desktop viewport range (1233-1411px) for different user roles","advertisement.test.js","",""
"","10276","Check video block & footer banner for unauthorized user - STS 2 in desktop at 800x800 viewport size","advertisement-tests","2026-07-03","passed","2026-07-03","Verify video ad block & footer banner within the desktop viewport range (768-1023px) for different user roles","advertisement.test.js","",""
"","10494","Check advertisement blocks for unauthorized user - Hades 2 in desktop at 640x1024 viewport size","advertisement-tests","2026-07-03","passed","2026-07-03","Verify ad blocks within the desktop viewport range (576-767px) for different user roles","advertisement.test.js","",""
"","13342","Check video block, footer banner, L vertical banner, S vertical banner for plus user - Nightreign in desktop at 1680x1050 viewport size","advertisement-tests","2026-07-03","passed","2026-07-03","Verify ad blocks within the desktop viewport range (>1412px) for different user roles","advertisement.test.js","",""
"","8152","Check ad blocks for plus user - Hades 2 in mobile at 360x780 viewport size","advertisement-tests","2026-07-03","passed","2026-07-03","Verify ad blocks within the mobile viewport range (320–575px) for different user roles","advertisement.test.js","",""
"","8773","Check video block & footer banner for unauthorized user - Endfield in mobile at 360x780 viewport size","advertisement-tests","2026-07-03","passed","2026-07-03","Verify ad blocks within the mobile viewport range (320–575px) for different user roles","advertisement.test.js","",""
"","6990","Check advertisement blocks for ad free user - STS 2 in desktop at 640x1024 viewport size","advertisement-tests","2026-07-03","passed","2026-07-03","Verify ad blocks within the desktop viewport range (576-767px) for different user roles","advertisement.test.js","",""
"","11492","Check video block & footer banner for regular user - Deadlock in desktop at 1100x800 viewport size","advertisement-tests","2026-07-03","passed","2026-07-03","Verify ad blocks within the desktop viewport range (1024-1232px) for different user roles","advertisement.test.js","",""
"","8541","Check ad blocks for plus user - PoE in mobile at 360x780 viewport size","advertisement-tests","2026-07-03","passed","2026-07-03","Verify ad blocks within the mobile viewport range (320–575px) for different user roles","advertisement.test.js","",""
"","13735","Check video block, footer banner, L vertical banner, S vertical banner for regular user - TFT in desktop at 1680x1050 viewport size","advertisement-tests","2026-07-03","passed","2026-07-03","Verify ad blocks within the desktop viewport range (>1412px) for different user roles","advertisement.test.js","",""
"","11544","Check video block & footer banner for ad free user - Monster Hunter Wilds in desktop at 1100x800 viewport size","advertisement-tests","2026-07-03","passed","2026-07-03","Verify ad blocks within the desktop viewport range (1024-1232px) for different user roles","advertisement.test.js","",""
"","8589","Check video block, footer banner, L vertical banner, S vertical banner for unauthorized user - Endfield in desktop at 1680x1050 viewport size","advertisement-tests","2026-07-03","passed","2026-07-03","Verify ad blocks within the desktop viewport range (>1412px) for different user roles","advertisement.test.js","",""
"","8870","Check advertisement blocks for ad free user - PoE in desktop at 640x1024 viewport size","advertisement-tests","2026-07-03","passed","2026-07-03","Verify ad blocks within the desktop viewport range (576-767px) for different user roles","advertisement.test.js","",""
"","9592","Check advertisement blocks for ad free user - Diablo 4 in desktop at 800x800 viewport size","advertisement-tests","2026-07-03","passed","2026-07-03","Verify video ad block & footer banner within the desktop viewport range (768-1023px) for different user roles","advertisement.test.js","",""
"","9200","Check video block & footer banner for unauthorized user - 2XKO in desktop at 1100x800 viewport size","advertisement-tests","2026-07-03","passed","2026-07-03","Verify ad blocks within the desktop viewport range (1024-1232px) for different user roles","advertisement.test.js","",""
"","10415","Check video block & footer banner for regular user - Marvel Rivals in desktop at 800x800 viewport size","advertisement-tests","2026-07-03","passed","2026-07-03","Verify video ad block & footer banner within the desktop viewport range (768-1023px) for different user roles","advertisement.test.js","",""
"","5215","Check advertisement blocks for plus user - Riftbound in desktop at 800x800 viewport size","advertisement-tests","2026-07-03","passed","2026-07-03","Verify video ad block & footer banner within the desktop viewport range (768-1023px) for different user roles","advertisement.test.js","",""
"","11796","Check video block, footer banner, L vertical banner, S vertical banner for plus user - Deadlock in desktop at 1680x1050 viewport size","advertisement-tests","2026-07-03","passed","2026-07-03","Verify ad blocks within the desktop viewport range (>1412px) for different user roles","advertisement.test.js","",""
"","12102","Check video block, footer banner, L vertical banner for unauthorized user - Marathon in desktop at 1280x800 viewport size","advertisement-tests","2026-07-03","passed","2026-07-03","Verify ad blocks within the desktop viewport range (1233-1411px) for different user roles","advertisement.test.js","",""
"","8167","Check video block & footer banner for ad free user - 2XKO in desktop at 1100x800 viewport size","advertisement-tests","2026-07-03","passed","2026-07-03","Verify ad blocks within the desktop viewport range (1024-1232px) for different user roles","advertisement.test.js","",""
"","21929","Check video block, footer banner, L vertical banner, S vertical banner for regular user - The Bazaar in desktop at 1680x1050 viewport size","advertisement-tests","2026-07-03","passed","2026-07-03","Verify ad blocks within the desktop viewport range (>1412px) for different user roles","advertisement.test.js","",""
"","10326","Check video block, footer banner, L vertical banner, S vertical banner for regular user - Val in desktop at 1680x1050 viewport size","advertisement-tests","2026-07-03","passed","2026-07-03","Verify ad blocks within the desktop viewport range (>1412px) for different user roles","advertisement.test.js","",""
"","16195","Check video block, footer banner, L vertical banner, S vertical banner for plus user - Diablo 4 in desktop at 1680x1050 viewport size","advertisement-tests","2026-07-03","passed","2026-07-03","Verify ad blocks within the desktop viewport range (>1412px) for different user roles","advertisement.test.js","",""
"","11854","Check advertisement blocks for regular user - Endfield in desktop at 640x1024 viewport size","advertisement-tests","2026-07-03","passed","2026-07-03","Verify ad blocks within the desktop viewport range (576-767px) for different user roles","advertisement.test.js","",""
"","8535","Check ad blocks for plus user - ZZZ in mobile at 360x780 viewport size","advertisement-tests","2026-07-03","passed","2026-07-03","Verify ad blocks within the mobile viewport range (320–575px) for different user roles","advertisement.test.js","",""
"","13287","Check video block, footer banner, L vertical banner, S vertical banner for regular user - Borderlands 4 in desktop at 1680x1050 viewport size","advertisement-tests","2026-07-03","passed","2026-07-03","Verify ad blocks within the desktop viewport range (>1412px) for different user roles","advertisement.test.js","",""
"","5645","Check advertisement blocks for ad free user - Marvel Rivals in desktop at 640x1024 viewport size","advertisement-tests","2026-07-03","passed","2026-07-03","Verify ad blocks within the desktop viewport range (576-767px) for different user roles","advertisement.test.js","",""
"","15310","Check video block & footer banner for regular user - TFT in desktop at 1100x800 viewport size","advertisement-tests","2026-07-03","passed","2026-07-03","Verify ad blocks within the desktop viewport range (1024-1232px) for different user roles","advertisement.test.js","",""
"","14261","Check ad blocks for regular user - Marvel Rivals in mobile at 360x780 viewport size","advertisement-tests","2026-07-03","passed","2026-07-03","Verify ad blocks within the mobile viewport range (320–575px) for different user roles","advertisement.test.js","",""
"","11016","Check advertisement blocks for unauthorized user - The Bazaar in desktop at 640x1024 viewport size","advertisement-tests","2026-07-03","passed","2026-07-03","Verify ad blocks within the desktop viewport range (576-767px) for different user roles","advertisement.test.js","",""
"","9411","Check advertisement blocks for plus user - Monster Hunter Wilds in desktop at 640x1024 viewport size","advertisement-tests","2026-07-03","passed","2026-07-03","Verify ad blocks within the desktop viewport range (576-767px) for different user roles","advertisement.test.js","",""
"","5218","Check video block, footer banner, L vertical banner for ad free user - Diablo 4 in desktop at 1280x800 viewport size","advertisement-tests","2026-07-03","passed","2026-07-03","Verify ad blocks within the desktop viewport range (1233-1411px) for different user roles","advertisement.test.js","",""
"","9479","Check advertisement blocks for plus user - ZZZ in desktop at 640x1024 viewport size","advertisement-tests","2026-07-03","passed","2026-07-03","Verify ad blocks within the desktop viewport range (576-767px) for different user roles","advertisement.test.js","",""
"","7581","Check video block, footer banner, L vertical banner, S vertical banner for plus user - Overwatch in desktop at 1680x1050 viewport size","advertisement-tests","2026-07-03","passed","2026-07-03","Verify ad blocks within the desktop viewport range (>1412px) for different user roles","advertisement.test.js","",""
"","873","Check video block & footer banner for unauthorized user - Val in mobile at 360x780 viewport size","advertisement-tests","2026-07-03","skipped","2026-07-03","Verify ad blocks within the mobile viewport range (320–575px) for different user roles","advertisement.test.js","",""
"","6018","Check advertisement blocks for plus user - TFT in desktop at 800x800 viewport size","advertisement-tests","2026-07-03","passed","2026-07-03","Verify video ad block & footer banner within the desktop viewport range (768-1023px) for different user roles","advertisement.test.js","",""
"","7494","Check advertisement blocks for ad free user - Deadlock in desktop at 640x1024 viewport size","advertisement-tests","2026-07-03","passed","2026-07-03","Verify ad blocks within the desktop viewport range (576-767px) for different user roles","advertisement.test.js","",""
"","10272","Check video block, footer banner, L vertical banner, S vertical banner for plus user - PoE in desktop at 1680x1050 viewport size","advertisement-tests","2026-07-03","passed","2026-07-03","Verify ad blocks within the desktop viewport range (>1412px) for different user roles","advertisement.test.js","",""
"","6436","Check ad blocks for plus user - STS 2 in mobile at 360x780 viewport size","advertisement-tests","2026-07-03","passed","2026-07-03","Verify ad blocks within the mobile viewport range (320–575px) for different user roles","advertisement.test.js","",""
"","8353","Check advertisement blocks for plus user - Deadlock in desktop at 640x1024 viewport size","advertisement-tests","2026-07-03","passed","2026-07-03","Verify ad blocks within the desktop viewport range (576-767px) for different user roles","advertisement.test.js","",""
"","11451","Check video block, footer banner, L vertical banner, S vertical banner for unauthorized user - LoL in desktop at 1680x1050 viewport size","advertisement-tests","2026-07-03","passed","2026-07-03","Verify ad blocks within the desktop viewport range (>1412px) for different user roles","advertisement.test.js","",""
"","11873","Check video block & footer banner for unauthorized user - PoE 2 in desktop at 1100x800 viewport size","advertisement-tests","2026-07-03","passed","2026-07-03","Verify ad blocks within the desktop viewport range (1024-1232px) for different user roles","advertisement.test.js","",""
"","13945","Check ad blocks for regular user - ZZZ in mobile at 360x780 viewport size","advertisement-tests","2026-07-03","passed","2026-07-03","Verify ad blocks within the mobile viewport range (320–575px) for different user roles","advertisement.test.js","",""
"","6274","Check ad blocks for plus user - Endfield in mobile at 360x780 viewport size","advertisement-tests","2026-07-03","passed","2026-07-03","Verify ad blocks within the mobile viewport range (320–575px) for different user roles","advertisement.test.js","",""
"","7627","Check ad blocks for ad free user - Endfield in mobile at 360x780 viewport size","advertisement-tests","2026-07-03","passed","2026-07-03","Verify ad blocks within the mobile viewport range (320–575px) for different user roles","advertisement.test.js","",""
"","15001","Check video block, footer banner, L vertical banner, S vertical banner for ad free user - The Bazaar in desktop at 1680x1050 viewport size","advertisement-tests","2026-07-03","passed","2026-07-03","Verify ad blocks within the desktop viewport range (>1412px) for different user roles","advertisement.test.js","",""
"","15330","Check ad blocks for regular user - Deadlock in mobile at 360x780 viewport size","advertisement-tests","2026-07-03","passed","2026-07-03","Verify ad blocks within the mobile viewport range (320–575px) for different user roles","advertisement.test.js","",""
"","22930","Check video block & footer banner for plus user - Borderlands 4 in desktop at 1100x800 viewport size","advertisement-tests","2026-07-03","failed","2026-07-03","Verify ad blocks within the desktop viewport range (1024-1232px) for different user roles","advertisement.test.js","",""
"","8698","Check advertisement blocks for ad free user - Diablo 4 in desktop at 640x1024 viewport size","advertisement-tests","2026-07-03","passed","2026-07-03","Verify ad blocks within the desktop viewport range (576-767px) for different user roles","advertisement.test.js","",""
"","6723","Check advertisement blocks for plus user - Marathon in desktop at 800x800 viewport size","advertisement-tests","2026-07-03","passed","2026-07-03","Verify video ad block & footer banner within the desktop viewport range (768-1023px) for different user roles","advertisement.test.js","",""
"","5863","Check advertisement blocks for regular user - Nightreign in desktop at 640x1024 viewport size","advertisement-tests","2026-07-03","passed","2026-07-03","Verify ad blocks within the desktop viewport range (576-767px) for different user roles","advertisement.test.js","",""
"","9049","Check video block & footer banner for unauthorized user - 2XKO in desktop at 800x800 viewport size","advertisement-tests","2026-07-03","passed","2026-07-03","Verify video ad block & footer banner within the desktop viewport range (768-1023px) for different user roles","advertisement.test.js","",""
"","5483","Check video block, footer banner, L vertical banner for plus user - PoE in desktop at 1280x800 viewport size","advertisement-tests","2026-07-03","passed","2026-07-03","Verify ad blocks within the desktop viewport range (1233-1411px) for different user roles","advertisement.test.js","",""
"","17318","Check video block, footer banner, L vertical banner, S vertical banner for regular user - Hades 2 in desktop at 1680x1050 viewport size","advertisement-tests","2026-07-03","passed","2026-07-03","Verify ad blocks within the desktop viewport range (>1412px) for different user roles","advertisement.test.js","",""
"","3955","Check advertisement blocks for ad free user - Val in desktop at 800x800 viewport size","advertisement-tests","2026-07-03","passed","2026-07-03","Verify video ad block & footer banner within the desktop viewport range (768-1023px) for different user roles","advertisement.test.js","",""
"","10439","Check video block & footer banner for unauthorized user - Monster Hunter Wilds in desktop at 1100x800 viewport size","advertisement-tests","2026-07-03","passed","2026-07-03","Verify ad blocks within the desktop viewport range (1024-1232px) for different user roles","advertisement.test.js","",""
"","10134","Check video block & footer banner for unauthorized user - PoE 2 in desktop at 800x800 viewport size","advertisement-tests","2026-07-03","passed","2026-07-03","Verify video ad block & footer banner within the desktop viewport range (768-1023px) for different user roles","advertisement.test.js","",""
"","11246","Check video block & footer banner for ad free user - The Bazaar in desktop at 1100x800 viewport size","advertisement-tests","2026-07-03","passed","2026-07-03","Verify ad blocks within the desktop viewport range (1024-1232px) for different user roles","advertisement.test.js","",""
"","9961","Check advertisement blocks for unauthorized user - PoE in desktop at 640x1024 viewport size","advertisement-tests","2026-07-03","passed","2026-07-03","Verify ad blocks within the desktop viewport range (576-767px) for different user roles","advertisement.test.js","",""
"","8489","Check video block & footer banner for unauthorized user - Deadlock in desktop at 1100x800 viewport size","advertisement-tests","2026-07-03","passed","2026-07-03","Verify ad blocks within the desktop viewport range (1024-1232px) for different user roles","advertisement.test.js","",""
"","12191","Check video block, footer banner, L vertical banner for ad free user - LoL in desktop at 1280x800 viewport size","advertisement-tests","2026-07-03","passed","2026-07-03","Verify ad blocks within the desktop viewport range (1233-1411px) for different user roles","advertisement.test.js","",""
"","8616","Check video block, footer banner, L vertical banner for plus user - Overwatch in desktop at 1280x800 viewport size","advertisement-tests","2026-07-03","passed","2026-07-03","Verify ad blocks within the desktop viewport range (1233-1411px) for different user roles","advertisement.test.js","",""
"","20864","Check video block, footer banner, L vertical banner, S vertical banner for ad free user - 2XKO in desktop at 1680x1050 viewport size","advertisement-tests","2026-07-03","passed","2026-07-03","Verify ad blocks within the desktop viewport range (>1412px) for different user roles","advertisement.test.js","",""
"","10516","Check video block & footer banner for unauthorized user - Marvel Rivals in desktop at 1100x800 viewport size","advertisement-tests","2026-07-03","passed","2026-07-03","Verify ad blocks within the desktop viewport range (1024-1232px) for different user roles","advertisement.test.js","",""
"","9355","Check advertisement blocks for unauthorized user - Endfield in desktop at 640x1024 viewport size","advertisement-tests","2026-07-03","passed","2026-07-03","Verify ad blocks within the desktop viewport range (576-767px) for different user roles","advertisement.test.js","",""
"","9836","Check advertisement blocks for plus user - LoL in desktop at 800x800 viewport size","advertisement-tests","2026-07-03","passed","2026-07-03","Verify video ad block & footer banner within the desktop viewport range (768-1023px) for different user roles","advertisement.test.js","",""
"","8946","Check ad blocks for plus user - Diablo 4 in mobile at 360x780 viewport size","advertisement-tests","2026-07-03","passed","2026-07-03","Verify ad blocks within the mobile viewport range (320–575px) for different user roles","advertisement.test.js","",""
"","7277","Check ad blocks for ad free user - STS 2 in mobile at 360x780 viewport size","advertisement-tests","2026-07-03","passed","2026-07-03","Verify ad blocks within the mobile viewport range (320–575px) for different user roles","advertisement.test.js","",""
"","7701","Check video block, footer banner, L vertical banner, S vertical banner for unauthorized user - The Bazaar in desktop at 1680x1050 viewport size","advertisement-tests","2026-07-03","passed","2026-07-03","Verify ad blocks within the desktop viewport range (>1412px) for different user roles","advertisement.test.js","",""
"","6711","Check advertisement blocks for plus user - Marvel Rivals in desktop at 640x1024 viewport size","advertisement-tests","2026-07-03","passed","2026-07-03","Verify ad blocks within the desktop viewport range (576-767px) for different user roles","advertisement.test.js","",""
"","12078","Check video block & footer banner for unauthorized user - Overwatch in desktop at 1100x800 viewport size","advertisement-tests","2026-07-03","passed","2026-07-03","Verify ad blocks within the desktop viewport range (1024-1232px) for different user roles","advertisement.test.js","",""
"","10339","Check video block, footer banner, L vertical banner, S vertical banner for ad free user - STS 2 in desktop at 1680x1050 viewport size","advertisement-tests","2026-07-03","passed","2026-07-03","Verify ad blocks within the desktop viewport range (>1412px) for different user roles","advertisement.test.js","",""
"","7895","Check ad blocks for ad free user - Riftbound in mobile at 360x780 viewport size","advertisement-tests","2026-07-03","passed","2026-07-03","Verify ad blocks within the mobile viewport range (320–575px) for different user roles","advertisement.test.js","",""
"","1825","Check video block & footer banner for plus user - PoE in desktop at 1100x800 viewport size","advertisement-tests","2026-07-03","passed","2026-07-03","Verify ad blocks within the desktop viewport range (1024-1232px) for different user roles","advertisement.test.js","",""
"","23668","Check video block & footer banner for plus user - Hades 2 in desktop at 1100x800 viewport size","advertisement-tests","2026-07-03","failed","2026-07-03","Verify ad blocks within the desktop viewport range (1024-1232px) for different user roles","advertisement.test.js","",""
"","6573","Check advertisement blocks for plus user - Val in desktop at 800x800 viewport size","advertisement-tests","2026-07-03","passed","2026-07-03","Verify video ad block & footer banner within the desktop viewport range (768-1023px) for different user roles","advertisement.test.js","",""
"","11278","Check video block, footer banner, L vertical banner, S vertical banner for unauthorized user - Deadlock in desktop at 1680x1050 viewport size","advertisement-tests","2026-07-03","passed","2026-07-03","Verify ad blocks within the desktop viewport range (>1412px) for different user roles","advertisement.test.js","",""
"","8043","Check video block, footer banner, L vertical banner for plus user - Borderlands 4 in desktop at 1280x800 viewport size","advertisement-tests","2026-07-03","passed","2026-07-03","Verify ad blocks within the desktop viewport range (1233-1411px) for different user roles","advertisement.test.js","",""
"","8962","Check video block & footer banner for ad free user - Marvel Rivals in desktop at 1100x800 viewport size","advertisement-tests","2026-07-03","passed","2026-07-03","Verify ad blocks within the desktop viewport range (1024-1232px) for different user roles","advertisement.test.js","",""
"","19269","Check ad blocks for regular user - Marathon in mobile at 360x780 viewport size","advertisement-tests","2026-07-03","passed","2026-07-03","Verify ad blocks within the mobile viewport range (320–575px) for different user roles","advertisement.test.js","",""
"","9869","Check advertisement blocks for regular user - Riftbound in desktop at 640x1024 viewport size","advertisement-tests","2026-07-03","passed","2026-07-03","Verify ad blocks within the desktop viewport range (576-767px) for different user roles","advertisement.test.js","",""
"","4848","Check video block, footer banner, L vertical banner for ad free user - ZZZ in desktop at 1280x800 viewport size","advertisement-tests","2026-07-03","passed","2026-07-03","Verify ad blocks within the desktop viewport range (1233-1411px) for different user roles","advertisement.test.js","",""
"","15653","Check video block, footer banner, L vertical banner, S vertical banner for plus user - TFT in desktop at 1680x1050 viewport size","advertisement-tests","2026-07-03","passed","2026-07-03","Verify ad blocks within the desktop viewport range (>1412px) for different user roles","advertisement.test.js","",""
"","12231","Check video block & footer banner for regular user - Marathon in desktop at 800x800 viewport size","advertisement-tests","2026-07-03","passed","2026-07-03","Verify video ad block & footer banner within the desktop viewport range (768-1023px) for different user roles","advertisement.test.js","",""
"","15786","Check ad blocks for regular user - Monster Hunter Wilds in mobile at 360x780 viewport size","advertisement-tests","2026-07-03","passed","2026-07-03","Verify ad blocks within the mobile viewport range (320–575px) for different user roles","advertisement.test.js","",""
"","633","Check advertisement blocks for unauthorized user - Val in desktop at 640x1024 viewport size","advertisement-tests","2026-07-03","skipped","2026-07-03","Verify ad blocks within the desktop viewport range (576-767px) for different user roles","advertisement.test.js","",""
"","9968","Check advertisement blocks for unauthorized user - PoE 2 in desktop at 640x1024 viewport size","advertisement-tests","2026-07-03","passed","2026-07-03","Verify ad blocks within the desktop viewport range (576-767px) for different user roles","advertisement.test.js","",""
"","9740","Check advertisement blocks for plus user - Endfield in desktop at 800x800 viewport size","advertisement-tests","2026-07-03","passed","2026-07-03","Verify video ad block & footer banner within the desktop viewport range (768-1023px) for different user roles","advertisement.test.js","",""
"","9684","Check video block & footer banner for unauthorized user - Hades 2 in desktop at 1100x800 viewport size","advertisement-tests","2026-07-03","passed","2026-07-03","Verify ad blocks within the desktop viewport range (1024-1232px) for different user roles","advertisement.test.js","",""
"","10343","Check advertisement blocks for regular user - Marvel Rivals in desktop at 640x1024 viewport size","advertisement-tests","2026-07-03","passed","2026-07-03","Verify ad blocks within the desktop viewport range (576-767px) for different user roles","advertisement.test.js","",""
"","7071","Check advertisement blocks for ad free user - Riftbound in desktop at 640x1024 viewport size","advertisement-tests","2026-07-03","passed","2026-07-03","Verify ad blocks within the desktop viewport range (576-767px) for different user roles","advertisement.test.js","",""
"","7152","Check advertisement blocks for ad free user - Riftbound in desktop at 800x800 viewport size","advertisement-tests","2026-07-03","passed","2026-07-03","Verify video ad block & footer banner within the desktop viewport range (768-1023px) for different user roles","advertisement.test.js","",""
"","8943","Check video block, footer banner, L vertical banner, S vertical banner for unauthorized user - Marathon in desktop at 1680x1050 viewport size","advertisement-tests","2026-07-03","passed","2026-07-03","Verify ad blocks within the desktop viewport range (>1412px) for different user roles","advertisement.test.js","",""
"","16001","Check video block & footer banner for regular user - Marvel Rivals in desktop at 1100x800 viewport size","advertisement-tests","2026-07-03","passed","2026-07-03","Verify ad blocks within the desktop viewport range (1024-1232px) for different user roles","advertisement.test.js","",""
"","1105","setup regular user","user-roles-setup","2026-07-03","passed","2026-07-03","","setup/userRoles.setup.test.js","",""
"","11502","Check video block, footer banner, L vertical banner, S vertical banner for plus user - Hades 2 in desktop at 1680x1050 viewport size","advertisement-tests","2026-07-03","passed","2026-07-03","Verify ad blocks within the desktop viewport range (>1412px) for different user roles","advertisement.test.js","",""
"","6500","Check video block, footer banner, L vertical banner for ad free user - Hades 2 in desktop at 1280x800 viewport size","advertisement-tests","2026-07-03","passed","2026-07-03","Verify ad blocks within the desktop viewport range (1233-1411px) for different user roles","advertisement.test.js","",""
"","14583","Check video block & footer banner for regular user - The Bazaar in desktop at 800x800 viewport size","advertisement-tests","2026-07-03","passed","2026-07-03","Verify video ad block & footer banner within the desktop viewport range (768-1023px) for different user roles","advertisement.test.js","",""
"","11245","Check video block & footer banner for unauthorized user - Marvel Rivals in mobile at 360x780 viewport size","advertisement-tests","2026-07-03","passed","2026-07-03","Verify ad blocks within the mobile viewport range (320–575px) for different user roles","advertisement.test.js","",""
"","11326","Check video block & footer banner for unauthorized user - Nightreign in desktop at 1100x800 viewport size","advertisement-tests","2026-07-03","passed","2026-07-03","Verify ad blocks within the desktop viewport range (1024-1232px) for different user roles","advertisement.test.js","",""
"","13932","Check video block, footer banner, L vertical banner, S vertical banner for ad free user - Endfield in desktop at 1680x1050 viewport size","advertisement-tests","2026-07-03","passed","2026-07-03","Verify ad blocks within the desktop viewport range (>1412px) for different user roles","advertisement.test.js","",""
"","9041","Check advertisement blocks for regular user - 2XKO in desktop at 640x1024 viewport size","advertisement-tests","2026-07-03","passed","2026-07-03","Verify ad blocks within the desktop viewport range (576-767px) for different user roles","advertisement.test.js","",""
"","11066","Check video block & footer banner for regular user - PoE 2 in desktop at 800x800 viewport size","advertisement-tests","2026-07-03","passed","2026-07-03","Verify video ad block & footer banner within the desktop viewport range (768-1023px) for different user roles","advertisement.test.js","",""
"","7768","Check video block & footer banner for unauthorized user - LoL in mobile at 360x780 viewport size","advertisement-tests","2026-07-03","passed","2026-07-03","Verify ad blocks within the mobile viewport range (320–575px) for different user roles","advertisement.test.js","",""
"","9480","Check video block, footer banner, L vertical banner for plus user - PoE 2 in desktop at 1280x800 viewport size","advertisement-tests","2026-07-03","passed","2026-07-03","Verify ad blocks within the desktop viewport range (1233-1411px) for different user roles","advertisement.test.js","",""
"","5388","Check video block, footer banner, L vertical banner for unauthorized user - Riftbound in desktop at 1280x800 viewport size","advertisement-tests","2026-07-03","passed","2026-07-03","Verify ad blocks within the desktop viewport range (1233-1411px) for different user roles","advertisement.test.js","",""
"","6146","Check video block, footer banner, L vertical banner for ad free user - Overwatch in desktop at 1280x800 viewport size","advertisement-tests","2026-07-03","passed","2026-07-03","Verify ad blocks within the desktop viewport range (1233-1411px) for different user roles","advertisement.test.js","",""
"","10597","Check video block & footer banner for unauthorized user - Monster Hunter Wilds in mobile at 360x780 viewport size","advertisement-tests","2026-07-03","passed","2026-07-03","Verify ad blocks within the mobile viewport range (320–575px) for different user roles","advertisement.test.js","",""
"","11281","Check advertisement blocks for unauthorized user - Overwatch in desktop at 640x1024 viewport size","advertisement-tests","2026-07-03","passed","2026-07-03","Verify ad blocks within the desktop viewport range (576-767px) for different user roles","advertisement.test.js","",""
"","11429","Check video block & footer banner for unauthorized user - ZZZ in mobile at 360x780 viewport size","advertisement-tests","2026-07-03","passed","2026-07-03","Verify ad blocks within the mobile viewport range (320–575px) for different user roles","advertisement.test.js","",""
"","6871","Check video block & footer banner for plus user - Val in desktop at 1100x800 viewport size","advertisement-tests","2026-07-03","passed","2026-07-03","Verify ad blocks within the desktop viewport range (1024-1232px) for different user roles","advertisement.test.js","",""
"","4346","Check video block, footer banner, L vertical banner, S vertical banner for plus user - STS 2 in desktop at 1680x1050 viewport size","advertisement-tests","2026-07-03","passed","2026-07-03","Verify ad blocks within the desktop viewport range (>1412px) for different user roles","advertisement.test.js","",""
"","6419","Check advertisement blocks for ad free user - Nightreign in desktop at 640x1024 viewport size","advertisement-tests","2026-07-03","passed","2026-07-03","Verify ad blocks within the desktop viewport range (576-767px) for different user roles","advertisement.test.js","",""
"","18377","Check ad blocks for regular user - TFT in mobile at 360x780 viewport size","advertisement-tests","2026-07-03","passed","2026-07-03","Verify ad blocks within the mobile viewport range (320–575px) for different user roles","advertisement.test.js","",""
"","8745","Check ad blocks for plus user - 2XKO in mobile at 360x780 viewport size","advertisement-tests","2026-07-03","passed","2026-07-03","Verify ad blocks within the mobile viewport range (320–575px) for different user roles","advertisement.test.js","",""
"","11036","Check video block & footer banner for unauthorized user - TFT in mobile at 360x780 viewport size","advertisement-tests","2026-07-03","passed","2026-07-03","Verify ad blocks within the mobile viewport range (320–575px) for different user roles","advertisement.test.js","",""
"","5185","Check video block, footer banner, L vertical banner for unauthorized user - Hades 2 in desktop at 1280x800 viewport size","advertisement-tests","2026-07-03","passed","2026-07-03","Verify ad blocks within the desktop viewport range (1233-1411px) for different user roles","advertisement.test.js","",""
"","9497","Check video block & footer banner for unauthorized user - Riftbound in desktop at 1100x800 viewport size","advertisement-tests","2026-07-03","passed","2026-07-03","Verify ad blocks within the desktop viewport range (1024-1232px) for different user roles","advertisement.test.js","",""
"","24750","Check video block, footer banner, L vertical banner, S vertical banner for ad free user - TFT in desktop at 1680x1050 viewport size","advertisement-tests","2026-07-03","passed","2026-07-03","Verify ad blocks within the desktop viewport range (>1412px) for different user roles","advertisement.test.js","",""
"","12566","Check video block, footer banner, L vertical banner, S vertical banner for plus user - 2XKO in desktop at 1680x1050 viewport size","advertisement-tests","2026-07-03","passed","2026-07-03","Verify ad blocks within the desktop viewport range (>1412px) for different user roles","advertisement.test.js","",""
"","15336","Check video block, footer banner, L vertical banner for regular user - Overwatch in desktop at 1280x800 viewport size","advertisement-tests","2026-07-03","passed","2026-07-03","Verify ad blocks within the desktop viewport range (1233-1411px) for different user roles","advertisement.test.js","",""
"","6079","Check video block, footer banner, L vertical banner for plus user - Riftbound in desktop at 1280x800 viewport size","advertisement-tests","2026-07-03","passed","2026-07-03","Verify ad blocks within the desktop viewport range (1233-1411px) for different user roles","advertisement.test.js","",""
"","18052","Check video block, footer banner, L vertical banner, S vertical banner for regular user - STS 2 in desktop at 1680x1050 viewport size","advertisement-tests","2026-07-03","passed","2026-07-03","Verify ad blocks within the desktop viewport range (>1412px) for different user roles","advertisement.test.js","",""
"","11819","Check video block & footer banner for unauthorized user - PoE in desktop at 800x800 viewport size","advertisement-tests","2026-07-03","passed","2026-07-03","Verify video ad block & footer banner within the desktop viewport range (768-1023px) for different user roles","advertisement.test.js","",""
"","2017","Check video block & footer banner for plus user - PoE 2 in desktop at 1100x800 viewport size","advertisement-tests","2026-07-03","passed","2026-07-03","Verify ad blocks within the desktop viewport range (1024-1232px) for different user roles","advertisement.test.js","",""
"","7979","Check ad blocks for plus user - Overwatch in mobile at 360x780 viewport size","advertisement-tests","2026-07-03","passed","2026-07-03","Verify ad blocks within the mobile viewport range (320–575px) for different user roles","advertisement.test.js","",""
"","7306","Check video block & footer banner for plus user - TFT in desktop at 1100x800 viewport size","advertisement-tests","2026-07-03","passed","2026-07-03","Verify ad blocks within the desktop viewport range (1024-1232px) for different user roles","advertisement.test.js","",""
"","11992","Check video block, footer banner, L vertical banner, S vertical banner for unauthorized user - PoE 2 in desktop at 1680x1050 viewport size","advertisement-tests","2026-07-03","passed","2026-07-03","Verify ad blocks within the desktop viewport range (>1412px) for different user roles","advertisement.test.js","",""
"","11160","Check video block, footer banner, L vertical banner, S vertical banner for unauthorized user - Overwatch in desktop at 1680x1050 viewport size","advertisement-tests","2026-07-03","passed","2026-07-03","Verify ad blocks within the desktop viewport range (>1412px) for different user roles","advertisement.test.js","",""
"","4310","Check video block, footer banner, L vertical banner for plus user - ZZZ in desktop at 1280x800 viewport size","advertisement-tests","2026-07-03","passed","2026-07-03","Verify ad blocks within the desktop viewport range (1233-1411px) for different user roles","advertisement.test.js","",""
"","8841","Check ad blocks for plus user - PoE 2 in mobile at 360x780 viewport size","advertisement-tests","2026-07-03","passed","2026-07-03","Verify ad blocks within the mobile viewport range (320–575px) for different user roles","advertisement.test.js","",""
"","9785","Check video block & footer banner for unauthorized user - Overwatch in mobile at 360x780 viewport size","advertisement-tests","2026-07-03","passed","2026-07-03","Verify ad blocks within the mobile viewport range (320–575px) for different user roles","advertisement.test.js","",""
"","8210","Check advertisement blocks for ad free user - Monster Hunter Wilds in desktop at 800x800 viewport size","advertisement-tests","2026-07-03","passed","2026-07-03","Verify video ad block & footer banner within the desktop viewport range (768-1023px) for different user roles","advertisement.test.js","",""
"","17426","Check ad blocks for regular user - Endfield in mobile at 360x780 viewport size","advertisement-tests","2026-07-03","passed","2026-07-03","Verify ad blocks within the mobile viewport range (320–575px) for different user roles","advertisement.test.js","",""
"","11724","Check video block & footer banner for unauthorized user - The Bazaar in desktop at 1100x800 viewport size","advertisement-tests","2026-07-03","passed","2026-07-03","Verify ad blocks within the desktop viewport range (1024-1232px) for different user roles","advertisement.test.js","",""
"","2","Check ad blocks for plus user - Val in mobile at 360x780 viewport size","advertisement-tests","2026-07-03","skipped","2026-07-03","Verify ad blocks within the mobile viewport range (320–575px) for different user roles","advertisement.test.js","",""
"","4387","Check video block, footer banner, L vertical banner for unauthorized user - 2XKO in desktop at 1280x800 viewport size","advertisement-tests","2026-07-03","passed","2026-07-03","Verify ad blocks within the desktop viewport range (1233-1411px) for different user roles","advertisement.test.js","",""
"","9788","Check video block, footer banner, L vertical banner for plus user - LoL in desktop at 1280x800 viewport size","advertisement-tests","2026-07-03","passed","2026-07-03","Verify ad blocks within the desktop viewport range (1233-1411px) for different user roles","advertisement.test.js","",""
"","6741","Check ad blocks for ad free user - PoE 2 in mobile at 360x780 viewport size","advertisement-tests","2026-07-03","passed","2026-07-03","Verify ad blocks within the mobile viewport range (320–575px) for different user roles","advertisement.test.js","",""
"","7863","Check video block, footer banner, L vertical banner, S vertical banner for unauthorized user - TFT in desktop at 1680x1050 viewport size","advertisement-tests","2026-07-03","passed","2026-07-03","Verify ad blocks within the desktop viewport range (>1412px) for different user roles","advertisement.test.js","",""
"","10288","Check video block & footer banner for unauthorized user - Marathon in mobile at 360x780 viewport size","advertisement-tests","2026-07-03","passed","2026-07-03","Verify ad blocks within the mobile viewport range (320–575px) for different user roles","advertisement.test.js","",""
"","7993","Check ad blocks for plus user - Deadlock in mobile at 360x780 viewport size","advertisement-tests","2026-07-03","passed","2026-07-03","Verify ad blocks within the mobile viewport range (320–575px) for different user roles","advertisement.test.js","",""
"","9622","Check advertisement blocks for plus user - Monster Hunter Wilds in desktop at 800x800 viewport size","advertisement-tests","2026-07-03","passed","2026-07-03","Verify video ad block & footer banner within the desktop viewport range (768-1023px) for different user roles","advertisement.test.js","",""
"","9851","Check video block & footer banner for unauthorized user - ZZZ in desktop at 800x800 viewport size","advertisement-tests","2026-07-03","passed","2026-07-03","Verify video ad block & footer banner within the desktop viewport range (768-1023px) for different user roles","advertisement.test.js","",""
"","11373","Check video block & footer banner for unauthorized user - PoE 2 in mobile at 360x780 viewport size","advertisement-tests","2026-07-03","passed","2026-07-03","Verify ad blocks within the mobile viewport range (320–575px) for different user roles","advertisement.test.js","",""
"","9864","Check advertisement blocks for unauthorized user - Monster Hunter Wilds in desktop at 640x1024 viewport size","advertisement-tests","2026-07-03","passed","2026-07-03","Verify ad blocks within the desktop viewport range (576-767px) for different user roles","advertisement.test.js","",""
"","9396","Check video block, footer banner, L vertical banner, S vertical banner for plus user - Marvel Rivals in desktop at 1680x1050 viewport size","advertisement-tests","2026-07-03","passed","2026-07-03","Verify ad blocks within the desktop viewport range (>1412px) for different user roles","advertisement.test.js","",""
"","5639","Check video block & footer banner for plus user - Monster Hunter Wilds in desktop at 1100x800 viewport size","advertisement-tests","2026-07-03","passed","2026-07-03","Verify ad blocks within the desktop viewport range (1024-1232px) for different user roles","advertisement.test.js","",""
"","6782","Check video block, footer banner, L vertical banner, S vertical banner for unauthorized user - 2XKO in desktop at 1680x1050 viewport size","advertisement-tests","2026-07-03","passed","2026-07-03","Verify ad blocks within the desktop viewport range (>1412px) for different user roles","advertisement.test.js","",""
"","7454","Check ad blocks for ad free user - Hades 2 in mobile at 360x780 viewport size","advertisement-tests","2026-07-03","passed","2026-07-03","Verify ad blocks within the mobile viewport range (320–575px) for different user roles","advertisement.test.js","",""
"","5585","Check video block, footer banner, L vertical banner for unauthorized user - Monster Hunter Wilds in desktop at 1280x800 viewport size","advertisement-tests","2026-07-03","passed","2026-07-03","Verify ad blocks within the desktop viewport range (1233-1411px) for different user roles","advertisement.test.js","",""
"","28396","Check video block, footer banner, L vertical banner, S vertical banner for regular user - PoE in desktop at 1680x1050 viewport size","advertisement-tests","2026-07-03","passed","2026-07-03","Verify ad blocks within the desktop viewport range (>1412px) for different user roles","advertisement.test.js","",""
"","8380","Check advertisement blocks for unauthorized user - Riftbound in desktop at 640x1024 viewport size","advertisement-tests","2026-07-03","passed","2026-07-03","Verify ad blocks within the desktop viewport range (576-767px) for different user roles","advertisement.test.js","",""
"","16749","Check ad blocks for regular user - Hades 2 in mobile at 360x780 viewport size","advertisement-tests","2026-07-03","passed","2026-07-03","Verify ad blocks within the mobile viewport range (320–575px) for different user roles","advertisement.test.js","",""
"","14962","Check ad blocks for ad free user - LoL in mobile at 360x780 viewport size","advertisement-tests","2026-07-03","passed","2026-07-03","Verify ad blocks within the mobile viewport range (320–575px) for different user roles","advertisement.test.js","",""
"","24483","Check video block, footer banner, L vertical banner for plus user - Endfield in desktop at 1280x800 viewport size","advertisement-tests","2026-07-03","failed","2026-07-03","Verify ad blocks within the desktop viewport range (1233-1411px) for different user roles","advertisement.test.js","",""
"","12100","Check advertisement blocks for ad free user - LoL in desktop at 800x800 viewport size","advertisement-tests","2026-07-03","passed","2026-07-03","Verify video ad block & footer banner within the desktop viewport range (768-1023px) for different user roles","advertisement.test.js","",""
"","11478","Check video block & footer banner for plus user - 2XKO in desktop at 1100x800 viewport size","advertisement-tests","2026-07-03","passed","2026-07-03","Verify ad blocks within the desktop viewport range (1024-1232px) for different user roles","advertisement.test.js","",""
"","11361","Check video block & footer banner for unauthorized user - Marathon in desktop at 1100x800 viewport size","advertisement-tests","2026-07-03","passed","2026-07-03","Verify ad blocks within the desktop viewport range (1024-1232px) for different user roles","advertisement.test.js","",""
"","8442","Check advertisement blocks for ad free user - PoE 2 in desktop at 640x1024 viewport size","advertisement-tests","2026-07-03","passed","2026-07-03","Verify ad blocks within the desktop viewport range (576-767px) for different user roles","advertisement.test.js","",""
"","9449","Check video block & footer banner for unauthorized user - Marvel Rivals in desktop at 800x800 viewport size","advertisement-tests","2026-07-03","passed","2026-07-03","Verify video ad block & footer banner within the desktop viewport range (768-1023px) for different user roles","advertisement.test.js","",""
"","14872","Check advertisement blocks for ad free user - TFT in desktop at 800x800 viewport size","advertisement-tests","2026-07-03","passed","2026-07-03","Verify video ad block & footer banner within the desktop viewport range (768-1023px) for different user roles","advertisement.test.js","",""
"","5663","Check advertisement blocks for ad free user - 2XKO in desktop at 640x1024 viewport size","advertisement-tests","2026-07-03","passed","2026-07-03","Verify ad blocks within the desktop viewport range (576-767px) for different user roles","advertisement.test.js","",""
"","13214","Check advertisement blocks for regular user - LoL in desktop at 640x1024 viewport size","advertisement-tests","2026-07-03","passed","2026-07-03","Verify ad blocks within the desktop viewport range (576-767px) for different user roles","advertisement.test.js","",""
"","13556","Check video block & footer banner for regular user - The Bazaar in desktop at 1100x800 viewport size","advertisement-tests","2026-07-03","passed","2026-07-03","Verify ad blocks within the desktop viewport range (1024-1232px) for different user roles","advertisement.test.js","",""
"","6415","Check advertisement blocks for plus user - STS 2 in desktop at 800x800 viewport size","advertisement-tests","2026-07-03","passed","2026-07-03","Verify video ad block & footer banner within the desktop viewport range (768-1023px) for different user roles","advertisement.test.js","",""
"","18685","Check video block, footer banner, L vertical banner, S vertical banner for regular user - Endfield in desktop at 1680x1050 viewport size","advertisement-tests","2026-07-03","passed","2026-07-03","Verify ad blocks within the desktop viewport range (>1412px) for different user roles","advertisement.test.js","",""
"","10144","Check advertisement blocks for ad free user - Marathon in desktop at 800x800 viewport size","advertisement-tests","2026-07-03","passed","2026-07-03","Verify video ad block & footer banner within the desktop viewport range (768-1023px) for different user roles","advertisement.test.js","",""
"","16692","Check video block, footer banner, L vertical banner for regular user - 2XKO in desktop at 1280x800 viewport size","advertisement-tests","2026-07-03","passed","2026-07-03","Verify ad blocks within the desktop viewport range (1233-1411px) for different user roles","advertisement.test.js","",""
"","12032","Check advertisement blocks for regular user - TFT in desktop at 640x1024 viewport size","advertisement-tests","2026-07-03","passed","2026-07-03","Verify ad blocks within the desktop viewport range (576-767px) for different user roles","advertisement.test.js","",""
"","12322","Check video block & footer banner for unauthorized user - Diablo 4 in mobile at 360x780 viewport size","advertisement-tests","2026-07-03","passed","2026-07-03","Verify ad blocks within the mobile viewport range (320–575px) for different user roles","advertisement.test.js","",""
"","7814","Check ad blocks for ad free user - ZZZ in mobile at 360x780 viewport size","advertisement-tests","2026-07-03","passed","2026-07-03","Verify ad blocks within the mobile viewport range (320–575px) for different user roles","advertisement.test.js","",""
"","8669","Check advertisement blocks for ad free user - ZZZ in desktop at 640x1024 viewport size","advertisement-tests","2026-07-03","passed","2026-07-03","Verify ad blocks within the desktop viewport range (576-767px) for different user roles","advertisement.test.js","",""
"","12437","Check ad blocks for regular user - Diablo 4 in mobile at 360x780 viewport size","advertisement-tests","2026-07-03","passed","2026-07-03","Verify ad blocks within the mobile viewport range (320–575px) for different user roles","advertisement.test.js","",""
"","16215","Check video block, footer banner, L vertical banner for regular user - The Bazaar in desktop at 1280x800 viewport size","advertisement-tests","2026-07-03","passed","2026-07-03","Verify ad blocks within the desktop viewport range (1233-1411px) for different user roles","advertisement.test.js","",""
"","9259","Check advertisement blocks for plus user - PoE 2 in desktop at 800x800 viewport size","advertisement-tests","2026-07-03","passed","2026-07-03","Verify video ad block & footer banner within the desktop viewport range (768-1023px) for different user roles","advertisement.test.js","",""
"","11168","Check advertisement blocks for unauthorized user - TFT in desktop at 640x1024 viewport size","advertisement-tests","2026-07-03","passed","2026-07-03","Verify ad blocks within the desktop viewport range (576-767px) for different user roles","advertisement.test.js","",""
"","2820","Check video block, footer banner, L vertical banner for plus user - Marvel Rivals in desktop at 1280x800 viewport size","advertisement-tests","2026-07-03","passed","2026-07-03","Verify ad blocks within the desktop viewport range (1233-1411px) for different user roles","advertisement.test.js","",""
"","8491","Check advertisement blocks for unauthorized user - 2XKO in desktop at 640x1024 viewport size","advertisement-tests","2026-07-03","passed","2026-07-03","Verify ad blocks within the desktop viewport range (576-767px) for different user roles","advertisement.test.js","",""
"","17767","Check video block & footer banner for regular user - Diablo 4 in desktop at 1100x800 viewport size","advertisement-tests","2026-07-03","passed","2026-07-03","Verify ad blocks within the desktop viewport range (1024-1232px) for different user roles","advertisement.test.js","",""
"","11576","Check advertisement blocks for regular user - Diablo 4 in desktop at 640x1024 viewport size","advertisement-tests","2026-07-03","passed","2026-07-03","Verify ad blocks within the desktop viewport range (576-767px) for different user roles","advertisement.test.js","",""
"","21240","Check video block, footer banner, L vertical banner, S vertical banner for ad free user - Diablo 4 in desktop at 1680x1050 viewport size","advertisement-tests","2026-07-03","passed","2026-07-03","Verify ad blocks within the desktop viewport range (>1412px) for different user roles","advertisement.test.js","",""
"","9092","Check advertisement blocks for plus user - PoE in desktop at 800x800 viewport size","advertisement-tests","2026-07-03","passed","2026-07-03","Verify video ad block & footer banner within the desktop viewport range (768-1023px) for different user roles","advertisement.test.js","",""
"","16269","Check ad blocks for regular user - STS 2 in mobile at 360x780 viewport size","advertisement-tests","2026-07-03","passed","2026-07-03","Verify ad blocks within the mobile viewport range (320–575px) for different user roles","advertisement.test.js","",""
"","15783","Check video block, footer banner, L vertical banner, S vertical banner for ad free user - Marvel Rivals in desktop at 1680x1050 viewport size","advertisement-tests","2026-07-03","passed","2026-07-03","Verify ad blocks within the desktop viewport range (>1412px) for different user roles","advertisement.test.js","",""
"","8746","Check video block, footer banner, L vertical banner for unauthorized user - PoE 2 in desktop at 1280x800 viewport size","advertisement-tests","2026-07-03","passed","2026-07-03","Verify ad blocks within the desktop viewport range (1233-1411px) for different user roles","advertisement.test.js","",""
"","10485","Check video block, footer banner, L vertical banner for regular user - Deadlock in desktop at 1280x800 viewport size","advertisement-tests","2026-07-03","passed","2026-07-03","Verify ad blocks within the desktop viewport range (1233-1411px) for different user roles","advertisement.test.js","",""
"","12743","Check video block & footer banner for unauthorized user - Diablo 4 in desktop at 1100x800 viewport size","advertisement-tests","2026-07-03","passed","2026-07-03","Verify ad blocks within the desktop viewport range (1024-1232px) for different user roles","advertisement.test.js","",""
"","12366","Check video block & footer banner for unauthorized user - PoE in desktop at 1100x800 viewport size","advertisement-tests","2026-07-03","passed","2026-07-03","Verify ad blocks within the desktop viewport range (1024-1232px) for different user roles","advertisement.test.js","",""
"","12567","Check video block & footer banner for ad free user - ZZZ in desktop at 1100x800 viewport size","advertisement-tests","2026-07-03","passed","2026-07-03","Verify ad blocks within the desktop viewport range (1024-1232px) for different user roles","advertisement.test.js","",""
"","13142","Check video block & footer banner for regular user - Overwatch in desktop at 1100x800 viewport size","advertisement-tests","2026-07-03","passed","2026-07-03","Verify ad blocks within the desktop viewport range (1024-1232px) for different user roles","advertisement.test.js","",""
"","8102","Check video block & footer banner for ad free user - Overwatch in desktop at 1100x800 viewport size","advertisement-tests","2026-07-03","passed","2026-07-03","Verify ad blocks within the desktop viewport range (1024-1232px) for different user roles","advertisement.test.js","",""
"","10134","Check advertisement blocks for ad free user - 2XKO in desktop at 800x800 viewport size","advertisement-tests","2026-07-03","passed","2026-07-03","Verify video ad block & footer banner within the desktop viewport range (768-1023px) for different user roles","advertisement.test.js","",""
"","3310","Check video block, footer banner, L vertical banner for ad free user - The Bazaar in desktop at 1280x800 viewport size","advertisement-tests","2026-07-03","passed","2026-07-03","Verify ad blocks within the desktop viewport range (1233-1411px) for different user roles","advertisement.test.js","",""
"","10581","Check video block & footer banner for unauthorized user - Monster Hunter Wilds in desktop at 800x800 viewport size","advertisement-tests","2026-07-03","passed","2026-07-03","Verify video ad block & footer banner within the desktop viewport range (768-1023px) for different user roles","advertisement.test.js","",""
"","13898","Check ad blocks for regular user - PoE in mobile at 360x780 viewport size","advertisement-tests","2026-07-03","passed","2026-07-03","Verify ad blocks within the mobile viewport range (320–575px) for different user roles","advertisement.test.js","",""
"","14596","Check video block, footer banner, L vertical banner for regular user - PoE in desktop at 1280x800 viewport size","advertisement-tests","2026-07-03","passed","2026-07-03","Verify ad blocks within the desktop viewport range (1233-1411px) for different user roles","advertisement.test.js","",""
"","9679","Check video block, footer banner, L vertical banner, S vertical banner for unauthorized user - STS 2 in desktop at 1680x1050 viewport size","advertisement-tests","2026-07-03","passed","2026-07-03","Verify ad blocks within the desktop viewport range (>1412px) for different user roles","advertisement.test.js","",""
"","10804","Check video block & footer banner for unauthorized user - Diablo 4 in desktop at 800x800 viewport size","advertisement-tests","2026-07-03","passed","2026-07-03","Verify video ad block & footer banner within the desktop viewport range (768-1023px) for different user roles","advertisement.test.js","",""
"","13811","Check video block, footer banner, L vertical banner, S vertical banner for regular user - ZZZ in desktop at 1680x1050 viewport size","advertisement-tests","2026-07-03","passed","2026-07-03","Verify ad blocks within the desktop viewport range (>1412px) for different user roles","advertisement.test.js","",""
"","7559","Check video block & footer banner for ad free user - Borderlands 4 in desktop at 1100x800 viewport size","advertisement-tests","2026-07-03","passed","2026-07-03","Verify ad blocks within the desktop viewport range (1024-1232px) for different user roles","advertisement.test.js","",""
"","10654","Check video block & footer banner for unauthorized user - Nightreign in mobile at 360x780 viewport size","advertisement-tests","2026-07-03","passed","2026-07-03","Verify ad blocks within the mobile viewport range (320–575px) for different user roles","advertisement.test.js","",""
"","10734","Check video block & footer banner for regular user - Val in desktop at 800x800 viewport size","advertisement-tests","2026-07-03","passed","2026-07-03","Verify video ad block & footer banner within the desktop viewport range (768-1023px) for different user roles","advertisement.test.js","",""
"","5011","Check advertisement blocks for plus user - Nightreign in desktop at 640x1024 viewport size","advertisement-tests","2026-07-03","passed","2026-07-03","Verify ad blocks within the desktop viewport range (576-767px) for different user roles","advertisement.test.js","",""
"","11642","Check video block & footer banner for regular user - Nightreign in desktop at 1100x800 viewport size","advertisement-tests","2026-07-03","passed","2026-07-03","Verify ad blocks within the desktop viewport range (1024-1232px) for different user roles","advertisement.test.js","",""
"","6616","Check ad blocks for ad free user - The Bazaar in mobile at 360x780 viewport size","advertisement-tests","2026-07-03","passed","2026-07-03","Verify ad blocks within the mobile viewport range (320–575px) for different user roles","advertisement.test.js","",""
"","11545","Check video block & footer banner for regular user - Hades 2 in desktop at 800x800 viewport size","advertisement-tests","2026-07-03","passed","2026-07-03","Verify video ad block & footer banner within the desktop viewport range (768-1023px) for different user roles","advertisement.test.js","",""
"","9513","Check advertisement blocks for ad free user - ZZZ in desktop at 800x800 viewport size","advertisement-tests","2026-07-03","passed","2026-07-03","Verify video ad block & footer banner within the desktop viewport range (768-1023px) for different user roles","advertisement.test.js","",""
"","6492","Check video block, footer banner, L vertical banner for unauthorized user - TFT in desktop at 1280x800 viewport size","advertisement-tests","2026-07-03","passed","2026-07-03","Verify ad blocks within the desktop viewport range (1233-1411px) for different user roles","advertisement.test.js","",""
"","14266","Check video block & footer banner for ad free user - TFT in desktop at 1100x800 viewport size","advertisement-tests","2026-07-03","passed","2026-07-03","Verify ad blocks within the desktop viewport range (1024-1232px) for different user roles","advertisement.test.js","",""
"","2117","Check video block & footer banner for plus user - Endfield in desktop at 1100x800 viewport size","advertisement-tests","2026-07-03","passed","2026-07-03","Verify ad blocks within the desktop viewport range (1024-1232px) for different user roles","advertisement.test.js","",""
"","12984","Check video block & footer banner for unauthorized user - TFT in desktop at 1100x800 viewport size","advertisement-tests","2026-07-03","passed","2026-07-03","Verify ad blocks within the desktop viewport range (1024-1232px) for different user roles","advertisement.test.js","",""
"","12278","Check video block & footer banner for regular user - Endfield in desktop at 800x800 viewport size","advertisement-tests","2026-07-03","passed","2026-07-03","Verify video ad block & footer banner within the desktop viewport range (768-1023px) for different user roles","advertisement.test.js","",""
"","19484","Check video block, footer banner, L vertical banner, S vertical banner for regular user - Overwatch in desktop at 1680x1050 viewport size","advertisement-tests","2026-07-03","passed","2026-07-03","Verify ad blocks within the desktop viewport range (>1412px) for different user roles","advertisement.test.js","",""
"","26046","Check video block, footer banner, L vertical banner for ad free user - Deadlock in desktop at 1280x800 viewport size","advertisement-tests","2026-07-03","failed","2026-07-03","Verify ad blocks within the desktop viewport range (1233-1411px) for different user roles","advertisement.test.js","",""
"","12284","Check video block, footer banner, L vertical banner for unauthorized user - Diablo 4 in desktop at 1280x800 viewport size","advertisement-tests","2026-07-03","passed","2026-07-03","Verify ad blocks within the desktop viewport range (1233-1411px) for different user roles","advertisement.test.js","",""
"","17314","Check video block, footer banner, L vertical banner, S vertical banner for regular user - Deadlock in desktop at 1680x1050 viewport size","advertisement-tests","2026-07-03","passed","2026-07-03","Verify ad blocks within the desktop viewport range (>1412px) for different user roles","advertisement.test.js","",""
"","6","Check ad blocks for ad free user - Val in mobile at 360x780 viewport size","advertisement-tests","2026-07-03","skipped","2026-07-03","Verify ad blocks within the mobile viewport range (320–575px) for different user roles","advertisement.test.js","",""
"","12663","Check video block, footer banner, L vertical banner, S vertical banner for plus user - Riftbound in desktop at 1680x1050 viewport size","advertisement-tests","2026-07-03","passed","2026-07-03","Verify ad blocks within the desktop viewport range (>1412px) for different user roles","advertisement.test.js","",""
"","10387","Check video block, footer banner, L vertical banner for unauthorized user - STS 2 in desktop at 1280x800 viewport size","advertisement-tests","2026-07-03","passed","2026-07-03","Verify ad blocks within the desktop viewport range (1233-1411px) for different user roles","advertisement.test.js","",""
"","8000","Check ad blocks for plus user - Marvel Rivals in mobile at 360x780 viewport size","advertisement-tests","2026-07-03","passed","2026-07-03","Verify ad blocks within the mobile viewport range (320–575px) for different user roles","advertisement.test.js","",""
"","9598","Check ad blocks for ad free user - 2XKO in mobile at 360x780 viewport size","advertisement-tests","2026-07-03","passed","2026-07-03","Verify ad blocks within the mobile viewport range (320–575px) for different user roles","advertisement.test.js","",""
"","10174","Check video block, footer banner, L vertical banner for plus user - Val in desktop at 1280x800 viewport size","advertisement-tests","2026-07-03","passed","2026-07-03","Verify ad blocks within the desktop viewport range (1233-1411px) for different user roles","advertisement.test.js","",""
"","11933","Check advertisement blocks for ad free user - TFT in desktop at 640x1024 viewport size","advertisement-tests","2026-07-03","passed","2026-07-03","Verify ad blocks within the desktop viewport range (576-767px) for different user roles","advertisement.test.js","",""
"","11895","Check video block & footer banner for regular user - 2XKO in desktop at 800x800 viewport size","advertisement-tests","2026-07-03","passed","2026-07-03","Verify video ad block & footer banner within the desktop viewport range (768-1023px) for different user roles","advertisement.test.js","",""
"","6793","Check video block, footer banner, L vertical banner, S vertical banner for unauthorized user - Marvel Rivals in desktop at 1680x1050 viewport size","advertisement-tests","2026-07-03","passed","2026-07-03","Verify ad blocks within the desktop viewport range (>1412px) for different user roles","advertisement.test.js","",""
"","7179","Check advertisement blocks for plus user - Borderlands 4 in desktop at 800x800 viewport size","advertisement-tests","2026-07-03","passed","2026-07-03","Verify video ad block & footer banner within the desktop viewport range (768-1023px) for different user roles","advertisement.test.js","",""
"","6688","Check advertisement blocks for ad free user - The Bazaar in desktop at 800x800 viewport size","advertisement-tests","2026-07-03","passed","2026-07-03","Verify video ad block & footer banner within the desktop viewport range (768-1023px) for different user roles","advertisement.test.js","",""
"","9388","Check video block & footer banner for unauthorized user - Hades 2 in desktop at 800x800 viewport size","advertisement-tests","2026-07-03","passed","2026-07-03","Verify video ad block & footer banner within the desktop viewport range (768-1023px) for different user roles","advertisement.test.js","",""
"","12863","Check video block, footer banner, L vertical banner, S vertical banner for regular user - Nightreign in desktop at 1680x1050 viewport size","advertisement-tests","2026-07-03","passed","2026-07-03","Verify ad blocks within the desktop viewport range (>1412px) for different user roles","advertisement.test.js","",""
"","8102","Check advertisement blocks for plus user - PoE 2 in desktop at 640x1024 viewport size","advertisement-tests","2026-07-03","passed","2026-07-03","Verify ad blocks within the desktop viewport range (576-767px) for different user roles","advertisement.test.js","",""
"","7330","Check advertisement blocks for ad free user - Nightreign in desktop at 800x800 viewport size","advertisement-tests","2026-07-03","passed","2026-07-03","Verify video ad block & footer banner within the desktop viewport range (768-1023px) for different user roles","advertisement.test.js","",""
"","8300","Check ad blocks for plus user - TFT in mobile at 360x780 viewport size","advertisement-tests","2026-07-03","passed","2026-07-03","Verify ad blocks within the mobile viewport range (320–575px) for different user roles","advertisement.test.js","",""
"","14028","Check video block, footer banner, L vertical banner for ad free user - TFT in desktop at 1280x800 viewport size","advertisement-tests","2026-07-03","passed","2026-07-03","Verify ad blocks within the desktop viewport range (1233-1411px) for different user roles","advertisement.test.js","",""
"","13068","Check video block, footer banner, L vertical banner, S vertical banner for unauthorized user - Diablo 4 in desktop at 1680x1050 viewport size","advertisement-tests","2026-07-03","passed","2026-07-03","Verify ad blocks within the desktop viewport range (>1412px) for different user roles","advertisement.test.js","",""
"","3422","Check advertisement blocks for plus user - Val in desktop at 640x1024 viewport size","advertisement-tests","2026-07-03","passed","2026-07-03","Verify ad blocks within the desktop viewport range (576-767px) for different user roles","advertisement.test.js","",""
"","7947","Check advertisement blocks for ad free user - Hades 2 in desktop at 800x800 viewport size","advertisement-tests","2026-07-03","passed","2026-07-03","Verify video ad block & footer banner within the desktop viewport range (768-1023px) for different user roles","advertisement.test.js","",""
"","8329","Check ad blocks for plus user - Marathon in mobile at 360x780 viewport size","advertisement-tests","2026-07-03","passed","2026-07-03","Verify ad blocks within the mobile viewport range (320–575px) for different user roles","advertisement.test.js","",""
"","16959","Check video block, footer banner, L vertical banner for regular user - ZZZ in desktop at 1280x800 viewport size","advertisement-tests","2026-07-03","passed","2026-07-03","Verify ad blocks within the desktop viewport range (1233-1411px) for different user roles","advertisement.test.js","",""
"","19504","Check video block, footer banner, L vertical banner for regular user - TFT in desktop at 1280x800 viewport size","advertisement-tests","2026-07-03","passed","2026-07-03","Verify ad blocks within the desktop viewport range (1233-1411px) for different user roles","advertisement.test.js","",""
"","6551","Check advertisement blocks for ad free user - Endfield in desktop at 800x800 viewport size","advertisement-tests","2026-07-03","passed","2026-07-03","Verify video ad block & footer banner within the desktop viewport range (768-1023px) for different user roles","advertisement.test.js","",""
"","13707","Check video block & footer banner for regular user - PoE in desktop at 800x800 viewport size","advertisement-tests","2026-07-03","passed","2026-07-03","Verify video ad block & footer banner within the desktop viewport range (768-1023px) for different user roles","advertisement.test.js","",""
"","18561","Check video block, footer banner, L vertical banner, S vertical banner for ad free user - ZZZ in desktop at 1680x1050 viewport size","advertisement-tests","2026-07-03","passed","2026-07-03","Verify ad blocks within the desktop viewport range (>1412px) for different user roles","advertisement.test.js","",""
"","1535","Check video block & footer banner for plus user - The Bazaar in desktop at 1100x800 viewport size","advertisement-tests","2026-07-03","passed","2026-07-03","Verify ad blocks within the desktop viewport range (1024-1232px) for different user roles","advertisement.test.js","",""
"","9200","Check video block, footer banner, L vertical banner for unauthorized user - PoE in desktop at 1280x800 viewport size","advertisement-tests","2026-07-03","passed","2026-07-03","Verify ad blocks within the desktop viewport range (1233-1411px) for different user roles","advertisement.test.js","",""
"","11270","Check video block, footer banner, L vertical banner, S vertical banner for regular user - Riftbound in desktop at 1680x1050 viewport size","advertisement-tests","2026-07-03","passed","2026-07-03","Verify ad blocks within the desktop viewport range (>1412px) for different user roles","advertisement.test.js","",""
"","7209","Check video block & footer banner for ad free user - Val in desktop at 1100x800 viewport size","advertisement-tests","2026-07-03","passed","2026-07-03","Verify ad blocks within the desktop viewport range (1024-1232px) for different user roles","advertisement.test.js","",""
"","11606","Check video block, footer banner, L vertical banner, S vertical banner for plus user - Borderlands 4 in desktop at 1680x1050 viewport size","advertisement-tests","2026-07-03","passed","2026-07-03","Verify ad blocks within the desktop viewport range (>1412px) for different user roles","advertisement.test.js","",""
"","12726","Check video block, footer banner, L vertical banner, S vertical banner for regular user - 2XKO in desktop at 1680x1050 viewport size","advertisement-tests","2026-07-03","passed","2026-07-03","Verify ad blocks within the desktop viewport range (>1412px) for different user roles","advertisement.test.js","",""
"","12108","Check video block, footer banner, L vertical banner, S vertical banner for plus user - PoE 2 in desktop at 1680x1050 viewport size","advertisement-tests","2026-07-03","passed","2026-07-03","Verify ad blocks within the desktop viewport range (>1412px) for different user roles","advertisement.test.js","",""
"","8346","Check advertisement blocks for plus user - PoE in desktop at 640x1024 viewport size","advertisement-tests","2026-07-03","passed","2026-07-03","Verify ad blocks within the desktop viewport range (576-767px) for different user roles","advertisement.test.js","",""
"","10245","Check video block & footer banner for plus user - Nightreign in desktop at 1100x800 viewport size","advertisement-tests","2026-07-03","passed","2026-07-03","Verify ad blocks within the desktop viewport range (1024-1232px) for different user roles","advertisement.test.js","",""
"","10559","Check video block & footer banner for unauthorized user - The Bazaar in desktop at 800x800 viewport size","advertisement-tests","2026-07-03","passed","2026-07-03","Verify video ad block & footer banner within the desktop viewport range (768-1023px) for different user roles","advertisement.test.js","",""
"","12184","Check video block, footer banner, L vertical banner, S vertical banner for plus user - Endfield in desktop at 1680x1050 viewport size","advertisement-tests","2026-07-03","passed","2026-07-03","Verify ad blocks within the desktop viewport range (>1412px) for different user roles","advertisement.test.js","",""
"","15997","Check ad blocks for regular user - Riftbound in mobile at 360x780 viewport size","advertisement-tests","2026-07-03","passed","2026-07-03","Verify ad blocks within the mobile viewport range (320–575px) for different user roles","advertisement.test.js","",""
"","6822","Check ad blocks for plus user - The Bazaar in mobile at 360x780 viewport size","advertisement-tests","2026-07-03","passed","2026-07-03","Verify ad blocks within the mobile viewport range (320–575px) for different user roles","advertisement.test.js","",""
"","13808","Check video block, footer banner, L vertical banner for regular user - STS 2 in desktop at 1280x800 viewport size","advertisement-tests","2026-07-03","passed","2026-07-03","Verify ad blocks within the desktop viewport range (1233-1411px) for different user roles","advertisement.test.js","",""
"","10325","Check video block & footer banner for regular user - LoL in desktop at 800x800 viewport size","advertisement-tests","2026-07-03","passed","2026-07-03","Verify video ad block & footer banner within the desktop viewport range (768-1023px) for different user roles","advertisement.test.js","",""
"","15792","Check video block, footer banner, L vertical banner, S vertical banner for ad free user - PoE 2 in desktop at 1680x1050 viewport size","advertisement-tests","2026-07-03","passed","2026-07-03","Verify ad blocks within the desktop viewport range (>1412px) for different user roles","advertisement.test.js","",""
"","23172","Check video block, footer banner, L vertical banner for plus user - STS 2 in desktop at 1280x800 viewport size","advertisement-tests","2026-07-03","failed","2026-07-03","Verify ad blocks within the desktop viewport range (1233-1411px) for different user roles","advertisement.test.js","",""
"","13189","Check video block & footer banner for ad free user - Diablo 4 in desktop at 1100x800 viewport size","advertisement-tests","2026-07-03","passed","2026-07-03","Verify ad blocks within the desktop viewport range (1024-1232px) for different user roles","advertisement.test.js","",""
"","12914","Check video block & footer banner for unauthorized user - Overwatch in desktop at 800x800 viewport size","advertisement-tests","2026-07-03","passed","2026-07-03","Verify video ad block & footer banner within the desktop viewport range (768-1023px) for different user roles","advertisement.test.js","",""
"","15167","Check video block, footer banner, L vertical banner, S vertical banner for regular user - Diablo 4 in desktop at 1680x1050 viewport size","advertisement-tests","2026-07-03","passed","2026-07-03","Verify ad blocks within the desktop viewport range (>1412px) for different user roles","advertisement.test.js","",""
"","5985","Check ad blocks for plus user - Nightreign in mobile at 360x780 viewport size","advertisement-tests","2026-07-03","passed","2026-07-03","Verify ad blocks within the mobile viewport range (320–575px) for different user roles","advertisement.test.js","",""
"","4824","Check video block, footer banner, L vertical banner for ad free user - Marathon in desktop at 1280x800 viewport size","advertisement-tests","2026-07-03","passed","2026-07-03","Verify ad blocks within the desktop viewport range (1233-1411px) for different user roles","advertisement.test.js","",""
"","27584","Check video block, footer banner, L vertical banner for ad free user - Riftbound in desktop at 1280x800 viewport size","advertisement-tests","2026-07-03","failed","2026-07-03","Verify ad blocks within the desktop viewport range (1233-1411px) for different user roles","advertisement.test.js","",""
"","9450","Check video block, footer banner, L vertical banner for ad free user - Val in desktop at 1280x800 viewport size","advertisement-tests","2026-07-03","passed","2026-07-03","Verify ad blocks within the desktop viewport range (1233-1411px) for different user roles","advertisement.test.js","",""
"","10668","Check video block & footer banner for unauthorized user - ZZZ in desktop at 1100x800 viewport size","advertisement-tests","2026-07-03","passed","2026-07-03","Verify ad blocks within the desktop viewport range (1024-1232px) for different user roles","advertisement.test.js","",""
"","9967","Check video block & footer banner for unauthorized user - Hades 2 in mobile at 360x780 viewport size","advertisement-tests","2026-07-03","passed","2026-07-03","Verify ad blocks within the mobile viewport range (320–575px) for different user roles","advertisement.test.js","",""
"","11413","Check video block & footer banner for ad free user - Riftbound in desktop at 1100x800 viewport size","advertisement-tests","2026-07-03","passed","2026-07-03","Verify ad blocks within the desktop viewport range (1024-1232px) for different user roles","advertisement.test.js","",""
"","9915","Check video block & footer banner for plus user - Riftbound in desktop at 1100x800 viewport size","advertisement-tests","2026-07-03","passed","2026-07-03","Verify ad blocks within the desktop viewport range (1024-1232px) for different user roles","advertisement.test.js","",""
"","10222","Check video block & footer banner for unauthorized user - Deadlock in desktop at 800x800 viewport size","advertisement-tests","2026-07-03","passed","2026-07-03","Verify video ad block & footer banner within the desktop viewport range (768-1023px) for different user roles","advertisement.test.js","",""
"","12101","Check video block, footer banner, L vertical banner for unauthorized user - Overwatch in desktop at 1280x800 viewport size","advertisement-tests","2026-07-03","passed","2026-07-03","Verify ad blocks within the desktop viewport range (1233-1411px) for different user roles","advertisement.test.js","",""
"","7729","Check video block, footer banner, L vertical banner, S vertical banner for unauthorized user - Nightreign in desktop at 1680x1050 viewport size","advertisement-tests","2026-07-03","passed","2026-07-03","Verify ad blocks within the desktop viewport range (>1412px) for different user roles","advertisement.test.js","",""
"","17199","Check ad blocks for regular user - PoE 2 in mobile at 360x780 viewport size","advertisement-tests","2026-07-03","passed","2026-07-03","Verify ad blocks within the mobile viewport range (320–575px) for different user roles","advertisement.test.js","",""
"","9681","Check advertisement blocks for ad free user - Monster Hunter Wilds in desktop at 640x1024 viewport size","advertisement-tests","2026-07-03","passed","2026-07-03","Verify ad blocks within the desktop viewport range (576-767px) for different user roles","advertisement.test.js","",""
"","9734","Check video block & footer banner for unauthorized user - Val in desktop at 1100x800 viewport size","advertisement-tests","2026-07-03","passed","2026-07-03","Verify ad blocks within the desktop viewport range (1024-1232px) for different user roles","advertisement.test.js","",""
"","16766","Check video block, footer banner, L vertical banner, S vertical banner for ad free user - Hades 2 in desktop at 1680x1050 viewport size","advertisement-tests","2026-07-03","passed","2026-07-03","Verify ad blocks within the desktop viewport range (>1412px) for different user roles","advertisement.test.js","",""
"","9870","Check advertisement blocks for unauthorized user - Marathon in desktop at 640x1024 viewport size","advertisement-tests","2026-07-03","passed","2026-07-03","Verify ad blocks within the desktop viewport range (576-767px) for different user roles","advertisement.test.js","",""
"","13652","Check video block & footer banner for regular user - Riftbound in desktop at 1100x800 viewport size","advertisement-tests","2026-07-03","passed","2026-07-03","Verify ad blocks within the desktop viewport range (1024-1232px) for different user roles","advertisement.test.js","",""
"","12817","Check ad blocks for ad free user - TFT in mobile at 360x780 viewport size","advertisement-tests","2026-07-03","passed","2026-07-03","Verify ad blocks within the mobile viewport range (320–575px) for different user roles","advertisement.test.js","",""
"","18154","Check video block, footer banner, L vertical banner, S vertical banner for regular user - PoE 2 in desktop at 1680x1050 viewport size","advertisement-tests","2026-07-03","passed","2026-07-03","Verify ad blocks within the desktop viewport range (>1412px) for different user roles","advertisement.test.js","",""
"","2578","Check video block, footer banner, L vertical banner for ad free user - Nightreign in desktop at 1280x800 viewport size","advertisement-tests","2026-07-03","passed","2026-07-03","Verify ad blocks within the desktop viewport range (1233-1411px) for different user roles","advertisement.test.js","",""
"","8218","Check video block, footer banner, L vertical banner for unauthorized user - Nightreign in desktop at 1280x800 viewport size","advertisement-tests","2026-07-03","passed","2026-07-03","Verify ad blocks within the desktop viewport range (1233-1411px) for different user roles","advertisement.test.js","",""
"","14633","Check video block & footer banner for regular user - Hades 2 in desktop at 1100x800 viewport size","advertisement-tests","2026-07-03","passed","2026-07-03","Verify ad blocks within the desktop viewport range (1024-1232px) for different user roles","advertisement.test.js","",""
"","14533","Check video block, footer banner, L vertical banner, S vertical banner for ad free user - Deadlock in desktop at 1680x1050 viewport size","advertisement-tests","2026-07-03","passed","2026-07-03","Verify ad blocks within the desktop viewport range (>1412px) for different user roles","advertisement.test.js","",""
"","7796","Check video block, footer banner, L vertical banner, S vertical banner for plus user - Val in desktop at 1680x1050 viewport size","advertisement-tests","2026-07-03","passed","2026-07-03","Verify ad blocks within the desktop viewport range (>1412px) for different user roles","advertisement.test.js","",""
"","6244","Check video block, footer banner, L vertical banner, S vertical banner for unauthorized user - Riftbound in desktop at 1680x1050 viewport size","advertisement-tests","2026-07-03","passed","2026-07-03","Verify ad blocks within the desktop viewport range (>1412px) for different user roles","advertisement.test.js","",""
"","8586","Check video block, footer banner, L vertical banner, S vertical banner for unauthorized user - Borderlands 4 in desktop at 1680x1050 viewport size","advertisement-tests","2026-07-03","passed","2026-07-03","Verify ad blocks within the desktop viewport range (>1412px) for different user roles","advertisement.test.js","",""
"","15646","Check ad blocks for regular user - 2XKO in mobile at 360x780 viewport size","advertisement-tests","2026-07-03","passed","2026-07-03","Verify ad blocks within the mobile viewport range (320–575px) for different user roles","advertisement.test.js","",""
"","9597","Check advertisement blocks for plus user - The Bazaar in desktop at 640x1024 viewport size","advertisement-tests","2026-07-03","passed","2026-07-03","Verify ad blocks within the desktop viewport range (576-767px) for different user roles","advertisement.test.js","",""
"","10312","Check video block & footer banner for ad free user - Nightreign in desktop at 1100x800 viewport size","advertisement-tests","2026-07-03","passed","2026-07-03","Verify ad blocks within the desktop viewport range (1024-1232px) for different user roles","advertisement.test.js","",""
"","7673","Check ad blocks for ad free user - PoE in mobile at 360x780 viewport size","advertisement-tests","2026-07-03","passed","2026-07-03","Verify ad blocks within the mobile viewport range (320–575px) for different user roles","advertisement.test.js","",""
"","9447","Check video block, footer banner, L vertical banner, S vertical banner for unauthorized user - Val in desktop at 1680x1050 viewport size","advertisement-tests","2026-07-03","passed","2026-07-03","Verify ad blocks within the desktop viewport range (>1412px) for different user roles","advertisement.test.js","",""
"","7164","Check video block & footer banner for plus user - STS 2 in desktop at 1100x800 viewport size","advertisement-tests","2026-07-03","passed","2026-07-03","Verify ad blocks within the desktop viewport range (1024-1232px) for different user roles","advertisement.test.js","",""
"","12249","Check video block & footer banner for regular user - 2XKO in desktop at 1100x800 viewport size","advertisement-tests","2026-07-03","passed","2026-07-03","Verify ad blocks within the desktop viewport range (1024-1232px) for different user roles","advertisement.test.js","",""
"","7338","Check video block, footer banner, L vertical banner for unauthorized user - Marvel Rivals in desktop at 1280x800 viewport size","advertisement-tests","2026-07-03","passed","2026-07-03","Verify ad blocks within the desktop viewport range (1233-1411px) for different user roles","advertisement.test.js","",""
"","5846","Check video block, footer banner, L vertical banner for ad free user - STS 2 in desktop at 1280x800 viewport size","advertisement-tests","2026-07-03","passed","2026-07-03","Verify ad blocks within the desktop viewport range (1233-1411px) for different user roles","advertisement.test.js","",""
"","10168","Check video block & footer banner for regular user - Val in desktop at 1100x800 viewport size","advertisement-tests","2026-07-03","passed","2026-07-03","Verify ad blocks within the desktop viewport range (1024-1232px) for different user roles","advertisement.test.js","",""
"","7379","Check ad blocks for ad free user - Diablo 4 in mobile at 360x780 viewport size","advertisement-tests","2026-07-03","passed","2026-07-03","Verify ad blocks within the mobile viewport range (320–575px) for different user roles","advertisement.test.js","",""
"","4807","Check video block, footer banner, L vertical banner for ad free user - PoE in desktop at 1280x800 viewport size","advertisement-tests","2026-07-03","passed","2026-07-03","Verify ad blocks within the desktop viewport range (1233-1411px) for different user roles","advertisement.test.js","",""
"","10626","Check video block & footer banner for regular user - Nightreign in desktop at 800x800 viewport size","advertisement-tests","2026-07-03","passed","2026-07-03","Verify video ad block & footer banner within the desktop viewport range (768-1023px) for different user roles","advertisement.test.js","",""
"","12643","Check video block & footer banner for unauthorized user - Endfield in desktop at 1100x800 viewport size","advertisement-tests","2026-07-03","passed","2026-07-03","Verify ad blocks within the desktop viewport range (1024-1232px) for different user roles","advertisement.test.js","",""
"","8873","Check ad blocks for regular user - Nightreign in mobile at 360x780 viewport size","advertisement-tests","2026-07-03","passed","2026-07-03","Verify ad blocks within the mobile viewport range (320–575px) for different user roles","advertisement.test.js","",""
"","3213","Check video block, footer banner, L vertical banner for plus user - Nightreign in desktop at 1280x800 viewport size","advertisement-tests","2026-07-03","passed","2026-07-03","Verify ad blocks within the desktop viewport range (1233-1411px) for different user roles","advertisement.test.js","",""
"","8626","Check advertisement blocks for plus user - ZZZ in desktop at 800x800 viewport size","advertisement-tests","2026-07-03","passed","2026-07-03","Verify video ad block & footer banner within the desktop viewport range (768-1023px) for different user roles","advertisement.test.js","",""
"","9656","Check video block & footer banner for ad free user - PoE in desktop at 1100x800 viewport size","advertisement-tests","2026-07-03","passed","2026-07-03","Verify ad blocks within the desktop viewport range (1024-1232px) for different user roles","advertisement.test.js","",""
"","13333","Check video block & footer banner for regular user - LoL in desktop at 1100x800 viewport size","advertisement-tests","2026-07-03","passed","2026-07-03","Verify ad blocks within the desktop viewport range (1024-1232px) for different user roles","advertisement.test.js","",""
"","6011","Check video block, footer banner, L vertical banner for ad free user - Marvel Rivals in desktop at 1280x800 viewport size","advertisement-tests","2026-07-03","passed","2026-07-03","Verify ad blocks within the desktop viewport range (1233-1411px) for different user roles","advertisement.test.js","",""
"","11503","Check video block, footer banner, L vertical banner for regular user - Endfield in desktop at 1280x800 viewport size","advertisement-tests","2026-07-03","passed","2026-07-03","Verify ad blocks within the desktop viewport range (1233-1411px) for different user roles","advertisement.test.js","",""
"","12384","Check video block & footer banner for unauthorized user - Borderlands 4 in desktop at 1100x800 viewport size","advertisement-tests","2026-07-03","passed","2026-07-03","Verify ad blocks within the desktop viewport range (1024-1232px) for different user roles","advertisement.test.js","",""
"","14173","Check video block & footer banner for regular user - Endfield in desktop at 1100x800 viewport size","advertisement-tests","2026-07-03","passed","2026-07-03","Verify ad blocks within the desktop viewport range (1024-1232px) for different user roles","advertisement.test.js","",""
"","15200","Check video block & footer banner for regular user - Monster Hunter Wilds in desktop at 800x800 viewport size","advertisement-tests","2026-07-03","passed","2026-07-03","Verify video ad block & footer banner within the desktop viewport range (768-1023px) for different user roles","advertisement.test.js","",""
"","9608","Check video block & footer banner for unauthorized user - The Bazaar in mobile at 360x780 viewport size","advertisement-tests","2026-07-03","passed","2026-07-03","Verify ad blocks within the mobile viewport range (320–575px) for different user roles","advertisement.test.js","",""
"","10337","Check video block & footer banner for ad free user - Endfield in desktop at 1100x800 viewport size","advertisement-tests","2026-07-03","passed","2026-07-03","Verify ad blocks within the desktop viewport range (1024-1232px) for different user roles","advertisement.test.js","",""
"","9162","Check advertisement blocks for unauthorized user - Marvel Rivals in desktop at 640x1024 viewport size","advertisement-tests","2026-07-03","passed","2026-07-03","Verify ad blocks within the desktop viewport range (576-767px) for different user roles","advertisement.test.js","",""
"","7907","Check advertisement blocks for plus user - 2XKO in desktop at 640x1024 viewport size","advertisement-tests","2026-07-03","passed","2026-07-03","Verify ad blocks within the desktop viewport range (576-767px) for different user roles","advertisement.test.js","",""
"","8698","Check advertisement blocks for plus user - Hades 2 in desktop at 640x1024 viewport size","advertisement-tests","2026-07-03","passed","2026-07-03","Verify ad blocks within the desktop viewport range (576-767px) for different user roles","advertisement.test.js","",""
"","16295","Check video block, footer banner, L vertical banner, S vertical banner for ad free user - Borderlands 4 in desktop at 1680x1050 viewport size","advertisement-tests","2026-07-03","passed","2026-07-03","Verify ad blocks within the desktop viewport range (>1412px) for different user roles","advertisement.test.js","",""
"","5800","Check video block, footer banner, L vertical banner for plus user - Hades 2 in desktop at 1280x800 viewport size","advertisement-tests","2026-07-03","passed","2026-07-03","Verify ad blocks within the desktop viewport range (1233-1411px) for different user roles","advertisement.test.js","",""
"","9401","Check video block & footer banner for unauthorized user - LoL in desktop at 1100x800 viewport size","advertisement-tests","2026-07-03","passed","2026-07-03","Verify ad blocks within the desktop viewport range (1024-1232px) for different user roles","advertisement.test.js","",""
"","7867","Check video block, footer banner, L vertical banner, S vertical banner for unauthorized user - Hades 2 in desktop at 1680x1050 viewport size","advertisement-tests","2026-07-03","passed","2026-07-03","Verify ad blocks within the desktop viewport range (>1412px) for different user roles","advertisement.test.js","",""
"","7699","Check advertisement blocks for ad free user - The Bazaar in desktop at 640x1024 viewport size","advertisement-tests","2026-07-03","passed","2026-07-03","Verify ad blocks within the desktop viewport range (576-767px) for different user roles","advertisement.test.js","",""
"","14434","Check video block, footer banner, L vertical banner, S vertical banner for ad free user - Marathon in desktop at 1680x1050 viewport size","advertisement-tests","2026-07-03","passed","2026-07-03","Verify ad blocks within the desktop viewport range (>1412px) for different user roles","advertisement.test.js","",""
"","9512","Check video block, footer banner, L vertical banner for unauthorized user - Val in desktop at 1280x800 viewport size","advertisement-tests","2026-07-03","passed","2026-07-03","Verify ad blocks within the desktop viewport range (1233-1411px) for different user roles","advertisement.test.js","",""
"","10383","Check video block, footer banner, L vertical banner for unauthorized user - ZZZ in desktop at 1280x800 viewport size","advertisement-tests","2026-07-03","passed","2026-07-03","Verify ad blocks within the desktop viewport range (1233-1411px) for different user roles","advertisement.test.js","",""
"","9275","Check ad blocks for ad free user - Monster Hunter Wilds in mobile at 360x780 viewport size","advertisement-tests","2026-07-03","passed","2026-07-03","Verify ad blocks within the mobile viewport range (320–575px) for different user roles","advertisement.test.js","",""
"","10060","Check advertisement blocks for plus user - Diablo 4 in desktop at 640x1024 viewport size","advertisement-tests","2026-07-03","passed","2026-07-03","Verify ad blocks within the desktop viewport range (576-767px) for different user roles","advertisement.test.js","",""
"","18837","Check video block, footer banner, L vertical banner for regular user - PoE 2 in desktop at 1280x800 viewport size","advertisement-tests","2026-07-03","passed","2026-07-03","Verify ad blocks within the desktop viewport range (1233-1411px) for different user roles","advertisement.test.js","",""
"","17509","Check video block, footer banner, L vertical banner for regular user - Diablo 4 in desktop at 1280x800 viewport size","advertisement-tests","2026-07-03","passed","2026-07-03","Verify ad blocks within the desktop viewport range (1233-1411px) for different user roles","advertisement.test.js","",""
"","11340","Check advertisement blocks for ad free user - LoL in desktop at 640x1024 viewport size","advertisement-tests","2026-07-03","passed","2026-07-03","Verify ad blocks within the desktop viewport range (576-767px) for different user roles","advertisement.test.js","",""
"","7951","Check ad blocks for ad free user - Marathon in mobile at 360x780 viewport size","advertisement-tests","2026-07-03","passed","2026-07-03","Verify ad blocks within the mobile viewport range (320–575px) for different user roles","advertisement.test.js","",""
"","9573","Check advertisement blocks for ad free user - Marvel Rivals in desktop at 800x800 viewport size","advertisement-tests","2026-07-03","passed","2026-07-03","Verify video ad block & footer banner within the desktop viewport range (768-1023px) for different user roles","advertisement.test.js","",""
"","10598","Check video block & footer banner for unauthorized user - Borderlands 4 in mobile at 360x780 viewport size","advertisement-tests","2026-07-03","passed","2026-07-03","Verify ad blocks within the mobile viewport range (320–575px) for different user roles","advertisement.test.js","",""
"","11811","Check advertisement blocks for regular user - The Bazaar in desktop at 640x1024 viewport size","advertisement-tests","2026-07-03","passed","2026-07-03","Verify ad blocks within the desktop viewport range (576-767px) for different user roles","advertisement.test.js","",""
"","10673","Check video block, footer banner, L vertical banner for unauthorized user - The Bazaar in desktop at 1280x800 viewport size","advertisement-tests","2026-07-03","passed","2026-07-03","Verify ad blocks within the desktop viewport range (1233-1411px) for different user roles","advertisement.test.js","",""
"","13598","Check video block, footer banner, L vertical banner, S vertical banner for plus user - LoL in desktop at 1680x1050 viewport size","advertisement-tests","2026-07-03","passed","2026-07-03","Verify ad blocks within the desktop viewport range (>1412px) for different user roles","advertisement.test.js","",""
"","13397","Check video block & footer banner for regular user - ZZZ in desktop at 1100x800 viewport size","advertisement-tests","2026-07-03","passed","2026-07-03","Verify ad blocks within the desktop viewport range (1024-1232px) for different user roles","advertisement.test.js","",""
"","7838","Check ad blocks for ad free user - Overwatch in mobile at 360x780 viewport size","advertisement-tests","2026-07-03","passed","2026-07-03","Verify ad blocks within the mobile viewport range (320–575px) for different user roles","advertisement.test.js","",""
"","9299","Check video block & footer banner for unauthorized user - Deadlock in mobile at 360x780 viewport size","advertisement-tests","2026-07-03","passed","2026-07-03","Verify ad blocks within the mobile viewport range (320–575px) for different user roles","advertisement.test.js","",""
"","5557","Check video block, footer banner, L vertical banner for plus user - Deadlock in desktop at 1280x800 viewport size","advertisement-tests","2026-07-03","passed","2026-07-03","Verify ad blocks within the desktop viewport range (1233-1411px) for different user roles","advertisement.test.js","",""
"","10724","Check advertisement blocks for regular user - PoE 2 in desktop at 640x1024 viewport size","advertisement-tests","2026-07-03","passed","2026-07-03","Verify ad blocks within the desktop viewport range (576-767px) for different user roles","advertisement.test.js","",""
"","12268","Check advertisement blocks for regular user - PoE in desktop at 640x1024 viewport size","advertisement-tests","2026-07-03","passed","2026-07-03","Verify ad blocks within the desktop viewport range (576-767px) for different user roles","advertisement.test.js","",""
"","12399","Check video block, footer banner, L vertical banner for regular user - LoL in desktop at 1280x800 viewport size","advertisement-tests","2026-07-03","passed","2026-07-03","Verify ad blocks within the desktop viewport range (1233-1411px) for different user roles","advertisement.test.js","",""
"","6012","Check advertisement blocks for ad free user - Borderlands 4 in desktop at 800x800 viewport size","advertisement-tests","2026-07-03","passed","2026-07-03","Verify video ad block & footer banner within the desktop viewport range (768-1023px) for different user roles","advertisement.test.js","",""
"","9051","Check advertisement blocks for plus user - Overwatch in desktop at 800x800 viewport size","advertisement-tests","2026-07-03","passed","2026-07-03","Verify video ad block & footer banner within the desktop viewport range (768-1023px) for different user roles","advertisement.test.js","",""
"","13167","Check video block & footer banner for regular user - PoE in desktop at 1100x800 viewport size","advertisement-tests","2026-07-03","passed","2026-07-03","Verify ad blocks within the desktop viewport range (1024-1232px) for different user roles","advertisement.test.js","",""
"","10204","Check video block & footer banner for unauthorized user - PoE in mobile at 360x780 viewport size","advertisement-tests","2026-07-03","passed","2026-07-03","Verify ad blocks within the mobile viewport range (320–575px) for different user roles","advertisement.test.js","",""
"","11307","Check video block, footer banner, L vertical banner, S vertical banner for plus user - Marathon in desktop at 1680x1050 viewport size","advertisement-tests","2026-07-03","passed","2026-07-03","Verify ad blocks within the desktop viewport range (>1412px) for different user roles","advertisement.test.js","",""
"","13276","Check video block, footer banner, L vertical banner, S vertical banner for ad free user - Val in desktop at 1680x1050 viewport size","advertisement-tests","2026-07-03","passed","2026-07-03","Verify ad blocks within the desktop viewport range (>1412px) for different user roles","advertisement.test.js","",""
"","7512","Check video block, footer banner, L vertical banner for plus user - The Bazaar in desktop at 1280x800 viewport size","advertisement-tests","2026-07-03","passed","2026-07-03","Verify ad blocks within the desktop viewport range (1233-1411px) for different user roles","advertisement.test.js","",""
"","8578","Check video block & footer banner for ad free user - PoE 2 in desktop at 1100x800 viewport size","advertisement-tests","2026-07-03","passed","2026-07-03","Verify ad blocks within the desktop viewport range (1024-1232px) for different user roles","advertisement.test.js","",""
"","7978","Check advertisement blocks for plus user - LoL in desktop at 640x1024 viewport size","advertisement-tests","2026-07-03","passed","2026-07-03","Verify ad blocks within the desktop viewport range (576-767px) for different user roles","advertisement.test.js","",""
"","16772","Check ad blocks for regular user - Overwatch in mobile at 360x780 viewport size","advertisement-tests","2026-07-03","passed","2026-07-03","Verify ad blocks within the mobile viewport range (320–575px) for different user roles","advertisement.test.js","",""
"","6773","Check ad blocks for plus user - Borderlands 4 in mobile at 360x780 viewport size","advertisement-tests","2026-07-03","passed","2026-07-03","Verify ad blocks within the mobile viewport range (320–575px) for different user roles","advertisement.test.js","",""
"","10243","Check video block & footer banner for unauthorized user - LoL in desktop at 800x800 viewport size","advertisement-tests","2026-07-03","passed","2026-07-03","Verify video ad block & footer banner within the desktop viewport range (768-1023px) for different user roles","advertisement.test.js","",""
"","9232","Check advertisement blocks for unauthorized user - LoL in desktop at 640x1024 viewport size","advertisement-tests","2026-07-03","passed","2026-07-03","Verify ad blocks within the desktop viewport range (576-767px) for different user roles","advertisement.test.js","",""
"","8343","Check video block & footer banner for unauthorized user - Riftbound in desktop at 800x800 viewport size","advertisement-tests","2026-07-03","passed","2026-07-03","Verify video ad block & footer banner within the desktop viewport range (768-1023px) for different user roles","advertisement.test.js","",""
"","12650","Check video block, footer banner, L vertical banner, S vertical banner for ad free user - PoE in desktop at 1680x1050 viewport size","advertisement-tests","2026-07-03","passed","2026-07-03","Verify ad blocks within the desktop viewport range (>1412px) for different user roles","advertisement.test.js","",""
"","15264","Check video block, footer banner, L vertical banner for regular user - Marathon in desktop at 1280x800 viewport size","advertisement-tests","2026-07-03","passed","2026-07-03","Verify ad blocks within the desktop viewport range (1233-1411px) for different user roles","advertisement.test.js","",""
"","13247","Check video block, footer banner, L vertical banner, S vertical banner for plus user - The Bazaar in desktop at 1680x1050 viewport size","advertisement-tests","2026-07-03","passed","2026-07-03","Verify ad blocks within the desktop viewport range (>1412px) for different user roles","advertisement.test.js","",""
"","12591","Check video block & footer banner for regular user - Marathon in desktop at 1100x800 viewport size","advertisement-tests","2026-07-03","passed","2026-07-03","Verify ad blocks within the desktop viewport range (1024-1232px) for different user roles","advertisement.test.js","",""
"","6103","Check advertisement blocks for plus user - STS 2 in desktop at 640x1024 viewport size","advertisement-tests","2026-07-03","passed","2026-07-03","Verify ad blocks within the desktop viewport range (576-767px) for different user roles","advertisement.test.js","",""
"","3030","Check video block, footer banner, L vertical banner for plus user - 2XKO in desktop at 1280x800 viewport size","advertisement-tests","2026-07-03","passed","2026-07-03","Verify ad blocks within the desktop viewport range (1233-1411px) for different user roles","advertisement.test.js","",""
"","12686","Check video block & footer banner for regular user - Diablo 4 in desktop at 800x800 viewport size","advertisement-tests","2026-07-03","passed","2026-07-03","Verify video ad block & footer banner within the desktop viewport range (768-1023px) for different user roles","advertisement.test.js","",""
"","15846","Check ad blocks for regular user - The Bazaar in mobile at 360x780 viewport size","advertisement-tests","2026-07-03","passed","2026-07-03","Verify ad blocks within the mobile viewport range (320–575px) for different user roles","advertisement.test.js","",""
"","8671","Check advertisement blocks for plus user - TFT in desktop at 640x1024 viewport size","advertisement-tests","2026-07-03","passed","2026-07-03","Verify ad blocks within the desktop viewport range (576-767px) for different user roles","advertisement.test.js","",""
"","7537","Check advertisement blocks for unauthorized user - Nightreign in desktop at 640x1024 viewport size","advertisement-tests","2026-07-03","passed","2026-07-03","Verify ad blocks within the desktop viewport range (576-767px) for different user roles","advertisement.test.js","",""
"","10318","Check video block & footer banner for unauthorized user - Borderlands 4 in desktop at 800x800 viewport size","advertisement-tests","2026-07-03","passed","2026-07-03","Verify video ad block & footer banner within the desktop viewport range (768-1023px) for different user roles","advertisement.test.js","",""
"","7803","Check advertisement blocks for unauthorized user - Deadlock in desktop at 640x1024 viewport size","advertisement-tests","2026-07-03","passed","2026-07-03","Verify ad blocks within the desktop viewport range (576-767px) for different user roles","advertisement.test.js","",""
"","8965","Check video block & footer banner for unauthorized user - Marathon in desktop at 800x800 viewport size","advertisement-tests","2026-07-03","passed","2026-07-03","Verify video ad block & footer banner within the desktop viewport range (768-1023px) for different user roles","advertisement.test.js","",""
"","8671","Check video block, footer banner, L vertical banner for ad free user - PoE 2 in desktop at 1280x800 viewport size","advertisement-tests","2026-07-03","passed","2026-07-03","Verify ad blocks within the desktop viewport range (1233-1411px) for different user roles","advertisement.test.js","",""
"","27039","Check video block, footer banner, L vertical banner, S vertical banner for ad free user - LoL in desktop at 1680x1050 viewport size","advertisement-tests","2026-07-03","passed","2026-07-03","Verify ad blocks within the desktop viewport range (>1412px) for different user roles","advertisement.test.js","",""
"","10068","Check advertisement blocks for plus user - Marathon in desktop at 640x1024 viewport size","advertisement-tests","2026-07-03","passed","2026-07-03","Verify ad blocks within the desktop viewport range (576-767px) for different user roles","advertisement.test.js","",""
"","11425","Check video block & footer banner for regular user - ZZZ in desktop at 800x800 viewport size","advertisement-tests","2026-07-03","passed","2026-07-03","Verify video ad block & footer banner within the desktop viewport range (768-1023px) for different user roles","advertisement.test.js","",""
"","7507","Check advertisement blocks for ad free user - Deadlock in desktop at 800x800 viewport size","advertisement-tests","2026-07-03","passed","2026-07-03","Verify video ad block & footer banner within the desktop viewport range (768-1023px) for different user roles","advertisement.test.js","",""
"","7191","Check ad blocks for ad free user - Borderlands 4 in mobile at 360x780 viewport size","advertisement-tests","2026-07-03","passed","2026-07-03","Verify ad blocks within the mobile viewport range (320–575px) for different user roles","advertisement.test.js","",""
"","12448","Check advertisement blocks for regular user - Overwatch in desktop at 640x1024 viewport size","advertisement-tests","2026-07-03","passed","2026-07-03","Verify ad blocks within the desktop viewport range (576-767px) for different user roles","advertisement.test.js","",""
"","15525","Check video block, footer banner, L vertical banner, S vertical banner for ad free user - Monster Hunter Wilds in desktop at 1680x1050 viewport size","advertisement-tests","2026-07-03","passed","2026-07-03","Verify ad blocks within the desktop viewport range (>1412px) for different user roles","advertisement.test.js","",""
"","10208","Check advertisement blocks for regular user - Hades 2 in desktop at 640x1024 viewport size","advertisement-tests","2026-07-03","passed","2026-07-03","Verify ad blocks within the desktop viewport range (576-767px) for different user roles","advertisement.test.js","",""
"","14515","Check video block, footer banner, L vertical banner, S vertical banner for ad free user - Overwatch in desktop at 1680x1050 viewport size","advertisement-tests","2026-07-03","passed","2026-07-03","Verify ad blocks within the desktop viewport range (>1412px) for different user roles","advertisement.test.js","",""
"","7796","Check video block, footer banner, L vertical banner, S vertical banner for unauthorized user - Monster Hunter Wilds in desktop at 1680x1050 viewport size","advertisement-tests","2026-07-03","passed","2026-07-03","Verify ad blocks within the desktop viewport range (>1412px) for different user roles","advertisement.test.js","",""
"","11220","Check video block & footer banner for unauthorized user - TFT in desktop at 800x800 viewport size","advertisement-tests","2026-07-03","passed","2026-07-03","Verify video ad block & footer banner within the desktop viewport range (768-1023px) for different user roles","advertisement.test.js","",""
"","10663","Check video block, footer banner, L vertical banner for regular user - Val in desktop at 1280x800 viewport size","advertisement-tests","2026-07-03","passed","2026-07-03","Verify ad blocks within the desktop viewport range (1233-1411px) for different user roles","advertisement.test.js","",""
"","10060","Check advertisement blocks for unauthorized user - STS 2 in desktop at 640x1024 viewport size","advertisement-tests","2026-07-03","passed","2026-07-03","Verify ad blocks within the desktop viewport range (576-767px) for different user roles","advertisement.test.js","",""
"","9849","Check advertisement blocks for regular user - STS 2 in desktop at 640x1024 viewport size","advertisement-tests","2026-07-03","passed","2026-07-03","Verify ad blocks within the desktop viewport range (576-767px) for different user roles","advertisement.test.js","",""
"","4925","Check video block, footer banner, L vertical banner for unauthorized user - Deadlock in desktop at 1280x800 viewport size","advertisement-tests","2026-07-03","passed","2026-07-03","Verify ad blocks within the desktop viewport range (1233-1411px) for different user roles","advertisement.test.js","",""
"","7937","Check ad blocks for ad free user - Nightreign in mobile at 360x780 viewport size","advertisement-tests","2026-07-03","passed","2026-07-03","Verify ad blocks within the mobile viewport range (320–575px) for different user roles","advertisement.test.js","",""
"","7834","Check video block & footer banner for plus user - LoL in desktop at 1100x800 viewport size","advertisement-tests","2026-07-03","passed","2026-07-03","Verify ad blocks within the desktop viewport range (1024-1232px) for different user roles","advertisement.test.js","",""
"","14486","Check video block & footer banner for regular user - Riftbound in desktop at 800x800 viewport size","advertisement-tests","2026-07-03","passed","2026-07-03","Verify video ad block & footer banner within the desktop viewport range (768-1023px) for different user roles","advertisement.test.js","",""
"","8288","Check video block & footer banner for unauthorized user - Val in desktop at 800x800 viewport size","advertisement-tests","2026-07-03","passed","2026-07-03","Verify video ad block & footer banner within the desktop viewport range (768-1023px) for different user roles","advertisement.test.js","",""
"","12173","Check video block & footer banner for regular user - Borderlands 4 in desktop at 1100x800 viewport size","advertisement-tests","2026-07-03","passed","2026-07-03","Verify ad blocks within the desktop viewport range (1024-1232px) for different user roles","advertisement.test.js","",""
"","21201","Check video block, footer banner, L vertical banner, S vertical banner for ad free user - Riftbound in desktop at 1680x1050 viewport size","advertisement-tests","2026-07-03","passed","2026-07-03","Verify ad blocks within the desktop viewport range (>1412px) for different user roles","advertisement.test.js","",""
"","3123","Check advertisement blocks for regular user - Val in desktop at 640x1024 viewport size","advertisement-tests","2026-07-03","passed","2026-07-03","Verify ad blocks within the desktop viewport range (576-767px) for different user roles","advertisement.test.js","",""
"","10668","Check video block & footer banner for regular user - Deadlock in desktop at 800x800 viewport size","advertisement-tests","2026-07-03","passed","2026-07-03","Verify video ad block & footer banner within the desktop viewport range (768-1023px) for different user roles","advertisement.test.js","",""
"","7551","Check advertisement blocks for plus user - Marvel Rivals in desktop at 800x800 viewport size","advertisement-tests","2026-07-03","passed","2026-07-03","Verify video ad block & footer banner within the desktop viewport range (768-1023px) for different user roles","advertisement.test.js","",""
"","12879","Check video block, footer banner, L vertical banner, S vertical banner for unauthorized user - ZZZ in desktop at 1680x1050 viewport size","advertisement-tests","2026-07-03","passed","2026-07-03","Verify ad blocks within the desktop viewport range (>1412px) for different user roles","advertisement.test.js","",""
"","9872","Check video block, footer banner, L vertical banner, S vertical banner for regular user - LoL in desktop at 1680x1050 viewport size","advertisement-tests","2026-07-03","passed","2026-07-03","Verify ad blocks within the desktop viewport range (>1412px) for different user roles","advertisement.test.js","",""
"","7495","Check advertisement blocks for plus user - Riftbound in desktop at 640x1024 viewport size","advertisement-tests","2026-07-03","passed","2026-07-03","Verify ad blocks within the desktop viewport range (576-767px) for different user roles","advertisement.test.js","",""
"","19017","Check video block & footer banner for regular user - PoE 2 in desktop at 1100x800 viewport size","advertisement-tests","2026-07-03","passed","2026-07-03","Verify ad blocks within the desktop viewport range (1024-1232px) for different user roles","advertisement.test.js","",""
"","11651","Check video block & footer banner for regular user - Borderlands 4 in desktop at 800x800 viewport size","advertisement-tests","2026-07-03","passed","2026-07-03","Verify video ad block & footer banner within the desktop viewport range (768-1023px) for different user roles","advertisement.test.js","",""
"","16948","Check video block, footer banner, L vertical banner, S vertical banner for regular user - Marathon in desktop at 1680x1050 viewport size","advertisement-tests","2026-07-03","passed","2026-07-03","Verify ad blocks within the desktop viewport range (>1412px) for different user roles","advertisement.test.js","",""
"","9762","Check video block, footer banner, L vertical banner for unauthorized user - Endfield in desktop at 1280x800 viewport size","advertisement-tests","2026-07-03","passed","2026-07-03","Verify ad blocks within the desktop viewport range (1233-1411px) for different user roles","advertisement.test.js","",""
"","12824","Check advertisement blocks for regular user - Monster Hunter Wilds in desktop at 640x1024 viewport size","advertisement-tests","2026-07-03","passed","2026-07-03","Verify ad blocks within the desktop viewport range (576-767px) for different user roles","advertisement.test.js","",""
"","14776","Check video block & footer banner for regular user - STS 2 in desktop at 800x800 viewport size","advertisement-tests","2026-07-03","passed","2026-07-03","Verify video ad block & footer banner within the desktop viewport range (768-1023px) for different user roles","advertisement.test.js","",""
"","9478","Check advertisement blocks for unauthorized user - ZZZ in desktop at 640x1024 viewport size","advertisement-tests","2026-07-03","passed","2026-07-03","Verify ad blocks within the desktop viewport range (576-767px) for different user roles","advertisement.test.js","",""
"","12635","Check video block & footer banner for regular user - Overwatch in desktop at 800x800 viewport size","advertisement-tests","2026-07-03","passed","2026-07-03","Verify video ad block & footer banner within the desktop viewport range (768-1023px) for different user roles","advertisement.test.js","",""
"","12085","Check video block, footer banner, L vertical banner for unauthorized user - LoL in desktop at 1280x800 viewport size","advertisement-tests","2026-07-03","passed","2026-07-03","Verify ad blocks within the desktop viewport range (1233-1411px) for different user roles","advertisement.test.js","",""
"","3975","Check video block & footer banner for plus user - Marathon in desktop at 1100x800 viewport size","advertisement-tests","2026-07-03","passed","2026-07-03","Verify ad blocks within the desktop viewport range (1024-1232px) for different user roles","advertisement.test.js","",""
"","12057","Check video block, footer banner, L vertical banner for regular user - Riftbound in desktop at 1280x800 viewport size","advertisement-tests","2026-07-03","passed","2026-07-03","Verify ad blocks within the desktop viewport range (1233-1411px) for different user roles","advertisement.test.js","",""
"","9009","Check advertisement blocks for ad free user - STS 2 in desktop at 800x800 viewport size","advertisement-tests","2026-07-03","passed","2026-07-03","Verify video ad block & footer banner within the desktop viewport range (768-1023px) for different user roles","advertisement.test.js","",""
"","4229","Check video block, footer banner, L vertical banner for plus user - Diablo 4 in desktop at 1280x800 viewport size","advertisement-tests","2026-07-03","passed","2026-07-03","Verify ad blocks within the desktop viewport range (1233-1411px) for different user roles","advertisement.test.js","",""
"","5982","Check video block, footer banner, L vertical banner for plus user - TFT in desktop at 1280x800 viewport size","advertisement-tests","2026-07-03","passed","2026-07-03","Verify ad blocks within the desktop viewport range (1233-1411px) for different user roles","advertisement.test.js","",""
"","7565","Check advertisement blocks for ad free user - PoE in desktop at 800x800 viewport size","advertisement-tests","2026-07-03","passed","2026-07-03","Verify video ad block & footer banner within the desktop viewport range (768-1023px) for different user roles","advertisement.test.js","",""
"","6283","Check video block, footer banner, L vertical banner for plus user - Monster Hunter Wilds in desktop at 1280x800 viewport size","advertisement-tests","2026-07-03","passed","2026-07-03","Verify ad blocks within the desktop viewport range (1233-1411px) for different user roles","advertisement.test.js","",""
"","9709","Check video block, footer banner, L vertical banner for ad free user - 2XKO in desktop at 1280x800 viewport size","advertisement-tests","2026-07-03","passed","2026-07-03","Verify ad blocks within the desktop viewport range (1233-1411px) for different user roles","advertisement.test.js","",""
"","11371","Check advertisement blocks for unauthorized user - Diablo 4 in desktop at 640x1024 viewport size","advertisement-tests","2026-07-03","passed","2026-07-03","Verify ad blocks within the desktop viewport range (576-767px) for different user roles","advertisement.test.js","",""
"","7783","Check advertisement blocks for plus user - Overwatch in desktop at 640x1024 viewport size","advertisement-tests","2026-07-03","passed","2026-07-03","Verify ad blocks within the desktop viewport range (576-767px) for different user roles","advertisement.test.js","",""
"","9821","Check video block & footer banner for unauthorized user - Nightreign in desktop at 800x800 viewport size","advertisement-tests","2026-07-03","passed","2026-07-03","Verify video ad block & footer banner within the desktop viewport range (768-1023px) for different user roles","advertisement.test.js","",""
"","6504","Check advertisement blocks for ad free user - Endfield in desktop at 640x1024 viewport size","advertisement-tests","2026-07-03","passed","2026-07-03","Verify ad blocks within the desktop viewport range (576-767px) for different user roles","advertisement.test.js","",""
"","8204","Check video block & footer banner for ad free user - STS 2 in desktop at 1100x800 viewport size","advertisement-tests","2026-07-03","passed","2026-07-03","Verify ad blocks within the desktop viewport range (1024-1232px) for different user roles","advertisement.test.js","",""
"","9486","Check advertisement blocks for plus user - Diablo 4 in desktop at 800x800 viewport size","advertisement-tests","2026-07-03","passed","2026-07-03","Verify video ad block & footer banner within the desktop viewport range (768-1023px) for different user roles","advertisement.test.js","",""
"","8071","Check video block & footer banner for plus user - Marvel Rivals in desktop at 1100x800 viewport size","advertisement-tests","2026-07-03","passed","2026-07-03","Verify ad blocks within the desktop viewport range (1024-1232px) for different user roles","advertisement.test.js","",""
"","13610","Check video block & footer banner for plus user - Diablo 4 in desktop at 1100x800 viewport size","advertisement-tests","2026-07-03","passed","2026-07-03","Verify ad blocks within the desktop viewport range (1024-1232px) for different user roles","advertisement.test.js","",""
"","3931","Check video block, footer banner, L vertical banner for ad free user - Monster Hunter Wilds in desktop at 1280x800 viewport size","advertisement-tests","2026-07-03","passed","2026-07-03","Verify ad blocks within the desktop viewport range (1233-1411px) for different user roles","advertisement.test.js","",""
"","9939","Check ad blocks for plus user - Riftbound in mobile at 360x780 viewport size","advertisement-tests","2026-07-03","passed","2026-07-03","Verify ad blocks within the mobile viewport range (320–575px) for different user roles","advertisement.test.js","",""
"","6386","Check ad blocks for plus user - Monster Hunter Wilds in mobile at 360x780 viewport size","advertisement-tests","2026-07-03","passed","2026-07-03","Verify ad blocks within the mobile viewport range (320–575px) for different user roles","advertisement.test.js","",""
"","8385","Check advertisement blocks for ad free user - Overwatch in desktop at 640x1024 viewport size","advertisement-tests","2026-07-03","passed","2026-07-03","Verify ad blocks within the desktop viewport range (576-767px) for different user roles","advertisement.test.js","",""
"","17824","Check video block, footer banner, L vertical banner, S vertical banner for ad free user - Nightreign in desktop at 1680x1050 viewport size","advertisement-tests","2026-07-03","passed","2026-07-03","Verify ad blocks within the desktop viewport range (>1412px) for different user roles","advertisement.test.js","",""
"","7541","Check advertisement blocks for plus user - Nightreign in desktop at 800x800 viewport size","advertisement-tests","2026-07-03","passed","2026-07-03","Verify video ad block & footer banner within the desktop viewport range (768-1023px) for different user roles","advertisement.test.js","",""
"","9965","Check advertisement blocks for plus user - The Bazaar in desktop at 800x800 viewport size","advertisement-tests","2026-07-03","passed","2026-07-03","Verify video ad block & footer banner within the desktop viewport range (768-1023px) for different user roles","advertisement.test.js","",""
"","1136","setup plus user","user-roles-setup","2026-07-03","passed","2026-07-03","","setup/userRoles.setup.test.js","",""
"","1108","setup add free user","user-roles-setup","2026-07-03","passed","2026-07-03","","setup/userRoles.setup.test.js","",""
