"DESCRIPTION","DURATION IN MS","NAME","PARENT SUITE","START TIME","STATUS","STOP TIME","SUB SUITE","SUITE","TEST CLASS","TEST METHOD"
"","488","Check video block, footer banner, L vertical banner for ad free user - NTE in desktop at 1280x800 viewport size","advertisement-tests","2026-08-21","passed","2026-08-21","Verify ad blocks for ad-free user","advertisement/ad-adFree-user.test.js","",""
"","707","Check advertisement blocks for plus user - Marathon in desktop at 800x800 viewport size","advertisement-tests","2026-08-21","passed","2026-08-21","Verify ad blocks for plus user","advertisement/ad-plus-user.test.js","",""
"","30504","Check video block & footer banner for regular user - Diablo 4 in desktop at 800x800 viewport size","advertisement-tests","2026-08-21","failed","2026-08-21","Verify ad blocks for regular user","advertisement/ad-regular-user.test.js","",""
"","484","Check advertisement blocks for ad free user - ZZZ in desktop at 800x800 viewport size","advertisement-tests","2026-08-21","passed","2026-08-21","Verify ad blocks for ad-free user","advertisement/ad-adFree-user.test.js","",""
"","648","Check ad blocks for plus user - TFT in mobile at 360x780 viewport size","advertisement-tests","2026-08-21","passed","2026-08-21","Verify ad blocks for plus user","advertisement/ad-plus-user.test.js","",""
"","60558","Check video block, footer banner, L vertical banner, S vertical banner for regular user - Riftbound in desktop at 1680x1050 viewport size","advertisement-tests","2026-08-21","failed","2026-08-21","Verify ad blocks for regular user","advertisement/ad-regular-user.test.js","",""
"","526","Check video block & footer banner for ad free user - 2XKO in desktop at 1100x800 viewport size","advertisement-tests","2026-08-21","passed","2026-08-21","Verify ad blocks for ad-free user","advertisement/ad-adFree-user.test.js","",""
"","948","Check ad blocks for ad free user - PoE 2 in mobile at 360x780 viewport size","advertisement-tests","2026-08-21","passed","2026-08-21","Verify ad blocks for ad-free user","advertisement/ad-adFree-user.test.js","",""
"","3486","Check video block, footer banner, L vertical banner for plus user - 2XKO in desktop at 1280x800 viewport size","advertisement-tests","2026-08-21","passed","2026-08-21","Verify ad blocks for plus user","advertisement/ad-plus-user.test.js","",""
"","45618","Check video block, footer banner, L vertical banner for regular user - 2XKO in desktop at 1280x800 viewport size","advertisement-tests","2026-08-21","failed","2026-08-21","Verify ad blocks for regular user","advertisement/ad-regular-user.test.js","",""
"","3065","Check video block, footer banner, L vertical banner, S vertical banner for plus user - Diablo 4 in desktop at 1680x1050 viewport size","advertisement-tests","2026-08-21","passed","2026-08-21","Verify ad blocks for plus user","advertisement/ad-plus-user.test.js","",""
"","30504","Check video block & footer banner for regular user - TFT in desktop at 800x800 viewport size","advertisement-tests","2026-08-21","failed","2026-08-21","Verify ad blocks for regular user","advertisement/ad-regular-user.test.js","",""
"","422","Check advertisement blocks for unauthorized user - Nightreign in desktop at 640x1024 viewport size","advertisement-tests","2026-08-21","passed","2026-08-21","Verify ad blocks for guest user","advertisement/ad-unauthorized-user.test.js","",""
"","843","Check video block & footer banner for plus user - Marathon in desktop at 1100x800 viewport size","advertisement-tests","2026-08-21","passed","2026-08-21","Verify ad blocks for plus user","advertisement/ad-plus-user.test.js","",""
"","2438","Check video block, footer banner, L vertical banner, S vertical banner for plus user - Hades 2 in desktop at 1680x1050 viewport size","advertisement-tests","2026-08-21","passed","2026-08-21","Verify ad blocks for plus user","advertisement/ad-plus-user.test.js","",""
"","268","Check video block, footer banner, L vertical banner, S vertical banner for regular user - Genshin in desktop at 1680x1050 viewport size","advertisement-tests","2026-08-21","passed","2026-08-21","Verify ad blocks for regular user","advertisement/ad-regular-user.test.js","",""
"","30724","Check video block & footer banner for regular user - Nightreign in desktop at 1100x800 viewport size","advertisement-tests","2026-08-21","failed","2026-08-21","Verify ad blocks for regular user","advertisement/ad-regular-user.test.js","",""
"","495","Check advertisement blocks for ad free user - Borderlands 4 in desktop at 800x800 viewport size","advertisement-tests","2026-08-21","passed","2026-08-21","Verify ad blocks for ad-free user","advertisement/ad-adFree-user.test.js","",""
"","7054","Check ad blocks for ad free user - Monster Hunter Wilds in mobile at 360x780 viewport size","advertisement-tests","2026-08-21","passed","2026-08-21","Verify ad blocks for ad-free user","advertisement/ad-adFree-user.test.js","",""
"","591","Check ad blocks for plus user - STS 2 in mobile at 360x780 viewport size","advertisement-tests","2026-08-21","passed","2026-08-21","Verify ad blocks for plus user","advertisement/ad-plus-user.test.js","",""
"","896","Check video block & footer banner for ad free user - Monster Hunter Wilds in desktop at 1100x800 viewport size","advertisement-tests","2026-08-21","passed","2026-08-21","Verify ad blocks for ad-free user","advertisement/ad-adFree-user.test.js","",""
"","30523","Check video block & footer banner for regular user - TFT in desktop at 1100x800 viewport size","advertisement-tests","2026-08-21","failed","2026-08-21","Verify ad blocks for regular user","advertisement/ad-regular-user.test.js","",""
"","30442","Check ad blocks for regular user - Endfield in mobile at 360x780 viewport size","advertisement-tests","2026-08-21","failed","2026-08-21","Verify ad blocks for regular user","advertisement/ad-regular-user.test.js","",""
"","679","Check video block & footer banner for plus user - Val in desktop at 1100x800 viewport size","advertisement-tests","2026-08-21","passed","2026-08-21","Verify ad blocks for plus user","advertisement/ad-plus-user.test.js","",""
"","879","Check video block, footer banner, L vertical banner, S vertical banner for ad free user - Overwatch in desktop at 1680x1050 viewport size","advertisement-tests","2026-08-21","passed","2026-08-21","Verify ad blocks for ad-free user","advertisement/ad-adFree-user.test.js","",""
"","1726","Check video block & footer banner for ad free user - PoE 2 in desktop at 1100x800 viewport size","advertisement-tests","2026-08-21","passed","2026-08-21","Verify ad blocks for ad-free user","advertisement/ad-adFree-user.test.js","",""
"","30528","Check advertisement blocks for regular user - PoE 2 in desktop at 640x1024 viewport size","advertisement-tests","2026-08-21","failed","2026-08-21","Verify ad blocks for regular user","advertisement/ad-regular-user.test.js","",""
"","30780","Check ad blocks for regular user - TFT in mobile at 360x780 viewport size","advertisement-tests","2026-08-21","failed","2026-08-21","Verify ad blocks for regular user","advertisement/ad-regular-user.test.js","",""
"","1581","Check video block, footer banner, L vertical banner for plus user - Val in desktop at 1280x800 viewport size","advertisement-tests","2026-08-21","passed","2026-08-21","Verify ad blocks for plus user","advertisement/ad-plus-user.test.js","",""
"","2764","Check ad blocks for ad free user - Hades 2 in mobile at 360x780 viewport size","advertisement-tests","2026-08-21","passed","2026-08-21","Verify ad blocks for ad-free user","advertisement/ad-adFree-user.test.js","",""
"","2","Check ad blocks for plus user - Val in mobile at 360x780 viewport size","advertisement-tests","2026-08-21","skipped","2026-08-21","Verify ad blocks for plus user","advertisement/ad-plus-user.test.js","",""
"","3025","Check video block, footer banner, L vertical banner for plus user - Hades 2 in desktop at 1280x800 viewport size","advertisement-tests","2026-08-21","passed","2026-08-21","Verify ad blocks for plus user","advertisement/ad-plus-user.test.js","",""
"","633","Check advertisement blocks for plus user - Overwatch in desktop at 640x1024 viewport size","advertisement-tests","2026-08-21","passed","2026-08-21","Verify ad blocks for plus user","advertisement/ad-plus-user.test.js","",""
"","659","Check video block & footer banner for plus user - Borderlands 4 in desktop at 1100x800 viewport size","advertisement-tests","2026-08-21","passed","2026-08-21","Verify ad blocks for plus user","advertisement/ad-plus-user.test.js","",""
"","30504","Check video block & footer banner for unauthorized user - TFT in mobile at 360x780 viewport size","advertisement-tests","2026-08-21","failed","2026-08-21","Verify ad blocks for guest user","advertisement/ad-unauthorized-user.test.js","",""
"","60572","Check video block, footer banner, L vertical banner, S vertical banner for regular user - Marathon in desktop at 1680x1050 viewport size","advertisement-tests","2026-08-21","failed","2026-08-21","Verify ad blocks for regular user","advertisement/ad-regular-user.test.js","",""
"","30643","Check video block & footer banner for unauthorized user - Nightreign in desktop at 800x800 viewport size","advertisement-tests","2026-08-21","failed","2026-08-21","Verify ad blocks for guest user","advertisement/ad-unauthorized-user.test.js","",""
"","3455","Check video block, footer banner, L vertical banner for plus user - Overwatch in desktop at 1280x800 viewport size","advertisement-tests","2026-08-21","passed","2026-08-21","Verify ad blocks for plus user","advertisement/ad-plus-user.test.js","",""
"","225","Check video block & footer banner for unauthorized user - Genshin in mobile at 360x780 viewport size","advertisement-tests","2026-08-21","passed","2026-08-21","Verify ad blocks for guest user","advertisement/ad-unauthorized-user.test.js","",""
"","60593","Check video block, footer banner, L vertical banner, S vertical banner for regular user - Marvel Rivals in desktop at 1680x1050 viewport size","advertisement-tests","2026-08-21","failed","2026-08-21","Verify ad blocks for regular user","advertisement/ad-regular-user.test.js","",""
"","559","Check ad blocks for ad free user - NTE in mobile at 360x780 viewport size","advertisement-tests","2026-08-21","passed","2026-08-21","Verify ad blocks for ad-free user","advertisement/ad-adFree-user.test.js","",""
"","629","Check advertisement blocks for plus user - Monster Hunter Wilds in desktop at 640x1024 viewport size","advertisement-tests","2026-08-21","passed","2026-08-21","Verify ad blocks for plus user","advertisement/ad-plus-user.test.js","",""
"","569","Check ad blocks for plus user - Riftbound in mobile at 360x780 viewport size","advertisement-tests","2026-08-21","passed","2026-08-21","Verify ad blocks for plus user","advertisement/ad-plus-user.test.js","",""
"","778","Check advertisement blocks for ad free user - STS 2 in desktop at 640x1024 viewport size","advertisement-tests","2026-08-21","passed","2026-08-21","Verify ad blocks for ad-free user","advertisement/ad-adFree-user.test.js","",""
"","30594","Check ad blocks for regular user - Marvel Rivals in mobile at 360x780 viewport size","advertisement-tests","2026-08-21","failed","2026-08-21","Verify ad blocks for regular user","advertisement/ad-regular-user.test.js","",""
"","746","Check advertisement blocks for ad free user - Diablo 4 in desktop at 640x1024 viewport size","advertisement-tests","2026-08-21","passed","2026-08-21","Verify ad blocks for ad-free user","advertisement/ad-adFree-user.test.js","",""
"","884","Check video block, footer banner, L vertical banner, S vertical banner for ad free user - Endfield in desktop at 1680x1050 viewport size","advertisement-tests","2026-08-21","passed","2026-08-21","Verify ad blocks for ad-free user","advertisement/ad-adFree-user.test.js","",""
"","30592","Check ad blocks for regular user - Monster Hunter Wilds in mobile at 360x780 viewport size","advertisement-tests","2026-08-21","failed","2026-08-21","Verify ad blocks for regular user","advertisement/ad-regular-user.test.js","",""
"","642","Check video block & footer banner for plus user - NTE in desktop at 1100x800 viewport size","advertisement-tests","2026-08-21","passed","2026-08-21","Verify ad blocks for plus user","advertisement/ad-plus-user.test.js","",""
"","30492","Check advertisement blocks for regular user - Destiny 2 in desktop at 640x1024 viewport size","advertisement-tests","2026-08-21","failed","2026-08-21","Verify ad blocks for regular user","advertisement/ad-regular-user.test.js","",""
"","30520","Check advertisement blocks for unauthorized user - PoE 2 in desktop at 640x1024 viewport size","advertisement-tests","2026-08-21","failed","2026-08-21","Verify ad blocks for guest user","advertisement/ad-unauthorized-user.test.js","",""
"","30524","Check advertisement blocks for regular user - Overwatch in desktop at 640x1024 viewport size","advertisement-tests","2026-08-21","failed","2026-08-21","Verify ad blocks for regular user","advertisement/ad-regular-user.test.js","",""
"","651","Check advertisement blocks for plus user - LoL in desktop at 640x1024 viewport size","advertisement-tests","2026-08-21","passed","2026-08-21","Verify ad blocks for plus user","advertisement/ad-plus-user.test.js","",""
"","30455","Check ad blocks for regular user - Hades 2 in mobile at 360x780 viewport size","advertisement-tests","2026-08-21","failed","2026-08-21","Verify ad blocks for regular user","advertisement/ad-regular-user.test.js","",""
"","422","Check ad blocks for regular user - NTE in mobile at 360x780 viewport size","advertisement-tests","2026-08-21","passed","2026-08-21","Verify ad blocks for regular user","advertisement/ad-regular-user.test.js","",""
"","1875","Check video block, footer banner, L vertical banner, S vertical banner for plus user - NTE in desktop at 1680x1050 viewport size","advertisement-tests","2026-08-21","passed","2026-08-21","Verify ad blocks for plus user","advertisement/ad-plus-user.test.js","",""
"","30479","Check advertisement blocks for regular user - Riftbound in desktop at 640x1024 viewport size","advertisement-tests","2026-08-21","failed","2026-08-21","Verify ad blocks for regular user","advertisement/ad-regular-user.test.js","",""
"","2753","Check video block, footer banner, L vertical banner for plus user - Destiny 2 in desktop at 1280x800 viewport size","advertisement-tests","2026-08-21","passed","2026-08-21","Verify ad blocks for plus user","advertisement/ad-plus-user.test.js","",""
"","695","Check advertisement blocks for ad free user - Marathon in desktop at 640x1024 viewport size","advertisement-tests","2026-08-21","passed","2026-08-21","Verify ad blocks for ad-free user","advertisement/ad-adFree-user.test.js","",""
"","30503","Check ad blocks for regular user - PoE in mobile at 360x780 viewport size","advertisement-tests","2026-08-21","failed","2026-08-21","Verify ad blocks for regular user","advertisement/ad-regular-user.test.js","",""
"","30528","Check video block & footer banner for regular user - Marathon in desktop at 1100x800 viewport size","advertisement-tests","2026-08-21","failed","2026-08-21","Verify ad blocks for regular user","advertisement/ad-regular-user.test.js","",""
"","45601","Check video block, footer banner, L vertical banner for regular user - Borderlands 4 in desktop at 1280x800 viewport size","advertisement-tests","2026-08-21","failed","2026-08-21","Verify ad blocks for regular user","advertisement/ad-regular-user.test.js","",""
"","30492","Check ad blocks for regular user - 2XKO in mobile at 360x780 viewport size","advertisement-tests","2026-08-21","failed","2026-08-21","Verify ad blocks for regular user","advertisement/ad-regular-user.test.js","",""
"","1062","Check video block & footer banner for ad free user - Val in desktop at 1100x800 viewport size","advertisement-tests","2026-08-21","passed","2026-08-21","Verify ad blocks for ad-free user","advertisement/ad-adFree-user.test.js","",""
"","30494","Check advertisement blocks for unauthorized user - Destiny 2 in desktop at 640x1024 viewport size","advertisement-tests","2026-08-21","failed","2026-08-21","Verify ad blocks for guest user","advertisement/ad-unauthorized-user.test.js","",""
"","60554","Check video block, footer banner, L vertical banner, S vertical banner for regular user - Val in desktop at 1680x1050 viewport size","advertisement-tests","2026-08-21","failed","2026-08-21","Verify ad blocks for regular user","advertisement/ad-regular-user.test.js","",""
"","45567","Check video block, footer banner, L vertical banner for regular user - Hades 2 in desktop at 1280x800 viewport size","advertisement-tests","2026-08-21","failed","2026-08-21","Verify ad blocks for regular user","advertisement/ad-regular-user.test.js","",""
"","45586","Check video block, footer banner, L vertical banner for regular user - PoE 2 in desktop at 1280x800 viewport size","advertisement-tests","2026-08-21","failed","2026-08-21","Verify ad blocks for regular user","advertisement/ad-regular-user.test.js","",""
"","627","Check advertisement blocks for ad free user - Borderlands 4 in desktop at 640x1024 viewport size","advertisement-tests","2026-08-21","passed","2026-08-21","Verify ad blocks for ad-free user","advertisement/ad-adFree-user.test.js","",""
"","388","Check advertisement blocks for unauthorized user - Genshin in desktop at 640x1024 viewport size","advertisement-tests","2026-08-21","passed","2026-08-21","Verify ad blocks for guest user","advertisement/ad-unauthorized-user.test.js","",""
"","728","Check advertisement blocks for plus user - PoE in desktop at 800x800 viewport size","advertisement-tests","2026-08-21","passed","2026-08-21","Verify ad blocks for plus user","advertisement/ad-plus-user.test.js","",""
"","45557","Check video block, footer banner, L vertical banner for regular user - Deadlock in desktop at 1280x800 viewport size","advertisement-tests","2026-08-21","failed","2026-08-21","Verify ad blocks for regular user","advertisement/ad-regular-user.test.js","",""
"","692","Check video block & footer banner for plus user - Deadlock in desktop at 1100x800 viewport size","advertisement-tests","2026-08-21","passed","2026-08-21","Verify ad blocks for plus user","advertisement/ad-plus-user.test.js","",""
"","45568","Check video block, footer banner, L vertical banner for regular user - Overwatch in desktop at 1280x800 viewport size","advertisement-tests","2026-08-21","failed","2026-08-21","Verify ad blocks for regular user","advertisement/ad-regular-user.test.js","",""
"","30533","Check video block & footer banner for regular user - Marvel Rivals in desktop at 800x800 viewport size","advertisement-tests","2026-08-21","failed","2026-08-21","Verify ad blocks for regular user","advertisement/ad-regular-user.test.js","",""
"","30452","Check advertisement blocks for unauthorized user - LoL in desktop at 640x1024 viewport size","advertisement-tests","2026-08-21","failed","2026-08-21","Verify ad blocks for guest user","advertisement/ad-unauthorized-user.test.js","",""
"","30452","Check video block & footer banner for unauthorized user - Marvel Rivals in desktop at 800x800 viewport size","advertisement-tests","2026-08-21","failed","2026-08-21","Verify ad blocks for guest user","advertisement/ad-unauthorized-user.test.js","",""
"","11655","Check video block, footer banner, L vertical banner, S vertical banner for plus user - PoE 2 in desktop at 1680x1050 viewport size","advertisement-tests","2026-08-21","passed","2026-08-21","Verify ad blocks for plus user","advertisement/ad-plus-user.test.js","",""
"","60542","Check video block, footer banner, L vertical banner, S vertical banner for regular user - 2XKO in desktop at 1680x1050 viewport size","advertisement-tests","2026-08-21","failed","2026-08-21","Verify ad blocks for regular user","advertisement/ad-regular-user.test.js","",""
"","723","Check advertisement blocks for ad free user - Deadlock in desktop at 640x1024 viewport size","advertisement-tests","2026-08-21","passed","2026-08-21","Verify ad blocks for ad-free user","advertisement/ad-adFree-user.test.js","",""
"","518","Check video block, footer banner, L vertical banner for ad free user - 2XKO in desktop at 1280x800 viewport size","advertisement-tests","2026-08-21","passed","2026-08-21","Verify ad blocks for ad-free user","advertisement/ad-adFree-user.test.js","",""
"","888","Check video block & footer banner for plus user - The Bazaar in desktop at 1100x800 viewport size","advertisement-tests","2026-08-21","passed","2026-08-21","Verify ad blocks for plus user","advertisement/ad-plus-user.test.js","",""
"","45584","Check video block, footer banner, L vertical banner for regular user - Riftbound in desktop at 1280x800 viewport size","advertisement-tests","2026-08-21","failed","2026-08-21","Verify ad blocks for regular user","advertisement/ad-regular-user.test.js","",""
"","508","Check advertisement blocks for ad free user - Diablo 4 in desktop at 800x800 viewport size","advertisement-tests","2026-08-21","passed","2026-08-21","Verify ad blocks for ad-free user","advertisement/ad-adFree-user.test.js","",""
"","212","Check video block, footer banner, L vertical banner, S vertical banner for regular user - NTE in desktop at 1680x1050 viewport size","advertisement-tests","2026-08-21","passed","2026-08-21","Verify ad blocks for regular user","advertisement/ad-regular-user.test.js","",""
"","256","Check ad blocks for regular user - Genshin in mobile at 360x780 viewport size","advertisement-tests","2026-08-21","passed","2026-08-21","Verify ad blocks for regular user","advertisement/ad-regular-user.test.js","",""
"","637","Check video block & footer banner for plus user - 2XKO in desktop at 1100x800 viewport size","advertisement-tests","2026-08-21","passed","2026-08-21","Verify ad blocks for plus user","advertisement/ad-plus-user.test.js","",""
"","60562","Check video block, footer banner, L vertical banner, S vertical banner for regular user - Diablo 4 in desktop at 1680x1050 viewport size","advertisement-tests","2026-08-21","failed","2026-08-21","Verify ad blocks for regular user","advertisement/ad-regular-user.test.js","",""
"","45581","Check video block, footer banner, L vertical banner for regular user - Diablo 4 in desktop at 1280x800 viewport size","advertisement-tests","2026-08-21","failed","2026-08-21","Verify ad blocks for regular user","advertisement/ad-regular-user.test.js","",""
"","30466","Check ad blocks for regular user - Destiny 2 in mobile at 360x780 viewport size","advertisement-tests","2026-08-21","failed","2026-08-21","Verify ad blocks for regular user","advertisement/ad-regular-user.test.js","",""
"","524","Check video block, footer banner, L vertical banner for ad free user - Monster Hunter Wilds in desktop at 1280x800 viewport size","advertisement-tests","2026-08-21","passed","2026-08-21","Verify ad blocks for ad-free user","advertisement/ad-adFree-user.test.js","",""
"","30488","Check advertisement blocks for regular user - Monster Hunter Wilds in desktop at 640x1024 viewport size","advertisement-tests","2026-08-21","failed","2026-08-21","Verify ad blocks for regular user","advertisement/ad-regular-user.test.js","",""
"","30550","Check video block & footer banner for regular user - Deadlock in desktop at 800x800 viewport size","advertisement-tests","2026-08-21","failed","2026-08-21","Verify ad blocks for regular user","advertisement/ad-regular-user.test.js","",""
"","824","Check ad blocks for ad free user - Nightreign in mobile at 360x780 viewport size","advertisement-tests","2026-08-21","passed","2026-08-21","Verify ad blocks for ad-free user","advertisement/ad-adFree-user.test.js","",""
"","30534","Check video block & footer banner for regular user - ZZZ in desktop at 800x800 viewport size","advertisement-tests","2026-08-21","failed","2026-08-21","Verify ad blocks for regular user","advertisement/ad-regular-user.test.js","",""
"","30501","Check video block & footer banner for unauthorized user - Deadlock in desktop at 800x800 viewport size","advertisement-tests","2026-08-21","failed","2026-08-21","Verify ad blocks for guest user","advertisement/ad-unauthorized-user.test.js","",""
"","715","Check advertisement blocks for plus user - Diablo 4 in desktop at 800x800 viewport size","advertisement-tests","2026-08-21","passed","2026-08-21","Verify ad blocks for plus user","advertisement/ad-plus-user.test.js","",""
"","5841","Check advertisement blocks for ad free user - Monster Hunter Wilds in desktop at 640x1024 viewport size","advertisement-tests","2026-08-21","passed","2026-08-21","Verify ad blocks for ad-free user","advertisement/ad-adFree-user.test.js","",""
"","30433","Check advertisement blocks for unauthorized user - Overwatch in desktop at 640x1024 viewport size","advertisement-tests","2026-08-21","failed","2026-08-21","Verify ad blocks for guest user","advertisement/ad-unauthorized-user.test.js","",""
"","626","Check ad blocks for plus user - Marvel Rivals in mobile at 360x780 viewport size","advertisement-tests","2026-08-21","passed","2026-08-21","Verify ad blocks for plus user","advertisement/ad-plus-user.test.js","",""
"","1189","Check ad blocks for ad free user - Overwatch in mobile at 360x780 viewport size","advertisement-tests","2026-08-21","passed","2026-08-21","Verify ad blocks for ad-free user","advertisement/ad-adFree-user.test.js","",""
"","45583","Check video block, footer banner, L vertical banner for regular user - Destiny 2 in desktop at 1280x800 viewport size","advertisement-tests","2026-08-21","failed","2026-08-21","Verify ad blocks for regular user","advertisement/ad-regular-user.test.js","",""
"","30499","Check video block & footer banner for regular user - Monster Hunter Wilds in desktop at 800x800 viewport size","advertisement-tests","2026-08-21","failed","2026-08-21","Verify ad blocks for regular user","advertisement/ad-regular-user.test.js","",""
"","858","Check video block, footer banner, L vertical banner, S vertical banner for ad free user - Monster Hunter Wilds in desktop at 1680x1050 viewport size","advertisement-tests","2026-08-21","passed","2026-08-21","Verify ad blocks for ad-free user","advertisement/ad-adFree-user.test.js","",""
"","10600","Check video block, footer banner, L vertical banner, S vertical banner for plus user - TFT in desktop at 1680x1050 viewport size","advertisement-tests","2026-08-21","passed","2026-08-21","Verify ad blocks for plus user","advertisement/ad-plus-user.test.js","",""
"","858","Check video block, footer banner, L vertical banner, S vertical banner for ad free user - The Bazaar in desktop at 1680x1050 viewport size","advertisement-tests","2026-08-21","passed","2026-08-21","Verify ad blocks for ad-free user","advertisement/ad-adFree-user.test.js","",""
"","10891","Check video block, footer banner, L vertical banner for plus user - The Bazaar in desktop at 1280x800 viewport size","advertisement-tests","2026-08-21","passed","2026-08-21","Verify ad blocks for plus user","advertisement/ad-plus-user.test.js","",""
"","30553","Check ad blocks for regular user - Borderlands 4 in mobile at 360x780 viewport size","advertisement-tests","2026-08-21","failed","2026-08-21","Verify ad blocks for regular user","advertisement/ad-regular-user.test.js","",""
"","1165","Check ad blocks for ad free user - PoE in mobile at 360x780 viewport size","advertisement-tests","2026-08-21","passed","2026-08-21","Verify ad blocks for ad-free user","advertisement/ad-adFree-user.test.js","",""
"","30511","Check advertisement blocks for unauthorized user - The Bazaar in desktop at 640x1024 viewport size","advertisement-tests","2026-08-21","failed","2026-08-21","Verify ad blocks for guest user","advertisement/ad-unauthorized-user.test.js","",""
"","710","Check advertisement blocks for plus user - Riftbound in desktop at 640x1024 viewport size","advertisement-tests","2026-08-21","passed","2026-08-21","Verify ad blocks for plus user","advertisement/ad-plus-user.test.js","",""
"","30485","Check advertisement blocks for regular user - ZZZ in desktop at 640x1024 viewport size","advertisement-tests","2026-08-21","failed","2026-08-21","Verify ad blocks for regular user","advertisement/ad-regular-user.test.js","",""
"","564","Check video block, footer banner, L vertical banner for regular user - NTE in desktop at 1280x800 viewport size","advertisement-tests","2026-08-21","passed","2026-08-21","Verify ad blocks for regular user","advertisement/ad-regular-user.test.js","",""
"","687","Check advertisement blocks for plus user - Endfield in desktop at 800x800 viewport size","advertisement-tests","2026-08-21","passed","2026-08-21","Verify ad blocks for plus user","advertisement/ad-plus-user.test.js","",""
"","1484","Check video block, footer banner, L vertical banner for plus user - NTE in desktop at 1280x800 viewport size","advertisement-tests","2026-08-21","passed","2026-08-21","Verify ad blocks for plus user","advertisement/ad-plus-user.test.js","",""
"","727","Check video block & footer banner for ad free user - Nightreign in desktop at 1100x800 viewport size","advertisement-tests","2026-08-21","passed","2026-08-21","Verify ad blocks for ad-free user","advertisement/ad-adFree-user.test.js","",""
"","30563","Check video block & footer banner for unauthorized user - Hades 2 in mobile at 360x780 viewport size","advertisement-tests","2026-08-21","failed","2026-08-21","Verify ad blocks for guest user","advertisement/ad-unauthorized-user.test.js","",""
"","30436","Check advertisement blocks for unauthorized user - Endfield in desktop at 640x1024 viewport size","advertisement-tests","2026-08-21","failed","2026-08-21","Verify ad blocks for guest user","advertisement/ad-unauthorized-user.test.js","",""
"","3513","Check video block, footer banner, L vertical banner, S vertical banner for plus user - ZZZ in desktop at 1680x1050 viewport size","advertisement-tests","2026-08-21","passed","2026-08-21","Verify ad blocks for plus user","advertisement/ad-plus-user.test.js","",""
"","6425","Check video block & footer banner for ad free user - PoE in desktop at 1100x800 viewport size","advertisement-tests","2026-08-21","passed","2026-08-21","Verify ad blocks for ad-free user","advertisement/ad-adFree-user.test.js","",""
"","549","Check video block, footer banner, L vertical banner for ad free user - Destiny 2 in desktop at 1280x800 viewport size","advertisement-tests","2026-08-21","passed","2026-08-21","Verify ad blocks for ad-free user","advertisement/ad-adFree-user.test.js","",""
"","445","Check video block & footer banner for unauthorized user - Nightreign in mobile at 360x780 viewport size","advertisement-tests","2026-08-21","passed","2026-08-21","Verify ad blocks for guest user","advertisement/ad-unauthorized-user.test.js","",""
"","9750","Check video block, footer banner, L vertical banner for plus user - Marvel Rivals in desktop at 1280x800 viewport size","advertisement-tests","2026-08-21","passed","2026-08-21","Verify ad blocks for plus user","advertisement/ad-plus-user.test.js","",""
"","9387","Check ad blocks for ad free user - Marathon in mobile at 360x780 viewport size","advertisement-tests","2026-08-21","passed","2026-08-21","Verify ad blocks for ad-free user","advertisement/ad-adFree-user.test.js","",""
"","31225","Check advertisement blocks for ad free user - LoL in desktop at 640x1024 viewport size","advertisement-tests","2026-08-21","failed","2026-08-21","Verify ad blocks for ad-free user","advertisement/ad-adFree-user.test.js","",""
"","31204","Check ad blocks for ad free user - LoL in mobile at 360x780 viewport size","advertisement-tests","2026-08-21","failed","2026-08-21","Verify ad blocks for ad-free user","advertisement/ad-adFree-user.test.js","",""
"","12062","Check video block, footer banner, L vertical banner, S vertical banner for plus user - 2XKO in desktop at 1680x1050 viewport size","advertisement-tests","2026-08-21","passed","2026-08-21","Verify ad blocks for plus user","advertisement/ad-plus-user.test.js","",""
"","479","Check advertisement blocks for regular user - Nightreign in desktop at 640x1024 viewport size","advertisement-tests","2026-08-21","passed","2026-08-21","Verify ad blocks for regular user","advertisement/ad-regular-user.test.js","",""
"","503","Check video block, footer banner, L vertical banner for ad free user - Borderlands 4 in desktop at 1280x800 viewport size","advertisement-tests","2026-08-21","passed","2026-08-21","Verify ad blocks for ad-free user","advertisement/ad-adFree-user.test.js","",""
"","625","Check advertisement blocks for plus user - Nightreign in desktop at 640x1024 viewport size","advertisement-tests","2026-08-21","passed","2026-08-21","Verify ad blocks for plus user","advertisement/ad-plus-user.test.js","",""
"","646","Check video block & footer banner for plus user - Genshin in desktop at 1100x800 viewport size","advertisement-tests","2026-08-21","passed","2026-08-21","Verify ad blocks for plus user","advertisement/ad-plus-user.test.js","",""
"","30538","Check video block & footer banner for regular user - Marvel Rivals in desktop at 1100x800 viewport size","advertisement-tests","2026-08-21","failed","2026-08-21","Verify ad blocks for regular user","advertisement/ad-regular-user.test.js","",""
"","60582","Check video block, footer banner, L vertical banner, S vertical banner for regular user - LoL in desktop at 1680x1050 viewport size","advertisement-tests","2026-08-21","failed","2026-08-21","Verify ad blocks for regular user","advertisement/ad-regular-user.test.js","",""
"","305","Check video block & footer banner for unauthorized user - NTE in desktop at 800x800 viewport size","advertisement-tests","2026-08-21","passed","2026-08-21","Verify ad blocks for guest user","advertisement/ad-unauthorized-user.test.js","",""
"","390","Check advertisement blocks for unauthorized user - NTE in desktop at 640x1024 viewport size","advertisement-tests","2026-08-21","passed","2026-08-21","Verify ad blocks for guest user","advertisement/ad-unauthorized-user.test.js","",""
"","692","Check video block & footer banner for plus user - TFT in desktop at 1100x800 viewport size","advertisement-tests","2026-08-21","passed","2026-08-21","Verify ad blocks for plus user","advertisement/ad-plus-user.test.js","",""
"","30471","Check video block & footer banner for unauthorized user - Deadlock in mobile at 360x780 viewport size","advertisement-tests","2026-08-21","failed","2026-08-21","Verify ad blocks for guest user","advertisement/ad-unauthorized-user.test.js","",""
"","30544","Check video block & footer banner for regular user - STS 2 in desktop at 1100x800 viewport size","advertisement-tests","2026-08-21","failed","2026-08-21","Verify ad blocks for regular user","advertisement/ad-regular-user.test.js","",""
"","3040","Check video block, footer banner, L vertical banner, S vertical banner for plus user - Riftbound in desktop at 1680x1050 viewport size","advertisement-tests","2026-08-21","passed","2026-08-21","Verify ad blocks for plus user","advertisement/ad-plus-user.test.js","",""
"","743","Check video block & footer banner for plus user - Riftbound in desktop at 1100x800 viewport size","advertisement-tests","2026-08-21","passed","2026-08-21","Verify ad blocks for plus user","advertisement/ad-plus-user.test.js","",""
"","374","Check ad blocks for plus user - Nightreign in mobile at 360x780 viewport size","advertisement-tests","2026-08-21","passed","2026-08-21","Verify ad blocks for plus user","advertisement/ad-plus-user.test.js","",""
"","45599","Check video block, footer banner, L vertical banner for regular user - Monster Hunter Wilds in desktop at 1280x800 viewport size","advertisement-tests","2026-08-21","failed","2026-08-21","Verify ad blocks for regular user","advertisement/ad-regular-user.test.js","",""
"","652","Check advertisement blocks for plus user - Destiny 2 in desktop at 800x800 viewport size","advertisement-tests","2026-08-21","passed","2026-08-21","Verify ad blocks for plus user","advertisement/ad-plus-user.test.js","",""
"","759","Check advertisement blocks for plus user - Hades 2 in desktop at 640x1024 viewport size","advertisement-tests","2026-08-21","passed","2026-08-21","Verify ad blocks for plus user","advertisement/ad-plus-user.test.js","",""
"","884","Check video block, footer banner, L vertical banner, S vertical banner for ad free user - Deadlock in desktop at 1680x1050 viewport size","advertisement-tests","2026-08-21","passed","2026-08-21","Verify ad blocks for ad-free user","advertisement/ad-adFree-user.test.js","",""
"","475","Check video block & footer banner for regular user - Genshin in desktop at 1100x800 viewport size","advertisement-tests","2026-08-21","passed","2026-08-21","Verify ad blocks for regular user","advertisement/ad-regular-user.test.js","",""
"","737","Check advertisement blocks for plus user - PoE in desktop at 640x1024 viewport size","advertisement-tests","2026-08-21","passed","2026-08-21","Verify ad blocks for plus user","advertisement/ad-plus-user.test.js","",""
"","60668","Check video block, footer banner, L vertical banner, S vertical banner for regular user - PoE in desktop at 1680x1050 viewport size","advertisement-tests","2026-08-21","failed","2026-08-21","Verify ad blocks for regular user","advertisement/ad-regular-user.test.js","",""
"","3109","Check video block, footer banner, L vertical banner, S vertical banner for plus user - Borderlands 4 in desktop at 1680x1050 viewport size","advertisement-tests","2026-08-21","passed","2026-08-21","Verify ad blocks for plus user","advertisement/ad-plus-user.test.js","",""
"","611","Check video block & footer banner for ad free user - Diablo 4 in desktop at 1100x800 viewport size","advertisement-tests","2026-08-21","passed","2026-08-21","Verify ad blocks for ad-free user","advertisement/ad-adFree-user.test.js","",""
"","663","Check advertisement blocks for plus user - Diablo 4 in desktop at 640x1024 viewport size","advertisement-tests","2026-08-21","passed","2026-08-21","Verify ad blocks for plus user","advertisement/ad-plus-user.test.js","",""
"","30457","Check advertisement blocks for unauthorized user - Borderlands 4 in desktop at 640x1024 viewport size","advertisement-tests","2026-08-21","failed","2026-08-21","Verify ad blocks for guest user","advertisement/ad-unauthorized-user.test.js","",""
"","11410","Check video block, footer banner, L vertical banner for plus user - Deadlock in desktop at 1280x800 viewport size","advertisement-tests","2026-08-21","passed","2026-08-21","Verify ad blocks for plus user","advertisement/ad-plus-user.test.js","",""
"","30655","Check video block & footer banner for regular user - LoL in desktop at 1100x800 viewport size","advertisement-tests","2026-08-21","failed","2026-08-21","Verify ad blocks for regular user","advertisement/ad-regular-user.test.js","",""
"","651","Check ad blocks for plus user - Destiny 2 in mobile at 360x780 viewport size","advertisement-tests","2026-08-21","passed","2026-08-21","Verify ad blocks for plus user","advertisement/ad-plus-user.test.js","",""
"","4","Check ad blocks for regular user - Val in mobile at 360x780 viewport size","advertisement-tests","2026-08-21","skipped","2026-08-21","Verify ad blocks for regular user","advertisement/ad-regular-user.test.js","",""
"","2421","Check video block, footer banner, L vertical banner, S vertical banner for plus user - The Bazaar in desktop at 1680x1050 viewport size","advertisement-tests","2026-08-21","passed","2026-08-21","Verify ad blocks for plus user","advertisement/ad-plus-user.test.js","",""
"","611","Check advertisement blocks for ad free user - Riftbound in desktop at 800x800 viewport size","advertisement-tests","2026-08-21","passed","2026-08-21","Verify ad blocks for ad-free user","advertisement/ad-adFree-user.test.js","",""
"","654","Check advertisement blocks for plus user - Hades 2 in desktop at 800x800 viewport size","advertisement-tests","2026-08-21","passed","2026-08-21","Verify ad blocks for plus user","advertisement/ad-plus-user.test.js","",""
"","753","Check video block & footer banner for plus user - Nightreign in desktop at 1100x800 viewport size","advertisement-tests","2026-08-21","passed","2026-08-21","Verify ad blocks for plus user","advertisement/ad-plus-user.test.js","",""
"","1248","Check ad blocks for ad free user - STS 2 in mobile at 360x780 viewport size","advertisement-tests","2026-08-21","passed","2026-08-21","Verify ad blocks for ad-free user","advertisement/ad-adFree-user.test.js","",""
"","30635","Check video block & footer banner for unauthorized user - Riftbound in mobile at 360x780 viewport size","advertisement-tests","2026-08-21","failed","2026-08-21","Verify ad blocks for guest user","advertisement/ad-unauthorized-user.test.js","",""
"","474","Check advertisement blocks for ad free user - PoE in desktop at 800x800 viewport size","advertisement-tests","2026-08-21","passed","2026-08-21","Verify ad blocks for ad-free user","advertisement/ad-adFree-user.test.js","",""
"","30523","Check advertisement blocks for regular user - LoL in desktop at 640x1024 viewport size","advertisement-tests","2026-08-21","failed","2026-08-21","Verify ad blocks for regular user","advertisement/ad-regular-user.test.js","",""
"","30433","Check advertisement blocks for unauthorized user - ZZZ in desktop at 640x1024 viewport size","advertisement-tests","2026-08-21","failed","2026-08-21","Verify ad blocks for guest user","advertisement/ad-unauthorized-user.test.js","",""
"","1293","Check video block & footer banner for ad free user - ZZZ in desktop at 1100x800 viewport size","advertisement-tests","2026-08-21","passed","2026-08-21","Verify ad blocks for ad-free user","advertisement/ad-adFree-user.test.js","",""
"","708","Check video block & footer banner for ad free user - Marvel Rivals in desktop at 1100x800 viewport size","advertisement-tests","2026-08-21","passed","2026-08-21","Verify ad blocks for ad-free user","advertisement/ad-adFree-user.test.js","",""
"","3547","Check video block, footer banner, L vertical banner for plus user - PoE 2 in desktop at 1280x800 viewport size","advertisement-tests","2026-08-21","passed","2026-08-21","Verify ad blocks for plus user","advertisement/ad-plus-user.test.js","",""
"","30519","Check advertisement blocks for regular user - 2XKO in desktop at 640x1024 viewport size","advertisement-tests","2026-08-21","failed","2026-08-21","Verify ad blocks for regular user","advertisement/ad-regular-user.test.js","",""
"","30502","Check video block & footer banner for regular user - PoE 2 in desktop at 800x800 viewport size","advertisement-tests","2026-08-21","failed","2026-08-21","Verify ad blocks for regular user","advertisement/ad-regular-user.test.js","",""
"","672","Check advertisement blocks for plus user - Nightreign in desktop at 800x800 viewport size","advertisement-tests","2026-08-21","passed","2026-08-21","Verify ad blocks for plus user","advertisement/ad-plus-user.test.js","",""
"","1232","Check video block, footer banner, L vertical banner, S vertical banner for ad free user - Marvel Rivals in desktop at 1680x1050 viewport size","advertisement-tests","2026-08-21","passed","2026-08-21","Verify ad blocks for ad-free user","advertisement/ad-adFree-user.test.js","",""
"","3184","Check video block, footer banner, L vertical banner for plus user - Marathon in desktop at 1280x800 viewport size","advertisement-tests","2026-08-21","passed","2026-08-21","Verify ad blocks for plus user","advertisement/ad-plus-user.test.js","",""
"","30482","Check video block & footer banner for regular user - PoE in desktop at 800x800 viewport size","advertisement-tests","2026-08-21","failed","2026-08-21","Verify ad blocks for regular user","advertisement/ad-regular-user.test.js","",""
"","30593","Check video block & footer banner for regular user - Val in desktop at 1100x800 viewport size","advertisement-tests","2026-08-21","failed","2026-08-21","Verify ad blocks for regular user","advertisement/ad-regular-user.test.js","",""
"","1052","Check advertisement blocks for ad free user - Marvel Rivals in desktop at 640x1024 viewport size","advertisement-tests","2026-08-21","passed","2026-08-21","Verify ad blocks for ad-free user","advertisement/ad-adFree-user.test.js","",""
"","480","Check advertisement blocks for ad free user - Deadlock in desktop at 800x800 viewport size","advertisement-tests","2026-08-21","passed","2026-08-21","Verify ad blocks for ad-free user","advertisement/ad-adFree-user.test.js","",""
"","30494","Check video block & footer banner for unauthorized user - 2XKO in desktop at 800x800 viewport size","advertisement-tests","2026-08-21","failed","2026-08-21","Verify ad blocks for guest user","advertisement/ad-unauthorized-user.test.js","",""
"","767","Check video block, footer banner, L vertical banner, S vertical banner for ad free user - NTE in desktop at 1680x1050 viewport size","advertisement-tests","2026-08-21","passed","2026-08-21","Verify ad blocks for ad-free user","advertisement/ad-adFree-user.test.js","",""
"","706","Check advertisement blocks for plus user - Marvel Rivals in desktop at 640x1024 viewport size","advertisement-tests","2026-08-21","passed","2026-08-21","Verify ad blocks for plus user","advertisement/ad-plus-user.test.js","",""
"","665","Check ad blocks for plus user - Hades 2 in mobile at 360x780 viewport size","advertisement-tests","2026-08-21","passed","2026-08-21","Verify ad blocks for plus user","advertisement/ad-plus-user.test.js","",""
"","1095","Check video block & footer banner for ad free user - Destiny 2 in desktop at 1100x800 viewport size","advertisement-tests","2026-08-21","passed","2026-08-21","Verify ad blocks for ad-free user","advertisement/ad-adFree-user.test.js","",""
"","45553","Check video block, footer banner, L vertical banner for regular user - Val in desktop at 1280x800 viewport size","advertisement-tests","2026-08-21","failed","2026-08-21","Verify ad blocks for regular user","advertisement/ad-regular-user.test.js","",""
"","2808","Check advertisement blocks for plus user - Val in desktop at 640x1024 viewport size","advertisement-tests","2026-08-21","passed","2026-08-21","Verify ad blocks for plus user","advertisement/ad-plus-user.test.js","",""
"","2017","Check ad blocks for ad free user - Borderlands 4 in mobile at 360x780 viewport size","advertisement-tests","2026-08-21","passed","2026-08-21","Verify ad blocks for ad-free user","advertisement/ad-adFree-user.test.js","",""
"","597","Check ad blocks for plus user - PoE in mobile at 360x780 viewport size","advertisement-tests","2026-08-21","passed","2026-08-21","Verify ad blocks for plus user","advertisement/ad-plus-user.test.js","",""
"","60578","Check video block, footer banner, L vertical banner, S vertical banner for regular user - STS 2 in desktop at 1680x1050 viewport size","advertisement-tests","2026-08-21","failed","2026-08-21","Verify ad blocks for regular user","advertisement/ad-regular-user.test.js","",""
"","1109","Check advertisement blocks for ad free user - Riftbound in desktop at 640x1024 viewport size","advertisement-tests","2026-08-21","passed","2026-08-21","Verify ad blocks for ad-free user","advertisement/ad-adFree-user.test.js","",""
"","60546","Check video block, footer banner, L vertical banner, S vertical banner for regular user - ZZZ in desktop at 1680x1050 viewport size","advertisement-tests","2026-08-21","failed","2026-08-21","Verify ad blocks for regular user","advertisement/ad-regular-user.test.js","",""
"","1159","Check video block & footer banner for ad free user - The Bazaar in desktop at 1100x800 viewport size","advertisement-tests","2026-08-21","passed","2026-08-21","Verify ad blocks for ad-free user","advertisement/ad-adFree-user.test.js","",""
"","30511","Check advertisement blocks for regular user - Marathon in desktop at 640x1024 viewport size","advertisement-tests","2026-08-21","failed","2026-08-21","Verify ad blocks for regular user","advertisement/ad-regular-user.test.js","",""
"","370","Check advertisement blocks for regular user - Genshin in desktop at 640x1024 viewport size","advertisement-tests","2026-08-21","passed","2026-08-21","Verify ad blocks for regular user","advertisement/ad-regular-user.test.js","",""
"","760","Check video block & footer banner for ad free user - Marathon in desktop at 1100x800 viewport size","advertisement-tests","2026-08-21","passed","2026-08-21","Verify ad blocks for ad-free user","advertisement/ad-adFree-user.test.js","",""
"","501","Check advertisement blocks for ad free user - Nightreign in desktop at 800x800 viewport size","advertisement-tests","2026-08-21","passed","2026-08-21","Verify ad blocks for ad-free user","advertisement/ad-adFree-user.test.js","",""
"","824","Check video block, footer banner, L vertical banner, S vertical banner for ad free user - ZZZ in desktop at 1680x1050 viewport size","advertisement-tests","2026-08-21","passed","2026-08-21","Verify ad blocks for ad-free user","advertisement/ad-adFree-user.test.js","",""
"","30508","Check advertisement blocks for regular user - TFT in desktop at 640x1024 viewport size","advertisement-tests","2026-08-21","failed","2026-08-21","Verify ad blocks for regular user","advertisement/ad-regular-user.test.js","",""
"","30460","Check video block & footer banner for unauthorized user - LoL in mobile at 360x780 viewport size","advertisement-tests","2026-08-21","failed","2026-08-21","Verify ad blocks for guest user","advertisement/ad-unauthorized-user.test.js","",""
"","721","Check advertisement blocks for plus user - ZZZ in desktop at 640x1024 viewport size","advertisement-tests","2026-08-21","passed","2026-08-21","Verify ad blocks for plus user","advertisement/ad-plus-user.test.js","",""
"","3243","Check video block, footer banner, L vertical banner, S vertical banner for plus user - Val in desktop at 1680x1050 viewport size","advertisement-tests","2026-08-21","passed","2026-08-21","Verify ad blocks for plus user","advertisement/ad-plus-user.test.js","",""
"","10860","Check ad blocks for regular user - Riftbound in mobile at 360x780 viewport size","advertisement-tests","2026-08-21","passed","2026-08-21","Verify ad blocks for regular user","advertisement/ad-regular-user.test.js","",""
"","45570","Check video block, footer banner, L vertical banner for regular user - Marathon in desktop at 1280x800 viewport size","advertisement-tests","2026-08-21","failed","2026-08-21","Verify ad blocks for regular user","advertisement/ad-regular-user.test.js","",""
"","1126","Check ad blocks for ad free user - Deadlock in mobile at 360x780 viewport size","advertisement-tests","2026-08-21","passed","2026-08-21","Verify ad blocks for ad-free user","advertisement/ad-adFree-user.test.js","",""
"","519","Check video block, footer banner, L vertical banner for ad free user - Diablo 4 in desktop at 1280x800 viewport size","advertisement-tests","2026-08-21","passed","2026-08-21","Verify ad blocks for ad-free user","advertisement/ad-adFree-user.test.js","",""
"","30493","Check video block & footer banner for regular user - LoL in desktop at 800x800 viewport size","advertisement-tests","2026-08-21","failed","2026-08-21","Verify ad blocks for regular user","advertisement/ad-regular-user.test.js","",""
"","30536","Check video block & footer banner for regular user - Deadlock in desktop at 1100x800 viewport size","advertisement-tests","2026-08-21","failed","2026-08-21","Verify ad blocks for regular user","advertisement/ad-regular-user.test.js","",""
"","988","Check video block, footer banner, L vertical banner, S vertical banner for ad free user - Nightreign in desktop at 1680x1050 viewport size","advertisement-tests","2026-08-21","passed","2026-08-21","Verify ad blocks for ad-free user","advertisement/ad-adFree-user.test.js","",""
"","45578","Check video block, footer banner, L vertical banner for regular user - Endfield in desktop at 1280x800 viewport size","advertisement-tests","2026-08-21","failed","2026-08-21","Verify ad blocks for regular user","advertisement/ad-regular-user.test.js","",""
"","757","Check video block & footer banner for plus user - Diablo 4 in desktop at 1100x800 viewport size","advertisement-tests","2026-08-21","passed","2026-08-21","Verify ad blocks for plus user","advertisement/ad-plus-user.test.js","",""
"","30974","Check video block & footer banner for ad free user - TFT in desktop at 1100x800 viewport size","advertisement-tests","2026-08-21","failed","2026-08-21","Verify ad blocks for ad-free user","advertisement/ad-adFree-user.test.js","",""
"","30518","Check video block & footer banner for unauthorized user - PoE 2 in mobile at 360x780 viewport size","advertisement-tests","2026-08-21","failed","2026-08-21","Verify ad blocks for guest user","advertisement/ad-unauthorized-user.test.js","",""
"","30494","Check video block & footer banner for unauthorized user - LoL in desktop at 800x800 viewport size","advertisement-tests","2026-08-21","failed","2026-08-21","Verify ad blocks for guest user","advertisement/ad-unauthorized-user.test.js","",""
"","10884","Check video block, footer banner, L vertical banner, S vertical banner for plus user - Endfield in desktop at 1680x1050 viewport size","advertisement-tests","2026-08-21","passed","2026-08-21","Verify ad blocks for plus user","advertisement/ad-plus-user.test.js","",""
"","9504","Check ad blocks for ad free user - Diablo 4 in mobile at 360x780 viewport size","advertisement-tests","2026-08-21","passed","2026-08-21","Verify ad blocks for ad-free user","advertisement/ad-adFree-user.test.js","",""
"","1120","Check advertisement blocks for ad free user - PoE 2 in desktop at 640x1024 viewport size","advertisement-tests","2026-08-21","passed","2026-08-21","Verify ad blocks for ad-free user","advertisement/ad-adFree-user.test.js","",""
"","688","Check video block & footer banner for plus user - Destiny 2 in desktop at 1100x800 viewport size","advertisement-tests","2026-08-21","passed","2026-08-21","Verify ad blocks for plus user","advertisement/ad-plus-user.test.js","",""
"","486","Check advertisement blocks for regular user - Val in desktop at 640x1024 viewport size","advertisement-tests","2026-08-21","passed","2026-08-21","Verify ad blocks for regular user","advertisement/ad-regular-user.test.js","",""
"","609","setup add free user","user-roles-setup","2026-08-21","passed","2026-08-21","","setup/authByUserRoles.setup.test.js","",""
"","501","Check advertisement blocks for ad free user - Marvel Rivals in desktop at 800x800 viewport size","advertisement-tests","2026-08-21","passed","2026-08-21","Verify ad blocks for ad-free user","advertisement/ad-adFree-user.test.js","",""
"","30565","Check video block & footer banner for regular user - 2XKO in desktop at 800x800 viewport size","advertisement-tests","2026-08-21","failed","2026-08-21","Verify ad blocks for regular user","advertisement/ad-regular-user.test.js","",""
"","30623","Check ad blocks for regular user - Diablo 4 in mobile at 360x780 viewport size","advertisement-tests","2026-08-21","failed","2026-08-21","Verify ad blocks for regular user","advertisement/ad-regular-user.test.js","",""
"","576","Check video block, footer banner, L vertical banner for ad free user - Marathon in desktop at 1280x800 viewport size","advertisement-tests","2026-08-21","passed","2026-08-21","Verify ad blocks for ad-free user","advertisement/ad-adFree-user.test.js","",""
"","30448","Check advertisement blocks for unauthorized user - Marvel Rivals in desktop at 640x1024 viewport size","advertisement-tests","2026-08-21","failed","2026-08-21","Verify ad blocks for guest user","advertisement/ad-unauthorized-user.test.js","",""
"","628","Check advertisement blocks for plus user - TFT in desktop at 640x1024 viewport size","advertisement-tests","2026-08-21","passed","2026-08-21","Verify ad blocks for plus user","advertisement/ad-plus-user.test.js","",""
"","621","Check ad blocks for plus user - PoE 2 in mobile at 360x780 viewport size","advertisement-tests","2026-08-21","passed","2026-08-21","Verify ad blocks for plus user","advertisement/ad-plus-user.test.js","",""
"","30507","Check ad blocks for regular user - ZZZ in mobile at 360x780 viewport size","advertisement-tests","2026-08-21","failed","2026-08-21","Verify ad blocks for regular user","advertisement/ad-regular-user.test.js","",""
"","30556","Check video block & footer banner for regular user - Diablo 4 in desktop at 1100x800 viewport size","advertisement-tests","2026-08-21","failed","2026-08-21","Verify ad blocks for regular user","advertisement/ad-regular-user.test.js","",""
"","672","Check advertisement blocks for plus user - Deadlock in desktop at 800x800 viewport size","advertisement-tests","2026-08-21","passed","2026-08-21","Verify ad blocks for plus user","advertisement/ad-plus-user.test.js","",""
"","12501","Check advertisement blocks for ad free user - TFT in desktop at 640x1024 viewport size","advertisement-tests","2026-08-21","passed","2026-08-21","Verify ad blocks for ad-free user","advertisement/ad-adFree-user.test.js","",""
"","855","Check advertisement blocks for ad free user - Val in desktop at 800x800 viewport size","advertisement-tests","2026-08-21","passed","2026-08-21","Verify ad blocks for ad-free user","advertisement/ad-adFree-user.test.js","",""
"","900","Check video block, footer banner, L vertical banner, S vertical banner for ad free user - Hades 2 in desktop at 1680x1050 viewport size","advertisement-tests","2026-08-21","passed","2026-08-21","Verify ad blocks for ad-free user","advertisement/ad-adFree-user.test.js","",""
"","30481","Check ad blocks for regular user - Deadlock in mobile at 360x780 viewport size","advertisement-tests","2026-08-21","failed","2026-08-21","Verify ad blocks for regular user","advertisement/ad-regular-user.test.js","",""
"","633","Check advertisement blocks for ad free user - The Bazaar in desktop at 640x1024 viewport size","advertisement-tests","2026-08-21","passed","2026-08-21","Verify ad blocks for ad-free user","advertisement/ad-adFree-user.test.js","",""
"","2465","Check video block, footer banner, L vertical banner for plus user - Diablo 4 in desktop at 1280x800 viewport size","advertisement-tests","2026-08-21","passed","2026-08-21","Verify ad blocks for plus user","advertisement/ad-plus-user.test.js","",""
"","644","Check advertisement blocks for plus user - STS 2 in desktop at 640x1024 viewport size","advertisement-tests","2026-08-21","passed","2026-08-21","Verify ad blocks for plus user","advertisement/ad-plus-user.test.js","",""
"","15217","Check ad blocks for ad free user - TFT in mobile at 360x780 viewport size","advertisement-tests","2026-08-21","passed","2026-08-21","Verify ad blocks for ad-free user","advertisement/ad-adFree-user.test.js","",""
"","30530","Check advertisement blocks for regular user - Endfield in desktop at 640x1024 viewport size","advertisement-tests","2026-08-21","failed","2026-08-21","Verify ad blocks for regular user","advertisement/ad-regular-user.test.js","",""
"","1119","Check advertisement blocks for plus user - Deadlock in desktop at 640x1024 viewport size","advertisement-tests","2026-08-21","passed","2026-08-21","Verify ad blocks for plus user","advertisement/ad-plus-user.test.js","",""
"","649","Check advertisement blocks for plus user - LoL in desktop at 800x800 viewport size","advertisement-tests","2026-08-21","passed","2026-08-21","Verify ad blocks for plus user","advertisement/ad-plus-user.test.js","",""
"","739","Check advertisement blocks for plus user - The Bazaar in desktop at 640x1024 viewport size","advertisement-tests","2026-08-21","passed","2026-08-21","Verify ad blocks for plus user","advertisement/ad-plus-user.test.js","",""
"","484","Check advertisement blocks for ad free user - Endfield in desktop at 800x800 viewport size","advertisement-tests","2026-08-21","passed","2026-08-21","Verify ad blocks for ad-free user","advertisement/ad-adFree-user.test.js","",""
"","655","Check ad blocks for plus user - Diablo 4 in mobile at 360x780 viewport size","advertisement-tests","2026-08-21","passed","2026-08-21","Verify ad blocks for plus user","advertisement/ad-plus-user.test.js","",""
"","596","Check ad blocks for plus user - ZZZ in mobile at 360x780 viewport size","advertisement-tests","2026-08-21","passed","2026-08-21","Verify ad blocks for plus user","advertisement/ad-plus-user.test.js","",""
"","2752","Check video block, footer banner, L vertical banner for plus user - Endfield in desktop at 1280x800 viewport size","advertisement-tests","2026-08-21","passed","2026-08-21","Verify ad blocks for plus user","advertisement/ad-plus-user.test.js","",""
"","379","Check video block, footer banner, L vertical banner for ad free user - Genshin in desktop at 1280x800 viewport size","advertisement-tests","2026-08-21","passed","2026-08-21","Verify ad blocks for ad-free user","advertisement/ad-adFree-user.test.js","",""
"","45545","Check video block, footer banner, L vertical banner for regular user - ZZZ in desktop at 1280x800 viewport size","advertisement-tests","2026-08-21","failed","2026-08-21","Verify ad blocks for regular user","advertisement/ad-regular-user.test.js","",""
"","5944","Check video block, footer banner, L vertical banner, S vertical banner for plus user - Genshin in desktop at 1680x1050 viewport size","advertisement-tests","2026-08-21","passed","2026-08-21","Verify ad blocks for plus user","advertisement/ad-plus-user.test.js","",""
"","61008","Check video block, footer banner, L vertical banner, S vertical banner for regular user - Hades 2 in desktop at 1680x1050 viewport size","advertisement-tests","2026-08-21","failed","2026-08-21","Verify ad blocks for regular user","advertisement/ad-regular-user.test.js","",""
"","30486","Check ad blocks for regular user - LoL in mobile at 360x780 viewport size","advertisement-tests","2026-08-21","failed","2026-08-21","Verify ad blocks for regular user","advertisement/ad-regular-user.test.js","",""
"","850","Check ad blocks for plus user - Deadlock in mobile at 360x780 viewport size","advertisement-tests","2026-08-21","passed","2026-08-21","Verify ad blocks for plus user","advertisement/ad-plus-user.test.js","",""
"","30452","Check video block & footer banner for unauthorized user - Borderlands 4 in mobile at 360x780 viewport size","advertisement-tests","2026-08-21","failed","2026-08-21","Verify ad blocks for guest user","advertisement/ad-unauthorized-user.test.js","",""
"","609","Check video block & footer banner for ad free user - Riftbound in desktop at 1100x800 viewport size","advertisement-tests","2026-08-21","passed","2026-08-21","Verify ad blocks for ad-free user","advertisement/ad-adFree-user.test.js","",""
"","10902","Check video block, footer banner, L vertical banner for plus user - ZZZ in desktop at 1280x800 viewport size","advertisement-tests","2026-08-21","passed","2026-08-21","Verify ad blocks for plus user","advertisement/ad-plus-user.test.js","",""
"","991","Check video block, footer banner, L vertical banner, S vertical banner for ad free user - Diablo 4 in desktop at 1680x1050 viewport size","advertisement-tests","2026-08-21","passed","2026-08-21","Verify ad blocks for ad-free user","advertisement/ad-adFree-user.test.js","",""
"","545","Check video block & footer banner for regular user - NTE in desktop at 1100x800 viewport size","advertisement-tests","2026-08-21","passed","2026-08-21","Verify ad blocks for regular user","advertisement/ad-regular-user.test.js","",""
"","2244","Check ad blocks for ad free user - Riftbound in mobile at 360x780 viewport size","advertisement-tests","2026-08-21","passed","2026-08-21","Verify ad blocks for ad-free user","advertisement/ad-adFree-user.test.js","",""
"","3308","Check advertisement blocks for plus user - Genshin in desktop at 640x1024 viewport size","advertisement-tests","2026-08-21","passed","2026-08-21","Verify ad blocks for plus user","advertisement/ad-plus-user.test.js","",""
"","30475","Check video block & footer banner for unauthorized user - ZZZ in desktop at 800x800 viewport size","advertisement-tests","2026-08-21","failed","2026-08-21","Verify ad blocks for guest user","advertisement/ad-unauthorized-user.test.js","",""
"","30670","Check video block & footer banner for unauthorized user - Hades 2 in desktop at 800x800 viewport size","advertisement-tests","2026-08-21","failed","2026-08-21","Verify ad blocks for guest user","advertisement/ad-unauthorized-user.test.js","",""
"","30593","Check video block & footer banner for unauthorized user - Marvel Rivals in mobile at 360x780 viewport size","advertisement-tests","2026-08-21","failed","2026-08-21","Verify ad blocks for guest user","advertisement/ad-unauthorized-user.test.js","",""
"","30484","Check advertisement blocks for unauthorized user - Hades 2 in desktop at 640x1024 viewport size","advertisement-tests","2026-08-21","failed","2026-08-21","Verify ad blocks for guest user","advertisement/ad-unauthorized-user.test.js","",""
"","367","Check video block & footer banner for unauthorized user - NTE in mobile at 360x780 viewport size","advertisement-tests","2026-08-21","passed","2026-08-21","Verify ad blocks for guest user","advertisement/ad-unauthorized-user.test.js","",""
"","586","Check ad blocks for plus user - Overwatch in mobile at 360x780 viewport size","advertisement-tests","2026-08-21","passed","2026-08-21","Verify ad blocks for plus user","advertisement/ad-plus-user.test.js","",""
"","30517","Check video block & footer banner for regular user - STS 2 in desktop at 800x800 viewport size","advertisement-tests","2026-08-21","failed","2026-08-21","Verify ad blocks for regular user","advertisement/ad-regular-user.test.js","",""
"","539","Check video block, footer banner, L vertical banner for ad free user - PoE in desktop at 1280x800 viewport size","advertisement-tests","2026-08-21","passed","2026-08-21","Verify ad blocks for ad-free user","advertisement/ad-adFree-user.test.js","",""
"","658","Check advertisement blocks for plus user - Borderlands 4 in desktop at 800x800 viewport size","advertisement-tests","2026-08-21","passed","2026-08-21","Verify ad blocks for plus user","advertisement/ad-plus-user.test.js","",""
"","60589","Check video block, footer banner, L vertical banner, S vertical banner for regular user - Endfield in desktop at 1680x1050 viewport size","advertisement-tests","2026-08-21","failed","2026-08-21","Verify ad blocks for regular user","advertisement/ad-regular-user.test.js","",""
"","640","Check video block & footer banner for plus user - Monster Hunter Wilds in desktop at 1100x800 viewport size","advertisement-tests","2026-08-21","passed","2026-08-21","Verify ad blocks for plus user","advertisement/ad-plus-user.test.js","",""
"","30495","Check video block & footer banner for regular user - Marathon in desktop at 800x800 viewport size","advertisement-tests","2026-08-21","failed","2026-08-21","Verify ad blocks for regular user","advertisement/ad-regular-user.test.js","",""
"","45899","Check video block, footer banner, L vertical banner for ad free user - TFT in desktop at 1280x800 viewport size","advertisement-tests","2026-08-21","failed","2026-08-21","Verify ad blocks for ad-free user","advertisement/ad-adFree-user.test.js","",""
"","762","Check video block & footer banner for ad free user - NTE in desktop at 1100x800 viewport size","advertisement-tests","2026-08-21","passed","2026-08-21","Verify ad blocks for ad-free user","advertisement/ad-adFree-user.test.js","",""
"","30614","Check video block & footer banner for unauthorized user - PoE in mobile at 360x780 viewport size","advertisement-tests","2026-08-21","failed","2026-08-21","Verify ad blocks for guest user","advertisement/ad-unauthorized-user.test.js","",""
"","941","Check ad blocks for plus user - Borderlands 4 in mobile at 360x780 viewport size","advertisement-tests","2026-08-21","passed","2026-08-21","Verify ad blocks for plus user","advertisement/ad-plus-user.test.js","",""
"","11944","Check video block, footer banner, L vertical banner for plus user - Monster Hunter Wilds in desktop at 1280x800 viewport size","advertisement-tests","2026-08-21","passed","2026-08-21","Verify ad blocks for plus user","advertisement/ad-plus-user.test.js","",""
"","1243","Check video block & footer banner for ad free user - Endfield in desktop at 1100x800 viewport size","advertisement-tests","2026-08-21","passed","2026-08-21","Verify ad blocks for ad-free user","advertisement/ad-adFree-user.test.js","",""
"","30498","Check ad blocks for regular user - STS 2 in mobile at 360x780 viewport size","advertisement-tests","2026-08-21","failed","2026-08-21","Verify ad blocks for regular user","advertisement/ad-regular-user.test.js","",""
"","60564","Check video block, footer banner, L vertical banner, S vertical banner for regular user - Deadlock in desktop at 1680x1050 viewport size","advertisement-tests","2026-08-21","failed","2026-08-21","Verify ad blocks for regular user","advertisement/ad-regular-user.test.js","",""
"","30583","Check advertisement blocks for unauthorized user - Diablo 4 in desktop at 640x1024 viewport size","advertisement-tests","2026-08-21","failed","2026-08-21","Verify ad blocks for guest user","advertisement/ad-unauthorized-user.test.js","",""
"","30656","Check video block & footer banner for regular user - Nightreign in desktop at 800x800 viewport size","advertisement-tests","2026-08-21","failed","2026-08-21","Verify ad blocks for regular user","advertisement/ad-regular-user.test.js","",""
"","922","Check video block & footer banner for ad free user - Hades 2 in desktop at 1100x800 viewport size","advertisement-tests","2026-08-21","passed","2026-08-21","Verify ad blocks for ad-free user","advertisement/ad-adFree-user.test.js","",""
"","621","Check ad blocks for plus user - 2XKO in mobile at 360x780 viewport size","advertisement-tests","2026-08-21","passed","2026-08-21","Verify ad blocks for plus user","advertisement/ad-plus-user.test.js","",""
"","30524","Check advertisement blocks for regular user - Marvel Rivals in desktop at 640x1024 viewport size","advertisement-tests","2026-08-21","failed","2026-08-21","Verify ad blocks for regular user","advertisement/ad-regular-user.test.js","",""
"","1089","Check advertisement blocks for plus user - 2XKO in desktop at 640x1024 viewport size","advertisement-tests","2026-08-21","passed","2026-08-21","Verify ad blocks for plus user","advertisement/ad-plus-user.test.js","",""
"","1045","Check advertisement blocks for plus user - Borderlands 4 in desktop at 640x1024 viewport size","advertisement-tests","2026-08-21","passed","2026-08-21","Verify ad blocks for plus user","advertisement/ad-plus-user.test.js","",""
"","765","Check ad blocks for ad free user - Genshin in mobile at 360x780 viewport size","advertisement-tests","2026-08-21","passed","2026-08-21","Verify ad blocks for ad-free user","advertisement/ad-adFree-user.test.js","",""
"","516","Check video block, footer banner, L vertical banner for ad free user - ZZZ in desktop at 1280x800 viewport size","advertisement-tests","2026-08-21","passed","2026-08-21","Verify ad blocks for ad-free user","advertisement/ad-adFree-user.test.js","",""
"","30580","Check video block & footer banner for unauthorized user - Marathon in mobile at 360x780 viewport size","advertisement-tests","2026-08-21","failed","2026-08-21","Verify ad blocks for guest user","advertisement/ad-unauthorized-user.test.js","",""
"","609","Check ad blocks for plus user - The Bazaar in mobile at 360x780 viewport size","advertisement-tests","2026-08-21","passed","2026-08-21","Verify ad blocks for plus user","advertisement/ad-plus-user.test.js","",""
"","881","Check video block, footer banner, L vertical banner, S vertical banner for ad free user - Marathon in desktop at 1680x1050 viewport size","advertisement-tests","2026-08-21","passed","2026-08-21","Verify ad blocks for ad-free user","advertisement/ad-adFree-user.test.js","",""
"","30516","Check video block & footer banner for regular user - Monster Hunter Wilds in desktop at 1100x800 viewport size","advertisement-tests","2026-08-21","failed","2026-08-21","Verify ad blocks for regular user","advertisement/ad-regular-user.test.js","",""
"","995","Check video block, footer banner, L vertical banner, S vertical banner for ad free user - PoE in desktop at 1680x1050 viewport size","advertisement-tests","2026-08-21","passed","2026-08-21","Verify ad blocks for ad-free user","advertisement/ad-adFree-user.test.js","",""
"","507","Check video block, footer banner, L vertical banner for ad free user - Deadlock in desktop at 1280x800 viewport size","advertisement-tests","2026-08-21","passed","2026-08-21","Verify ad blocks for ad-free user","advertisement/ad-adFree-user.test.js","",""
"","499","Check ad blocks for regular user - Nightreign in mobile at 360x780 viewport size","advertisement-tests","2026-08-21","passed","2026-08-21","Verify ad blocks for regular user","advertisement/ad-regular-user.test.js","",""
"","525","Check video block, footer banner, L vertical banner for ad free user - Nightreign in desktop at 1280x800 viewport size","advertisement-tests","2026-08-21","passed","2026-08-21","Verify ad blocks for ad-free user","advertisement/ad-adFree-user.test.js","",""
"","30540","Check video block & footer banner for regular user - The Bazaar in desktop at 800x800 viewport size","advertisement-tests","2026-08-21","failed","2026-08-21","Verify ad blocks for regular user","advertisement/ad-regular-user.test.js","",""
"","2747","Check video block, footer banner, L vertical banner, S vertical banner for plus user - Deadlock in desktop at 1680x1050 viewport size","advertisement-tests","2026-08-21","passed","2026-08-21","Verify ad blocks for plus user","advertisement/ad-plus-user.test.js","",""
"","10125","Check video block, footer banner, L vertical banner for plus user - PoE in desktop at 1280x800 viewport size","advertisement-tests","2026-08-21","passed","2026-08-21","Verify ad blocks for plus user","advertisement/ad-plus-user.test.js","",""
"","557","Check video block, footer banner, L vertical banner for ad free user - Overwatch in desktop at 1280x800 viewport size","advertisement-tests","2026-08-21","passed","2026-08-21","Verify ad blocks for ad-free user","advertisement/ad-adFree-user.test.js","",""
"","2700","Check video block, footer banner, L vertical banner for plus user - Nightreign in desktop at 1280x800 viewport size","advertisement-tests","2026-08-21","passed","2026-08-21","Verify ad blocks for plus user","advertisement/ad-plus-user.test.js","",""
"","823","Check advertisement blocks for ad free user - PoE in desktop at 640x1024 viewport size","advertisement-tests","2026-08-21","passed","2026-08-21","Verify ad blocks for ad-free user","advertisement/ad-adFree-user.test.js","",""
"","584","Check advertisement blocks for ad free user - NTE in desktop at 640x1024 viewport size","advertisement-tests","2026-08-21","passed","2026-08-21","Verify ad blocks for ad-free user","advertisement/ad-adFree-user.test.js","",""
"","640","Check advertisement blocks for ad free user - Nightreign in desktop at 640x1024 viewport size","advertisement-tests","2026-08-21","passed","2026-08-21","Verify ad blocks for ad-free user","advertisement/ad-adFree-user.test.js","",""
"","30509","Check advertisement blocks for unauthorized user - STS 2 in desktop at 640x1024 viewport size","advertisement-tests","2026-08-21","failed","2026-08-21","Verify ad blocks for guest user","advertisement/ad-unauthorized-user.test.js","",""
"","216","Check advertisement blocks for unauthorized user - Val in desktop at 640x1024 viewport size","advertisement-tests","2026-08-21","skipped","2026-08-21","Verify ad blocks for guest user","advertisement/ad-unauthorized-user.test.js","",""
"","3510","Check advertisement blocks for ad free user - Hades 2 in desktop at 640x1024 viewport size","advertisement-tests","2026-08-21","passed","2026-08-21","Verify ad blocks for ad-free user","advertisement/ad-adFree-user.test.js","",""
"","30499","Check advertisement blocks for regular user - Diablo 4 in desktop at 640x1024 viewport size","advertisement-tests","2026-08-21","failed","2026-08-21","Verify ad blocks for regular user","advertisement/ad-regular-user.test.js","",""
"","495","Check advertisement blocks for ad free user - Destiny 2 in desktop at 800x800 viewport size","advertisement-tests","2026-08-21","passed","2026-08-21","Verify ad blocks for ad-free user","advertisement/ad-adFree-user.test.js","",""
"","30547","Check video block & footer banner for regular user - Riftbound in desktop at 800x800 viewport size","advertisement-tests","2026-08-21","failed","2026-08-21","Verify ad blocks for regular user","advertisement/ad-regular-user.test.js","",""
"","45569","Check video block, footer banner, L vertical banner for regular user - TFT in desktop at 1280x800 viewport size","advertisement-tests","2026-08-21","failed","2026-08-21","Verify ad blocks for regular user","advertisement/ad-regular-user.test.js","",""
"","8626","Check video block, footer banner, L vertical banner for plus user - Genshin in desktop at 1280x800 viewport size","advertisement-tests","2026-08-21","passed","2026-08-21","Verify ad blocks for plus user","advertisement/ad-plus-user.test.js","",""
"","689","Check advertisement blocks for plus user - TFT in desktop at 800x800 viewport size","advertisement-tests","2026-08-21","passed","2026-08-21","Verify ad blocks for plus user","advertisement/ad-plus-user.test.js","",""
"","10","Check ad blocks for ad free user - Val in mobile at 360x780 viewport size","advertisement-tests","2026-08-21","skipped","2026-08-21","Verify ad blocks for ad-free user","advertisement/ad-adFree-user.test.js","",""
"","30456","Check video block & footer banner for unauthorized user - TFT in desktop at 800x800 viewport size","advertisement-tests","2026-08-21","failed","2026-08-21","Verify ad blocks for guest user","advertisement/ad-unauthorized-user.test.js","",""
"","30488","Check advertisement blocks for regular user - Deadlock in desktop at 640x1024 viewport size","advertisement-tests","2026-08-21","failed","2026-08-21","Verify ad blocks for regular user","advertisement/ad-regular-user.test.js","",""
"","482","Check advertisement blocks for ad free user - Monster Hunter Wilds in desktop at 800x800 viewport size","advertisement-tests","2026-08-21","passed","2026-08-21","Verify ad blocks for ad-free user","advertisement/ad-adFree-user.test.js","",""
"","30533","Check video block & footer banner for regular user - ZZZ in desktop at 1100x800 viewport size","advertisement-tests","2026-08-21","failed","2026-08-21","Verify ad blocks for regular user","advertisement/ad-regular-user.test.js","",""
"","527","Check video block, footer banner, L vertical banner for ad free user - STS 2 in desktop at 1280x800 viewport size","advertisement-tests","2026-08-21","passed","2026-08-21","Verify ad blocks for ad-free user","advertisement/ad-adFree-user.test.js","",""
"","9427","Check video block & footer banner for plus user - STS 2 in desktop at 1100x800 viewport size","advertisement-tests","2026-08-21","passed","2026-08-21","Verify ad blocks for plus user","advertisement/ad-plus-user.test.js","",""
"","632","Check advertisement blocks for plus user - The Bazaar in desktop at 800x800 viewport size","advertisement-tests","2026-08-21","passed","2026-08-21","Verify ad blocks for plus user","advertisement/ad-plus-user.test.js","",""
"","868","Check video block, footer banner, L vertical banner, S vertical banner for ad free user - Borderlands 4 in desktop at 1680x1050 viewport size","advertisement-tests","2026-08-21","passed","2026-08-21","Verify ad blocks for ad-free user","advertisement/ad-adFree-user.test.js","",""
"","30441","Check advertisement blocks for unauthorized user - PoE in desktop at 640x1024 viewport size","advertisement-tests","2026-08-21","failed","2026-08-21","Verify ad blocks for guest user","advertisement/ad-unauthorized-user.test.js","",""
"","30518","Check video block & footer banner for regular user - PoE 2 in desktop at 1100x800 viewport size","advertisement-tests","2026-08-21","failed","2026-08-21","Verify ad blocks for regular user","advertisement/ad-regular-user.test.js","",""
"","30524","Check advertisement blocks for regular user - The Bazaar in desktop at 640x1024 viewport size","advertisement-tests","2026-08-21","failed","2026-08-21","Verify ad blocks for regular user","advertisement/ad-regular-user.test.js","",""
"","30505","Check video block & footer banner for unauthorized user - Diablo 4 in desktop at 800x800 viewport size","advertisement-tests","2026-08-21","failed","2026-08-21","Verify ad blocks for guest user","advertisement/ad-unauthorized-user.test.js","",""
"","61087","Check video block, footer banner, L vertical banner, S vertical banner for ad free user - LoL in desktop at 1680x1050 viewport size","advertisement-tests","2026-08-21","failed","2026-08-21","Verify ad blocks for ad-free user","advertisement/ad-adFree-user.test.js","",""
"","1134","Check ad blocks for ad free user - The Bazaar in mobile at 360x780 viewport size","advertisement-tests","2026-08-21","passed","2026-08-21","Verify ad blocks for ad-free user","advertisement/ad-adFree-user.test.js","",""
"","30488","Check video block & footer banner for unauthorized user - Monster Hunter Wilds in mobile at 360x780 viewport size","advertisement-tests","2026-08-21","failed","2026-08-21","Verify ad blocks for guest user","advertisement/ad-unauthorized-user.test.js","",""
"","30577","Check video block & footer banner for regular user - Endfield in desktop at 1100x800 viewport size","advertisement-tests","2026-08-21","failed","2026-08-21","Verify ad blocks for regular user","advertisement/ad-regular-user.test.js","",""
"","30562","Check video block & footer banner for regular user - 2XKO in desktop at 1100x800 viewport size","advertisement-tests","2026-08-21","failed","2026-08-21","Verify ad blocks for regular user","advertisement/ad-regular-user.test.js","",""
"","1001","Check video block, footer banner, L vertical banner, S vertical banner for ad free user - PoE 2 in desktop at 1680x1050 viewport size","advertisement-tests","2026-08-21","passed","2026-08-21","Verify ad blocks for ad-free user","advertisement/ad-adFree-user.test.js","",""
"","30506","Check video block & footer banner for unauthorized user - Diablo 4 in mobile at 360x780 viewport size","advertisement-tests","2026-08-21","failed","2026-08-21","Verify ad blocks for guest user","advertisement/ad-unauthorized-user.test.js","",""
"","9874","Check video block, footer banner, L vertical banner for plus user - TFT in desktop at 1280x800 viewport size","advertisement-tests","2026-08-21","passed","2026-08-21","Verify ad blocks for plus user","advertisement/ad-plus-user.test.js","",""
"","6965","Check advertisement blocks for ad free user - Val in desktop at 640x1024 viewport size","advertisement-tests","2026-08-21","passed","2026-08-21","Verify ad blocks for ad-free user","advertisement/ad-adFree-user.test.js","",""
"","508","Check video block, footer banner, L vertical banner for regular user - Genshin in desktop at 1280x800 viewport size","advertisement-tests","2026-08-21","passed","2026-08-21","Verify ad blocks for regular user","advertisement/ad-regular-user.test.js","",""
"","705","Check advertisement blocks for plus user - Endfield in desktop at 640x1024 viewport size","advertisement-tests","2026-08-21","passed","2026-08-21","Verify ad blocks for plus user","advertisement/ad-plus-user.test.js","",""
"","477","Check advertisement blocks for ad free user - 2XKO in desktop at 800x800 viewport size","advertisement-tests","2026-08-21","passed","2026-08-21","Verify ad blocks for ad-free user","advertisement/ad-adFree-user.test.js","",""
"","571","setup regular user","user-roles-setup","2026-08-21","passed","2026-08-21","","setup/authByUserRoles.setup.test.js","",""
"","30481","Check advertisement blocks for regular user - Hades 2 in desktop at 640x1024 viewport size","advertisement-tests","2026-08-21","failed","2026-08-21","Verify ad blocks for regular user","advertisement/ad-regular-user.test.js","",""
"","45749","Check video block, footer banner, L vertical banner for ad free user - LoL in desktop at 1280x800 viewport size","advertisement-tests","2026-08-21","failed","2026-08-21","Verify ad blocks for ad-free user","advertisement/ad-adFree-user.test.js","",""
"","60945","Check video block, footer banner, L vertical banner, S vertical banner for regular user - Overwatch in desktop at 1680x1050 viewport size","advertisement-tests","2026-08-21","failed","2026-08-21","Verify ad blocks for regular user","advertisement/ad-regular-user.test.js","",""
"","30426","Check video block & footer banner for unauthorized user - Destiny 2 in mobile at 360x780 viewport size","advertisement-tests","2026-08-21","failed","2026-08-21","Verify ad blocks for guest user","advertisement/ad-unauthorized-user.test.js","",""
"","836","Check advertisement blocks for ad free user - ZZZ in desktop at 640x1024 viewport size","advertisement-tests","2026-08-21","passed","2026-08-21","Verify ad blocks for ad-free user","advertisement/ad-adFree-user.test.js","",""
"","799","Check video block & footer banner for ad free user - Genshin in desktop at 1100x800 viewport size","advertisement-tests","2026-08-21","passed","2026-08-21","Verify ad blocks for ad-free user","advertisement/ad-adFree-user.test.js","",""
"","2555","Check video block, footer banner, L vertical banner, S vertical banner for plus user - PoE in desktop at 1680x1050 viewport size","advertisement-tests","2026-08-21","passed","2026-08-21","Verify ad blocks for plus user","advertisement/ad-plus-user.test.js","",""
"","30617","Check video block & footer banner for unauthorized user - ZZZ in mobile at 360x780 viewport size","advertisement-tests","2026-08-21","failed","2026-08-21","Verify ad blocks for guest user","advertisement/ad-unauthorized-user.test.js","",""
"","513","Check video block, footer banner, L vertical banner for ad free user - Hades 2 in desktop at 1280x800 viewport size","advertisement-tests","2026-08-21","passed","2026-08-21","Verify ad blocks for ad-free user","advertisement/ad-adFree-user.test.js","",""
"","1050","Check ad blocks for ad free user - Endfield in mobile at 360x780 viewport size","advertisement-tests","2026-08-21","passed","2026-08-21","Verify ad blocks for ad-free user","advertisement/ad-adFree-user.test.js","",""
"","30694","Check video block & footer banner for unauthorized user - Borderlands 4 in desktop at 800x800 viewport size","advertisement-tests","2026-08-21","failed","2026-08-21","Verify ad blocks for guest user","advertisement/ad-unauthorized-user.test.js","",""
"","10269","Check video block, footer banner, L vertical banner, S vertical banner for plus user - STS 2 in desktop at 1680x1050 viewport size","advertisement-tests","2026-08-21","passed","2026-08-21","Verify ad blocks for plus user","advertisement/ad-plus-user.test.js","",""
"","30456","Check advertisement blocks for unauthorized user - Deadlock in desktop at 640x1024 viewport size","advertisement-tests","2026-08-21","failed","2026-08-21","Verify ad blocks for guest user","advertisement/ad-unauthorized-user.test.js","",""
"","31076","Check video block & footer banner for ad free user - LoL in desktop at 1100x800 viewport size","advertisement-tests","2026-08-21","failed","2026-08-21","Verify ad blocks for ad-free user","advertisement/ad-adFree-user.test.js","",""
"","687","Check video block & footer banner for plus user - Marvel Rivals in desktop at 1100x800 viewport size","advertisement-tests","2026-08-21","passed","2026-08-21","Verify ad blocks for plus user","advertisement/ad-plus-user.test.js","",""
"","401","Check advertisement blocks for plus user - NTE in desktop at 640x1024 viewport size","advertisement-tests","2026-08-21","passed","2026-08-21","Verify ad blocks for plus user","advertisement/ad-plus-user.test.js","",""
"","633","Check ad blocks for plus user - Endfield in mobile at 360x780 viewport size","advertisement-tests","2026-08-21","passed","2026-08-21","Verify ad blocks for plus user","advertisement/ad-plus-user.test.js","",""
"","30499","Check advertisement blocks for regular user - Borderlands 4 in desktop at 640x1024 viewport size","advertisement-tests","2026-08-21","failed","2026-08-21","Verify ad blocks for regular user","advertisement/ad-regular-user.test.js","",""
"","666","Check advertisement blocks for plus user - Overwatch in desktop at 800x800 viewport size","advertisement-tests","2026-08-21","passed","2026-08-21","Verify ad blocks for plus user","advertisement/ad-plus-user.test.js","",""
"","746","Check advertisement blocks for plus user - PoE 2 in desktop at 640x1024 viewport size","advertisement-tests","2026-08-21","passed","2026-08-21","Verify ad blocks for plus user","advertisement/ad-plus-user.test.js","",""
"","780","Check video block & footer banner for ad free user - Overwatch in desktop at 1100x800 viewport size","advertisement-tests","2026-08-21","passed","2026-08-21","Verify ad blocks for ad-free user","advertisement/ad-adFree-user.test.js","",""
"","30459","Check advertisement blocks for unauthorized user - Monster Hunter Wilds in desktop at 640x1024 viewport size","advertisement-tests","2026-08-21","failed","2026-08-21","Verify ad blocks for guest user","advertisement/ad-unauthorized-user.test.js","",""
"","562","Check video block, footer banner, L vertical banner for ad free user - Endfield in desktop at 1280x800 viewport size","advertisement-tests","2026-08-21","passed","2026-08-21","Verify ad blocks for ad-free user","advertisement/ad-adFree-user.test.js","",""
"","183","Check video block & footer banner for unauthorized user - Val in mobile at 360x780 viewport size","advertisement-tests","2026-08-21","skipped","2026-08-21","Verify ad blocks for guest user","advertisement/ad-unauthorized-user.test.js","",""
"","1175","Check video block, footer banner, L vertical banner for plus user - LoL in desktop at 1280x800 viewport size","advertisement-tests","2026-08-21","passed","2026-08-21","Verify ad blocks for plus user","advertisement/ad-plus-user.test.js","",""
"","684","Check video block, footer banner, L vertical banner for ad free user - Val in desktop at 1280x800 viewport size","advertisement-tests","2026-08-21","passed","2026-08-21","Verify ad blocks for ad-free user","advertisement/ad-adFree-user.test.js","",""
"","2405","Check ad blocks for ad free user - 2XKO in mobile at 360x780 viewport size","advertisement-tests","2026-08-21","passed","2026-08-21","Verify ad blocks for ad-free user","advertisement/ad-adFree-user.test.js","",""
"","17987","Check video block, footer banner, L vertical banner, S vertical banner for regular user - Destiny 2 in desktop at 1680x1050 viewport size","advertisement-tests","2026-08-21","failed","2026-08-21","Verify ad blocks for regular user","advertisement/ad-regular-user.test.js","",""
"","30489","Check advertisement blocks for regular user - PoE in desktop at 640x1024 viewport size","advertisement-tests","2026-08-21","failed","2026-08-21","Verify ad blocks for regular user","advertisement/ad-regular-user.test.js","",""
"","564","Check video block, footer banner, L vertical banner for ad free user - The Bazaar in desktop at 1280x800 viewport size","advertisement-tests","2026-08-21","passed","2026-08-21","Verify ad blocks for ad-free user","advertisement/ad-adFree-user.test.js","",""
"","690","Check video block & footer banner for plus user - Hades 2 in desktop at 1100x800 viewport size","advertisement-tests","2026-08-21","passed","2026-08-21","Verify ad blocks for plus user","advertisement/ad-plus-user.test.js","",""
"","10871","Check video block, footer banner, L vertical banner, S vertical banner for plus user - Marathon in desktop at 1680x1050 viewport size","advertisement-tests","2026-08-21","passed","2026-08-21","Verify ad blocks for plus user","advertisement/ad-plus-user.test.js","",""
"","581","Check ad blocks for plus user - Marathon in mobile at 360x780 viewport size","advertisement-tests","2026-08-21","passed","2026-08-21","Verify ad blocks for plus user","advertisement/ad-plus-user.test.js","",""
"","60587","Check video block, footer banner, L vertical banner, S vertical banner for regular user - The Bazaar in desktop at 1680x1050 viewport size","advertisement-tests","2026-08-21","failed","2026-08-21","Verify ad blocks for regular user","advertisement/ad-regular-user.test.js","",""
"","505","Check video block & footer banner for regular user - NTE in desktop at 800x800 viewport size","advertisement-tests","2026-08-21","passed","2026-08-21","Verify ad blocks for regular user","advertisement/ad-regular-user.test.js","",""
"","852","Check video block, footer banner, L vertical banner, S vertical banner for ad free user - Riftbound in desktop at 1680x1050 viewport size","advertisement-tests","2026-08-21","passed","2026-08-21","Verify ad blocks for ad-free user","advertisement/ad-adFree-user.test.js","",""
"","30516","Check video block & footer banner for regular user - Destiny 2 in desktop at 1100x800 viewport size","advertisement-tests","2026-08-21","failed","2026-08-21","Verify ad blocks for regular user","advertisement/ad-regular-user.test.js","",""
"","711","Check video block & footer banner for plus user - PoE 2 in desktop at 1100x800 viewport size","advertisement-tests","2026-08-21","passed","2026-08-21","Verify ad blocks for plus user","advertisement/ad-plus-user.test.js","",""
"","650","Check video block & footer banner for plus user - LoL in desktop at 1100x800 viewport size","advertisement-tests","2026-08-21","passed","2026-08-21","Verify ad blocks for plus user","advertisement/ad-plus-user.test.js","",""
"","45619","Check video block, footer banner, L vertical banner for regular user - Marvel Rivals in desktop at 1280x800 viewport size","advertisement-tests","2026-08-21","failed","2026-08-21","Verify ad blocks for regular user","advertisement/ad-regular-user.test.js","",""
"","466","Check advertisement blocks for ad free user - NTE in desktop at 800x800 viewport size","advertisement-tests","2026-08-21","passed","2026-08-21","Verify ad blocks for ad-free user","advertisement/ad-adFree-user.test.js","",""
"","822","Check video block, footer banner, L vertical banner, S vertical banner for ad free user - STS 2 in desktop at 1680x1050 viewport size","advertisement-tests","2026-08-21","passed","2026-08-21","Verify ad blocks for ad-free user","advertisement/ad-adFree-user.test.js","",""
"","30504","Check ad blocks for regular user - Overwatch in mobile at 360x780 viewport size","advertisement-tests","2026-08-21","failed","2026-08-21","Verify ad blocks for regular user","advertisement/ad-regular-user.test.js","",""
"","30489","Check video block & footer banner for regular user - Overwatch in desktop at 800x800 viewport size","advertisement-tests","2026-08-21","failed","2026-08-21","Verify ad blocks for regular user","advertisement/ad-regular-user.test.js","",""
"","30475","Check video block & footer banner for unauthorized user - Endfield in mobile at 360x780 viewport size","advertisement-tests","2026-08-21","failed","2026-08-21","Verify ad blocks for guest user","advertisement/ad-unauthorized-user.test.js","",""
"","742","Check advertisement blocks for plus user - 2XKO in desktop at 800x800 viewport size","advertisement-tests","2026-08-21","passed","2026-08-21","Verify ad blocks for plus user","advertisement/ad-plus-user.test.js","",""
"","519","Check video block, footer banner, L vertical banner for ad free user - PoE 2 in desktop at 1280x800 viewport size","advertisement-tests","2026-08-21","passed","2026-08-21","Verify ad blocks for ad-free user","advertisement/ad-adFree-user.test.js","",""
"","715","Check video block & footer banner for plus user - ZZZ in desktop at 1100x800 viewport size","advertisement-tests","2026-08-21","passed","2026-08-21","Verify ad blocks for plus user","advertisement/ad-plus-user.test.js","",""
"","508","Check advertisement blocks for ad free user - Marathon in desktop at 800x800 viewport size","advertisement-tests","2026-08-21","passed","2026-08-21","Verify ad blocks for ad-free user","advertisement/ad-adFree-user.test.js","",""
"","534","setup plus user","user-roles-setup","2026-08-21","passed","2026-08-21","","setup/authByUserRoles.setup.test.js","",""
"","737","Check advertisement blocks for plus user - Marvel Rivals in desktop at 800x800 viewport size","advertisement-tests","2026-08-21","passed","2026-08-21","Verify ad blocks for plus user","advertisement/ad-plus-user.test.js","",""
"","30557","Check video block & footer banner for regular user - The Bazaar in desktop at 1100x800 viewport size","advertisement-tests","2026-08-21","failed","2026-08-21","Verify ad blocks for regular user","advertisement/ad-regular-user.test.js","",""
"","45548","Check video block, footer banner, L vertical banner for regular user - LoL in desktop at 1280x800 viewport size","advertisement-tests","2026-08-21","failed","2026-08-21","Verify ad blocks for regular user","advertisement/ad-regular-user.test.js","",""
"","30424","Check video block & footer banner for unauthorized user - STS 2 in mobile at 360x780 viewport size","advertisement-tests","2026-08-21","failed","2026-08-21","Verify ad blocks for guest user","advertisement/ad-unauthorized-user.test.js","",""
"","60563","Check video block, footer banner, L vertical banner, S vertical banner for regular user - Borderlands 4 in desktop at 1680x1050 viewport size","advertisement-tests","2026-08-21","failed","2026-08-21","Verify ad blocks for regular user","advertisement/ad-regular-user.test.js","",""
"","481","Check advertisement blocks for regular user - NTE in desktop at 640x1024 viewport size","advertisement-tests","2026-08-21","passed","2026-08-21","Verify ad blocks for regular user","advertisement/ad-regular-user.test.js","",""
"","656","Check video block & footer banner for ad free user - STS 2 in desktop at 1100x800 viewport size","advertisement-tests","2026-08-21","passed","2026-08-21","Verify ad blocks for ad-free user","advertisement/ad-adFree-user.test.js","",""
"","565","Check advertisement blocks for plus user - NTE in desktop at 800x800 viewport size","advertisement-tests","2026-08-21","passed","2026-08-21","Verify ad blocks for plus user","advertisement/ad-plus-user.test.js","",""
"","30466","Check video block & footer banner for unauthorized user - Val in desktop at 800x800 viewport size","advertisement-tests","2026-08-21","failed","2026-08-21","Verify ad blocks for guest user","advertisement/ad-unauthorized-user.test.js","",""
"","466","Check advertisement blocks for ad free user - Overwatch in desktop at 800x800 viewport size","advertisement-tests","2026-08-21","passed","2026-08-21","Verify ad blocks for ad-free user","advertisement/ad-adFree-user.test.js","",""
"","45616","Check video block, footer banner, L vertical banner for regular user - Nightreign in desktop at 1280x800 viewport size","advertisement-tests","2026-08-21","failed","2026-08-21","Verify ad blocks for regular user","advertisement/ad-regular-user.test.js","",""
"","30539","Check video block & footer banner for regular user - Riftbound in desktop at 1100x800 viewport size","advertisement-tests","2026-08-21","failed","2026-08-21","Verify ad blocks for regular user","advertisement/ad-regular-user.test.js","",""
"","12027","Check video block, footer banner, L vertical banner for plus user - STS 2 in desktop at 1280x800 viewport size","advertisement-tests","2026-08-21","passed","2026-08-21","Verify ad blocks for plus user","advertisement/ad-plus-user.test.js","",""
"","721","Check advertisement blocks for plus user - Monster Hunter Wilds in desktop at 800x800 viewport size","advertisement-tests","2026-08-21","passed","2026-08-21","Verify ad blocks for plus user","advertisement/ad-plus-user.test.js","",""
"","8035","Check video block, footer banner, L vertical banner, S vertical banner for plus user - Destiny 2 in desktop at 1680x1050 viewport size","advertisement-tests","2026-08-21","passed","2026-08-21","Verify ad blocks for plus user","advertisement/ad-plus-user.test.js","",""
"","45572","Check video block, footer banner, L vertical banner for regular user - PoE in desktop at 1280x800 viewport size","advertisement-tests","2026-08-21","failed","2026-08-21","Verify ad blocks for regular user","advertisement/ad-regular-user.test.js","",""
"","30440","Check advertisement blocks for unauthorized user - Marathon in desktop at 640x1024 viewport size","advertisement-tests","2026-08-21","failed","2026-08-21","Verify ad blocks for guest user","advertisement/ad-unauthorized-user.test.js","",""
"","14135","Check ad blocks for ad free user - Marvel Rivals in mobile at 360x780 viewport size","advertisement-tests","2026-08-21","passed","2026-08-21","Verify ad blocks for ad-free user","advertisement/ad-adFree-user.test.js","",""
"","31139","Check advertisement blocks for ad free user - TFT in desktop at 800x800 viewport size","advertisement-tests","2026-08-21","failed","2026-08-21","Verify ad blocks for ad-free user","advertisement/ad-adFree-user.test.js","",""
"","484","Check advertisement blocks for ad free user - Hades 2 in desktop at 800x800 viewport size","advertisement-tests","2026-08-21","passed","2026-08-21","Verify ad blocks for ad-free user","advertisement/ad-adFree-user.test.js","",""
"","30552","Check video block & footer banner for regular user - Borderlands 4 in desktop at 800x800 viewport size","advertisement-tests","2026-08-21","failed","2026-08-21","Verify ad blocks for regular user","advertisement/ad-regular-user.test.js","",""
"","30518","Check video block & footer banner for regular user - PoE in desktop at 1100x800 viewport size","advertisement-tests","2026-08-21","failed","2026-08-21","Verify ad blocks for regular user","advertisement/ad-regular-user.test.js","",""
"","610","Check advertisement blocks for plus user - Genshin in desktop at 800x800 viewport size","advertisement-tests","2026-08-21","passed","2026-08-21","Verify ad blocks for plus user","advertisement/ad-plus-user.test.js","",""
"","803","Check video block, footer banner, L vertical banner, S vertical banner for ad free user - 2XKO in desktop at 1680x1050 viewport size","advertisement-tests","2026-08-21","passed","2026-08-21","Verify ad blocks for ad-free user","advertisement/ad-adFree-user.test.js","",""
"","3480","Check video block, footer banner, L vertical banner, S vertical banner for plus user - LoL in desktop at 1680x1050 viewport size","advertisement-tests","2026-08-21","passed","2026-08-21","Verify ad blocks for plus user","advertisement/ad-plus-user.test.js","",""
"","45596","Check video block, footer banner, L vertical banner for regular user - The Bazaar in desktop at 1280x800 viewport size","advertisement-tests","2026-08-21","failed","2026-08-21","Verify ad blocks for regular user","advertisement/ad-regular-user.test.js","",""
"","11312","Check video block, footer banner, L vertical banner, S vertical banner for plus user - Overwatch in desktop at 1680x1050 viewport size","advertisement-tests","2026-08-21","passed","2026-08-21","Verify ad blocks for plus user","advertisement/ad-plus-user.test.js","",""
"","669","Check advertisement blocks for plus user - Val in desktop at 800x800 viewport size","advertisement-tests","2026-08-21","passed","2026-08-21","Verify ad blocks for plus user","advertisement/ad-plus-user.test.js","",""
"","406","Check video block & footer banner for unauthorized user - Genshin in desktop at 800x800 viewport size","advertisement-tests","2026-08-21","passed","2026-08-21","Verify ad blocks for guest user","advertisement/ad-unauthorized-user.test.js","",""
"","6920","Check ad blocks for ad free user - Destiny 2 in mobile at 360x780 viewport size","advertisement-tests","2026-08-21","passed","2026-08-21","Verify ad blocks for ad-free user","advertisement/ad-adFree-user.test.js","",""
"","503","Check advertisement blocks for ad free user - PoE 2 in desktop at 800x800 viewport size","advertisement-tests","2026-08-21","passed","2026-08-21","Verify ad blocks for ad-free user","advertisement/ad-adFree-user.test.js","",""
"","875","Check advertisement blocks for plus user - ZZZ in desktop at 800x800 viewport size","advertisement-tests","2026-08-21","passed","2026-08-21","Verify ad blocks for plus user","advertisement/ad-plus-user.test.js","",""
"","30561","Check video block & footer banner for unauthorized user - Overwatch in mobile at 360x780 viewport size","advertisement-tests","2026-08-21","failed","2026-08-21","Verify ad blocks for guest user","advertisement/ad-unauthorized-user.test.js","",""
"","2271","Check video block, footer banner, L vertical banner for plus user - Riftbound in desktop at 1280x800 viewport size","advertisement-tests","2026-08-21","passed","2026-08-21","Verify ad blocks for plus user","advertisement/ad-plus-user.test.js","",""
"","30507","Check video block & footer banner for regular user - Hades 2 in desktop at 800x800 viewport size","advertisement-tests","2026-08-21","failed","2026-08-21","Verify ad blocks for regular user","advertisement/ad-regular-user.test.js","",""
"","625","Check advertisement blocks for ad free user - Endfield in desktop at 640x1024 viewport size","advertisement-tests","2026-08-21","passed","2026-08-21","Verify ad blocks for ad-free user","advertisement/ad-adFree-user.test.js","",""
"","713","Check advertisement blocks for plus user - STS 2 in desktop at 800x800 viewport size","advertisement-tests","2026-08-21","passed","2026-08-21","Verify ad blocks for plus user","advertisement/ad-plus-user.test.js","",""
"","601","Check advertisement blocks for plus user - Destiny 2 in desktop at 640x1024 viewport size","advertisement-tests","2026-08-21","passed","2026-08-21","Verify ad blocks for plus user","advertisement/ad-plus-user.test.js","",""
"","30494","Check video block & footer banner for unauthorized user - Destiny 2 in desktop at 800x800 viewport size","advertisement-tests","2026-08-21","failed","2026-08-21","Verify ad blocks for guest user","advertisement/ad-unauthorized-user.test.js","",""
"","1350","Check video block & footer banner for ad free user - Deadlock in desktop at 1100x800 viewport size","advertisement-tests","2026-08-21","passed","2026-08-21","Verify ad blocks for ad-free user","advertisement/ad-adFree-user.test.js","",""
"","30513","Check video block & footer banner for unauthorized user - Monster Hunter Wilds in desktop at 800x800 viewport size","advertisement-tests","2026-08-21","failed","2026-08-21","Verify ad blocks for guest user","advertisement/ad-unauthorized-user.test.js","",""
"","60699","Check video block, footer banner, L vertical banner, S vertical banner for regular user - PoE 2 in desktop at 1680x1050 viewport size","advertisement-tests","2026-08-21","failed","2026-08-21","Verify ad blocks for regular user","advertisement/ad-regular-user.test.js","",""
"","921","Check video block & footer banner for plus user - Endfield in desktop at 1100x800 viewport size","advertisement-tests","2026-08-21","passed","2026-08-21","Verify ad blocks for plus user","advertisement/ad-plus-user.test.js","",""
"","4132","Check advertisement blocks for ad free user - Genshin in desktop at 640x1024 viewport size","advertisement-tests","2026-08-21","passed","2026-08-21","Verify ad blocks for ad-free user","advertisement/ad-adFree-user.test.js","",""
"","30548","Check video block & footer banner for unauthorized user - PoE 2 in desktop at 800x800 viewport size","advertisement-tests","2026-08-21","failed","2026-08-21","Verify ad blocks for guest user","advertisement/ad-unauthorized-user.test.js","",""
"","702","Check advertisement blocks for plus user - Marathon in desktop at 640x1024 viewport size","advertisement-tests","2026-08-21","passed","2026-08-21","Verify ad blocks for plus user","advertisement/ad-plus-user.test.js","",""
"","60548","Check video block, footer banner, L vertical banner, S vertical banner for regular user - TFT in desktop at 1680x1050 viewport size","advertisement-tests","2026-08-21","failed","2026-08-21","Verify ad blocks for regular user","advertisement/ad-regular-user.test.js","",""
"","464","Check video block & footer banner for regular user - Genshin in desktop at 800x800 viewport size","advertisement-tests","2026-08-21","passed","2026-08-21","Verify ad blocks for regular user","advertisement/ad-regular-user.test.js","",""
"","30647","Check video block & footer banner for regular user - Borderlands 4 in desktop at 1100x800 viewport size","advertisement-tests","2026-08-21","failed","2026-08-21","Verify ad blocks for regular user","advertisement/ad-regular-user.test.js","",""
"","7081","Check advertisement blocks for unauthorized user - TFT in desktop at 640x1024 viewport size","advertisement-tests","2026-08-21","passed","2026-08-21","Verify ad blocks for guest user","advertisement/ad-unauthorized-user.test.js","",""
"","30549","Check advertisement blocks for ad free user - LoL in desktop at 800x800 viewport size","advertisement-tests","2026-08-21","failed","2026-08-21","Verify ad blocks for ad-free user","advertisement/ad-adFree-user.test.js","",""
"","1047","Check video block, footer banner, L vertical banner, S vertical banner for ad free user - Destiny 2 in desktop at 1680x1050 viewport size","advertisement-tests","2026-08-21","passed","2026-08-21","Verify ad blocks for ad-free user","advertisement/ad-adFree-user.test.js","",""
"","465","Check advertisement blocks for ad free user - STS 2 in desktop at 800x800 viewport size","advertisement-tests","2026-08-21","passed","2026-08-21","Verify ad blocks for ad-free user","advertisement/ad-adFree-user.test.js","",""
"","800","Check advertisement blocks for ad free user - Overwatch in desktop at 640x1024 viewport size","advertisement-tests","2026-08-21","passed","2026-08-21","Verify ad blocks for ad-free user","advertisement/ad-adFree-user.test.js","",""
"","10076","Check video block, footer banner, L vertical banner for plus user - Borderlands 4 in desktop at 1280x800 viewport size","advertisement-tests","2026-08-21","passed","2026-08-21","Verify ad blocks for plus user","advertisement/ad-plus-user.test.js","",""
"","650","Check advertisement blocks for plus user - PoE 2 in desktop at 800x800 viewport size","advertisement-tests","2026-08-21","passed","2026-08-21","Verify ad blocks for plus user","advertisement/ad-plus-user.test.js","",""
"","18532","Check video block, footer banner, L vertical banner, S vertical banner for regular user - Monster Hunter Wilds in desktop at 1680x1050 viewport size","advertisement-tests","2026-08-21","failed","2026-08-21","Verify ad blocks for regular user","advertisement/ad-regular-user.test.js","",""
"","30517","Check advertisement blocks for regular user - STS 2 in desktop at 640x1024 viewport size","advertisement-tests","2026-08-21","failed","2026-08-21","Verify ad blocks for regular user","advertisement/ad-regular-user.test.js","",""
"","2839","Check video block, footer banner, L vertical banner, S vertical banner for plus user - Nightreign in desktop at 1680x1050 viewport size","advertisement-tests","2026-08-21","passed","2026-08-21","Verify ad blocks for plus user","advertisement/ad-plus-user.test.js","",""
"","30560","Check video block & footer banner for regular user - Hades 2 in desktop at 1100x800 viewport size","advertisement-tests","2026-08-21","failed","2026-08-21","Verify ad blocks for regular user","advertisement/ad-regular-user.test.js","",""
"","30462","Check ad blocks for regular user - Marathon in mobile at 360x780 viewport size","advertisement-tests","2026-08-21","failed","2026-08-21","Verify ad blocks for regular user","advertisement/ad-regular-user.test.js","",""
"","3087","Check video block, footer banner, L vertical banner, S vertical banner for plus user - Monster Hunter Wilds in desktop at 1680x1050 viewport size","advertisement-tests","2026-08-21","passed","2026-08-21","Verify ad blocks for plus user","advertisement/ad-plus-user.test.js","",""
"","506","Check ad blocks for plus user - Genshin in mobile at 360x780 viewport size","advertisement-tests","2026-08-21","passed","2026-08-21","Verify ad blocks for plus user","advertisement/ad-plus-user.test.js","",""
"","6258","Check video block & footer banner for plus user - Overwatch in desktop at 1100x800 viewport size","advertisement-tests","2026-08-21","passed","2026-08-21","Verify ad blocks for plus user","advertisement/ad-plus-user.test.js","",""
"","811","Check video block, footer banner, L vertical banner, S vertical banner for ad free user - Genshin in desktop at 1680x1050 viewport size","advertisement-tests","2026-08-21","passed","2026-08-21","Verify ad blocks for ad-free user","advertisement/ad-adFree-user.test.js","",""
"","568","Check ad blocks for plus user - Monster Hunter Wilds in mobile at 360x780 viewport size","advertisement-tests","2026-08-21","passed","2026-08-21","Verify ad blocks for plus user","advertisement/ad-plus-user.test.js","",""
"","733","Check video block, footer banner, L vertical banner, S vertical banner for ad free user - Val in desktop at 1680x1050 viewport size","advertisement-tests","2026-08-21","passed","2026-08-21","Verify ad blocks for ad-free user","advertisement/ad-adFree-user.test.js","",""
"","30540","Check video block & footer banner for regular user - Overwatch in desktop at 1100x800 viewport size","advertisement-tests","2026-08-21","failed","2026-08-21","Verify ad blocks for regular user","advertisement/ad-regular-user.test.js","",""
"","384","Check advertisement blocks for ad free user - Genshin in desktop at 800x800 viewport size","advertisement-tests","2026-08-21","passed","2026-08-21","Verify ad blocks for ad-free user","advertisement/ad-adFree-user.test.js","",""
"","60754","Check video block, footer banner, L vertical banner, S vertical banner for regular user - Nightreign in desktop at 1680x1050 viewport size","advertisement-tests","2026-08-21","failed","2026-08-21","Verify ad blocks for regular user","advertisement/ad-regular-user.test.js","",""
"","45577","Check video block, footer banner, L vertical banner for regular user - STS 2 in desktop at 1280x800 viewport size","advertisement-tests","2026-08-21","failed","2026-08-21","Verify ad blocks for regular user","advertisement/ad-regular-user.test.js","",""
"","30438","Check video block & footer banner for unauthorized user - 2XKO in mobile at 360x780 viewport size","advertisement-tests","2026-08-21","failed","2026-08-21","Verify ad blocks for guest user","advertisement/ad-unauthorized-user.test.js","",""
"","30461","Check video block & footer banner for unauthorized user - Riftbound in desktop at 800x800 viewport size","advertisement-tests","2026-08-21","failed","2026-08-21","Verify ad blocks for guest user","advertisement/ad-unauthorized-user.test.js","",""
"","30509","Check ad blocks for regular user - PoE 2 in mobile at 360x780 viewport size","advertisement-tests","2026-08-21","failed","2026-08-21","Verify ad blocks for regular user","advertisement/ad-regular-user.test.js","",""
"","61539","Check video block, footer banner, L vertical banner, S vertical banner for ad free user - TFT in desktop at 1680x1050 viewport size","advertisement-tests","2026-08-21","failed","2026-08-21","Verify ad blocks for ad-free user","advertisement/ad-adFree-user.test.js","",""
"","3027","Check ad blocks for plus user - NTE in mobile at 360x780 viewport size","advertisement-tests","2026-08-21","passed","2026-08-21","Verify ad blocks for plus user","advertisement/ad-plus-user.test.js","",""
"","531","Check advertisement blocks for ad free user - The Bazaar in desktop at 800x800 viewport size","advertisement-tests","2026-08-21","passed","2026-08-21","Verify ad blocks for ad-free user","advertisement/ad-adFree-user.test.js","",""
"","30529","Check video block & footer banner for regular user - Val in desktop at 800x800 viewport size","advertisement-tests","2026-08-21","failed","2026-08-21","Verify ad blocks for regular user","advertisement/ad-regular-user.test.js","",""
"","525","Check video block, footer banner, L vertical banner for ad free user - Marvel Rivals in desktop at 1280x800 viewport size","advertisement-tests","2026-08-21","passed","2026-08-21","Verify ad blocks for ad-free user","advertisement/ad-adFree-user.test.js","",""
"","30453","Check video block & footer banner for unauthorized user - The Bazaar in mobile at 360x780 viewport size","advertisement-tests","2026-08-21","failed","2026-08-21","Verify ad blocks for guest user","advertisement/ad-unauthorized-user.test.js","",""
"","30500","Check video block & footer banner for regular user - Destiny 2 in desktop at 800x800 viewport size","advertisement-tests","2026-08-21","failed","2026-08-21","Verify ad blocks for regular user","advertisement/ad-regular-user.test.js","",""
"","30504","Check ad blocks for regular user - The Bazaar in mobile at 360x780 viewport size","advertisement-tests","2026-08-21","failed","2026-08-21","Verify ad blocks for regular user","advertisement/ad-regular-user.test.js","",""
"","9121","Check advertisement blocks for ad free user - 2XKO in desktop at 640x1024 viewport size","advertisement-tests","2026-08-21","passed","2026-08-21","Verify ad blocks for ad-free user","advertisement/ad-adFree-user.test.js","",""
"","643","Check advertisement blocks for ad free user - Destiny 2 in desktop at 640x1024 viewport size","advertisement-tests","2026-08-21","passed","2026-08-21","Verify ad blocks for ad-free user","advertisement/ad-adFree-user.test.js","",""
"","30569","Check video block & footer banner for regular user - Endfield in desktop at 800x800 viewport size","advertisement-tests","2026-08-21","failed","2026-08-21","Verify ad blocks for regular user","advertisement/ad-regular-user.test.js","",""
"","7118","Check video block & footer banner for ad free user - Borderlands 4 in desktop at 1100x800 viewport size","advertisement-tests","2026-08-21","passed","2026-08-21","Verify ad blocks for ad-free user","advertisement/ad-adFree-user.test.js","",""
"","645","Check ad blocks for plus user - LoL in mobile at 360x780 viewport size","advertisement-tests","2026-08-21","passed","2026-08-21","Verify ad blocks for plus user","advertisement/ad-plus-user.test.js","",""
"","707","Check video block, footer banner, L vertical banner for ad free user - Riftbound in desktop at 1280x800 viewport size","advertisement-tests","2026-08-21","passed","2026-08-21","Verify ad blocks for ad-free user","advertisement/ad-adFree-user.test.js","",""
"","30446","Check advertisement blocks for unauthorized user - Riftbound in desktop at 640x1024 viewport size","advertisement-tests","2026-08-21","failed","2026-08-21","Verify ad blocks for guest user","advertisement/ad-unauthorized-user.test.js","",""
"","3734","Check ad blocks for ad free user - ZZZ in mobile at 360x780 viewport size","advertisement-tests","2026-08-21","passed","2026-08-21","Verify ad blocks for ad-free user","advertisement/ad-adFree-user.test.js","",""
"","770","Check advertisement blocks for plus user - Riftbound in desktop at 800x800 viewport size","advertisement-tests","2026-08-21","passed","2026-08-21","Verify ad blocks for plus user","advertisement/ad-plus-user.test.js","",""
"","726","Check video block & footer banner for plus user - PoE in desktop at 1100x800 viewport size","advertisement-tests","2026-08-21","passed","2026-08-21","Verify ad blocks for plus user","advertisement/ad-plus-user.test.js","",""
"","3685","Check video block, footer banner, L vertical banner, S vertical banner for plus user - Marvel Rivals in desktop at 1680x1050 viewport size","advertisement-tests","2026-08-21","passed","2026-08-21","Verify ad blocks for plus user","advertisement/ad-plus-user.test.js","",""
"","30491","Check advertisement blocks for unauthorized user - 2XKO in desktop at 640x1024 viewport size","advertisement-tests","2026-08-21","failed","2026-08-21","Verify ad blocks for guest user","advertisement/ad-unauthorized-user.test.js","",""
