"DESCRIPTION","DURATION IN MS","NAME","PARENT SUITE","START TIME","STATUS","STOP TIME","SUB SUITE","SUITE","TEST CLASS","TEST METHOD"
"","30655","Check video block & footer banner for regular user - 2XKO in desktop at 1100x800 viewport size","advertisement-tests","2026-08-28","failed","2026-08-28","Verify ad blocks for regular user","advertisement/ad-regular-user.test.js","",""
"","2885","Check advertisement blocks for ad free user - Marvel Rivals in desktop at 800x800 viewport size","advertisement-tests","2026-08-28","passed","2026-08-28","Verify ad blocks for ad-free user","advertisement/ad-adFree-user.test.js","",""
"","6","Check ad blocks for regular user - Val in mobile at 360x780 viewport size","advertisement-tests","2026-08-28","skipped","2026-08-28","Verify ad blocks for regular user","advertisement/ad-regular-user.test.js","",""
"","45593","Check video block, footer banner, L vertical banner for regular user - Marathon in desktop at 1280x800 viewport size","advertisement-tests","2026-08-28","failed","2026-08-28","Verify ad blocks for regular user","advertisement/ad-regular-user.test.js","",""
"","2202","Check video block, footer banner, L vertical banner for ad free user - PoE in desktop at 1280x800 viewport size","advertisement-tests","2026-08-28","passed","2026-08-28","Verify ad blocks for ad-free user","advertisement/ad-adFree-user.test.js","",""
"","706","Check video block, footer banner, L vertical banner, S vertical banner for ad free user - Genshin in desktop at 1680x1050 viewport size","advertisement-tests","2026-08-28","passed","2026-08-28","Verify ad blocks for ad-free user","advertisement/ad-adFree-user.test.js","",""
"","30920","Check advertisement blocks for ad free user - LoL in desktop at 800x800 viewport size","advertisement-tests","2026-08-28","failed","2026-08-28","Verify ad blocks for ad-free user","advertisement/ad-adFree-user.test.js","",""
"","30952","Check video block & footer banner for unauthorized user - Hades 2 in mobile at 360x780 viewport size","advertisement-tests","2026-08-28","failed","2026-08-28","Verify ad blocks for guest user","advertisement/ad-unauthorized-user.test.js","",""
"","792","Check advertisement blocks for plus user - ZZZ in desktop at 800x800 viewport size","advertisement-tests","2026-08-28","passed","2026-08-28","Verify ad blocks for plus user","advertisement/ad-plus-user.test.js","",""
"","532","Check video block, footer banner, L vertical banner for ad free user - Marvel Rivals in desktop at 1280x800 viewport size","advertisement-tests","2026-08-28","passed","2026-08-28","Verify ad blocks for ad-free user","advertisement/ad-adFree-user.test.js","",""
"","45610","Check video block, footer banner, L vertical banner for regular user - ZZZ in desktop at 1280x800 viewport size","advertisement-tests","2026-08-28","failed","2026-08-28","Verify ad blocks for regular user","advertisement/ad-regular-user.test.js","",""
"","30592","Check video block & footer banner for regular user - Riftbound in desktop at 1100x800 viewport size","advertisement-tests","2026-08-28","failed","2026-08-28","Verify ad blocks for regular user","advertisement/ad-regular-user.test.js","",""
"","1858","Check advertisement blocks for ad free user - Val in desktop at 800x800 viewport size","advertisement-tests","2026-08-28","passed","2026-08-28","Verify ad blocks for ad-free user","advertisement/ad-adFree-user.test.js","",""
"","60548","Check video block, footer banner, L vertical banner, S vertical banner for regular user - Marvel Rivals in desktop at 1680x1050 viewport size","advertisement-tests","2026-08-28","failed","2026-08-28","Verify ad blocks for regular user","advertisement/ad-regular-user.test.js","",""
"","567","Check ad blocks for plus user - Destiny 2 in mobile at 360x780 viewport size","advertisement-tests","2026-08-28","passed","2026-08-28","Verify ad blocks for plus user","advertisement/ad-plus-user.test.js","",""
"","45792","Check video block, footer banner, L vertical banner for regular user - Val in desktop at 1280x800 viewport size","advertisement-tests","2026-08-28","failed","2026-08-28","Verify ad blocks for regular user","advertisement/ad-regular-user.test.js","",""
"","521","Check video block & footer banner for ad free user - Diablo 4 in desktop at 1100x800 viewport size","advertisement-tests","2026-08-28","passed","2026-08-28","Verify ad blocks for ad-free user","advertisement/ad-adFree-user.test.js","",""
"","604","Check advertisement blocks for plus user - 2XKO in desktop at 640x1024 viewport size","advertisement-tests","2026-08-28","passed","2026-08-28","Verify ad blocks for plus user","advertisement/ad-plus-user.test.js","",""
"","1382","Check advertisement blocks for ad free user - The Bazaar in desktop at 800x800 viewport size","advertisement-tests","2026-08-28","passed","2026-08-28","Verify ad blocks for ad-free user","advertisement/ad-adFree-user.test.js","",""
"","60611","Check video block, footer banner, L vertical banner, S vertical banner for regular user - Deadlock in desktop at 1680x1050 viewport size","advertisement-tests","2026-08-28","failed","2026-08-28","Verify ad blocks for regular user","advertisement/ad-regular-user.test.js","",""
"","2565","Check video block, footer banner, L vertical banner for plus user - LoL in desktop at 1280x800 viewport size","advertisement-tests","2026-08-28","passed","2026-08-28","Verify ad blocks for plus user","advertisement/ad-plus-user.test.js","",""
"","2688","Check video block, footer banner, L vertical banner for ad free user - Hades 2 in desktop at 1280x800 viewport size","advertisement-tests","2026-08-28","passed","2026-08-28","Verify ad blocks for ad-free user","advertisement/ad-adFree-user.test.js","",""
"","10616","Check video block & footer banner for plus user - ZZZ in desktop at 1100x800 viewport size","advertisement-tests","2026-08-28","passed","2026-08-28","Verify ad blocks for plus user","advertisement/ad-plus-user.test.js","",""
"","30465","Check ad blocks for regular user - Endfield in mobile at 360x780 viewport size","advertisement-tests","2026-08-28","failed","2026-08-28","Verify ad blocks for regular user","advertisement/ad-regular-user.test.js","",""
"","520","Check ad blocks for plus user - Nightreign in mobile at 360x780 viewport size","advertisement-tests","2026-08-28","passed","2026-08-28","Verify ad blocks for plus user","advertisement/ad-plus-user.test.js","",""
"","843","Check advertisement blocks for ad free user - PoE 2 in desktop at 800x800 viewport size","advertisement-tests","2026-08-28","passed","2026-08-28","Verify ad blocks for ad-free user","advertisement/ad-adFree-user.test.js","",""
"","30504","Check ad blocks for regular user - Overwatch in mobile at 360x780 viewport size","advertisement-tests","2026-08-28","failed","2026-08-28","Verify ad blocks for regular user","advertisement/ad-regular-user.test.js","",""
"","2544","Check ad blocks for plus user - ZZZ in mobile at 360x780 viewport size","advertisement-tests","2026-08-28","passed","2026-08-28","Verify ad blocks for plus user","advertisement/ad-plus-user.test.js","",""
"","661","Check advertisement blocks for plus user - LoL in desktop at 640x1024 viewport size","advertisement-tests","2026-08-28","passed","2026-08-28","Verify ad blocks for plus user","advertisement/ad-plus-user.test.js","",""
"","640","Check advertisement blocks for plus user - TFT in desktop at 640x1024 viewport size","advertisement-tests","2026-08-28","passed","2026-08-28","Verify ad blocks for plus user","advertisement/ad-plus-user.test.js","",""
"","781","Check video block, footer banner, L vertical banner, S vertical banner for ad free user - 2XKO in desktop at 1680x1050 viewport size","advertisement-tests","2026-08-28","passed","2026-08-28","Verify ad blocks for ad-free user","advertisement/ad-adFree-user.test.js","",""
"","791","Check ad blocks for plus user - Monster Hunter Wilds in mobile at 360x780 viewport size","advertisement-tests","2026-08-28","passed","2026-08-28","Verify ad blocks for plus user","advertisement/ad-plus-user.test.js","",""
"","1182","Check video block & footer banner for plus user - Genshin in desktop at 1100x800 viewport size","advertisement-tests","2026-08-28","passed","2026-08-28","Verify ad blocks for plus user","advertisement/ad-plus-user.test.js","",""
"","30592","Check video block & footer banner for unauthorized user - Destiny 2 in mobile at 360x780 viewport size","advertisement-tests","2026-08-28","failed","2026-08-28","Verify ad blocks for guest user","advertisement/ad-unauthorized-user.test.js","",""
"","60707","Check video block, footer banner, L vertical banner, S vertical banner for regular user - Endfield in desktop at 1680x1050 viewport size","advertisement-tests","2026-08-28","failed","2026-08-28","Verify ad blocks for regular user","advertisement/ad-regular-user.test.js","",""
"","7","Check ad blocks for plus user - Val in mobile at 360x780 viewport size","advertisement-tests","2026-08-28","skipped","2026-08-28","Verify ad blocks for plus user","advertisement/ad-plus-user.test.js","",""
"","665","Check advertisement blocks for plus user - PoE 2 in desktop at 640x1024 viewport size","advertisement-tests","2026-08-28","passed","2026-08-28","Verify ad blocks for plus user","advertisement/ad-plus-user.test.js","",""
"","60561","Check video block, footer banner, L vertical banner, S vertical banner for regular user - Diablo 4 in desktop at 1680x1050 viewport size","advertisement-tests","2026-08-28","failed","2026-08-28","Verify ad blocks for regular user","advertisement/ad-regular-user.test.js","",""
"","590","Check video block & footer banner for regular user - NTE in desktop at 1100x800 viewport size","advertisement-tests","2026-08-28","passed","2026-08-28","Verify ad blocks for regular user","advertisement/ad-regular-user.test.js","",""
"","60594","Check video block, footer banner, L vertical banner, S vertical banner for regular user - The Bazaar in desktop at 1680x1050 viewport size","advertisement-tests","2026-08-28","failed","2026-08-28","Verify ad blocks for regular user","advertisement/ad-regular-user.test.js","",""
"","15609","Check ad blocks for regular user - TFT in mobile at 360x780 viewport size","advertisement-tests","2026-08-28","passed","2026-08-28","Verify ad blocks for regular user","advertisement/ad-regular-user.test.js","",""
"","1626","Check video block, footer banner, L vertical banner, S vertical banner for ad free user - Val in desktop at 1680x1050 viewport size","advertisement-tests","2026-08-28","passed","2026-08-28","Verify ad blocks for ad-free user","advertisement/ad-adFree-user.test.js","",""
"","970","Check video block & footer banner for plus user - LoL in desktop at 1100x800 viewport size","advertisement-tests","2026-08-28","passed","2026-08-28","Verify ad blocks for plus user","advertisement/ad-plus-user.test.js","",""
"","7585","Check video block & footer banner for unauthorized user - Marvel Rivals in mobile at 360x780 viewport size","advertisement-tests","2026-08-28","passed","2026-08-28","Verify ad blocks for guest user","advertisement/ad-unauthorized-user.test.js","",""
"","678","Check advertisement blocks for plus user - Marathon in desktop at 640x1024 viewport size","advertisement-tests","2026-08-28","passed","2026-08-28","Verify ad blocks for plus user","advertisement/ad-plus-user.test.js","",""
"","45580","Check video block, footer banner, L vertical banner for regular user - Hades 2 in desktop at 1280x800 viewport size","advertisement-tests","2026-08-28","failed","2026-08-28","Verify ad blocks for regular user","advertisement/ad-regular-user.test.js","",""
"","30554","Check video block & footer banner for regular user - PoE in desktop at 1100x800 viewport size","advertisement-tests","2026-08-28","failed","2026-08-28","Verify ad blocks for regular user","advertisement/ad-regular-user.test.js","",""
"","30555","Check video block & footer banner for regular user - Nightreign in desktop at 1100x800 viewport size","advertisement-tests","2026-08-28","failed","2026-08-28","Verify ad blocks for regular user","advertisement/ad-regular-user.test.js","",""
"","1173","Check video block & footer banner for unauthorized user - Nightreign in mobile at 360x780 viewport size","advertisement-tests","2026-08-28","passed","2026-08-28","Verify ad blocks for guest user","advertisement/ad-unauthorized-user.test.js","",""
"","10264","Check ad blocks for ad free user - Hades 2 in mobile at 360x780 viewport size","advertisement-tests","2026-08-28","passed","2026-08-28","Verify ad blocks for ad-free user","advertisement/ad-adFree-user.test.js","",""
"","1140","Check ad blocks for plus user - PoE in mobile at 360x780 viewport size","advertisement-tests","2026-08-28","passed","2026-08-28","Verify ad blocks for plus user","advertisement/ad-plus-user.test.js","",""
"","663","Check advertisement blocks for plus user - Endfield in desktop at 640x1024 viewport size","advertisement-tests","2026-08-28","passed","2026-08-28","Verify ad blocks for plus user","advertisement/ad-plus-user.test.js","",""
"","618","Check advertisement blocks for plus user - Destiny 2 in desktop at 800x800 viewport size","advertisement-tests","2026-08-28","passed","2026-08-28","Verify ad blocks for plus user","advertisement/ad-plus-user.test.js","",""
"","2294","Check ad blocks for plus user - Marvel Rivals in mobile at 360x780 viewport size","advertisement-tests","2026-08-28","passed","2026-08-28","Verify ad blocks for plus user","advertisement/ad-plus-user.test.js","",""
"","1404","Check video block, footer banner, L vertical banner, S vertical banner for plus user - NTE in desktop at 1680x1050 viewport size","advertisement-tests","2026-08-28","passed","2026-08-28","Verify ad blocks for plus user","advertisement/ad-plus-user.test.js","",""
"","927","Check advertisement blocks for plus user - NTE in desktop at 640x1024 viewport size","advertisement-tests","2026-08-28","passed","2026-08-28","Verify ad blocks for plus user","advertisement/ad-plus-user.test.js","",""
"","693","Check ad blocks for plus user - The Bazaar in mobile at 360x780 viewport size","advertisement-tests","2026-08-28","passed","2026-08-28","Verify ad blocks for plus user","advertisement/ad-plus-user.test.js","",""
"","721","Check advertisement blocks for plus user - LoL in desktop at 800x800 viewport size","advertisement-tests","2026-08-28","passed","2026-08-28","Verify ad blocks for plus user","advertisement/ad-plus-user.test.js","",""
"","607","Check video block, footer banner, L vertical banner for ad free user - Genshin in desktop at 1280x800 viewport size","advertisement-tests","2026-08-28","passed","2026-08-28","Verify ad blocks for ad-free user","advertisement/ad-adFree-user.test.js","",""
"","30947","Check advertisement blocks for ad free user - LoL in desktop at 640x1024 viewport size","advertisement-tests","2026-08-28","failed","2026-08-28","Verify ad blocks for ad-free user","advertisement/ad-adFree-user.test.js","",""
"","45559","Check video block, footer banner, L vertical banner for regular user - Endfield in desktop at 1280x800 viewport size","advertisement-tests","2026-08-28","failed","2026-08-28","Verify ad blocks for regular user","advertisement/ad-regular-user.test.js","",""
"","392","Check advertisement blocks for ad free user - Genshin in desktop at 640x1024 viewport size","advertisement-tests","2026-08-28","passed","2026-08-28","Verify ad blocks for ad-free user","advertisement/ad-adFree-user.test.js","",""
"","739","Check advertisement blocks for plus user - PoE in desktop at 800x800 viewport size","advertisement-tests","2026-08-28","passed","2026-08-28","Verify ad blocks for plus user","advertisement/ad-plus-user.test.js","",""
"","30547","Check advertisement blocks for regular user - Destiny 2 in desktop at 640x1024 viewport size","advertisement-tests","2026-08-28","failed","2026-08-28","Verify ad blocks for regular user","advertisement/ad-regular-user.test.js","",""
"","1737","Check ad blocks for ad free user - PoE 2 in mobile at 360x780 viewport size","advertisement-tests","2026-08-28","passed","2026-08-28","Verify ad blocks for ad-free user","advertisement/ad-adFree-user.test.js","",""
"","1311","Check video block, footer banner, L vertical banner for ad free user - Marathon in desktop at 1280x800 viewport size","advertisement-tests","2026-08-28","passed","2026-08-28","Verify ad blocks for ad-free user","advertisement/ad-adFree-user.test.js","",""
"","21523","Check video block, footer banner, L vertical banner, S vertical banner for ad free user - TFT in desktop at 1680x1050 viewport size","advertisement-tests","2026-08-28","failed","2026-08-28","Verify ad blocks for ad-free user","advertisement/ad-adFree-user.test.js","",""
"","3368","Check video block & footer banner for plus user - STS 2 in desktop at 1100x800 viewport size","advertisement-tests","2026-08-28","passed","2026-08-28","Verify ad blocks for plus user","advertisement/ad-plus-user.test.js","",""
"","30541","Check video block & footer banner for regular user - Val in desktop at 1100x800 viewport size","advertisement-tests","2026-08-28","failed","2026-08-28","Verify ad blocks for regular user","advertisement/ad-regular-user.test.js","",""
"","766","Check advertisement blocks for ad free user - Monster Hunter Wilds in desktop at 800x800 viewport size","advertisement-tests","2026-08-28","passed","2026-08-28","Verify ad blocks for ad-free user","advertisement/ad-adFree-user.test.js","",""
"","60557","Check video block, footer banner, L vertical banner, S vertical banner for regular user - STS 2 in desktop at 1680x1050 viewport size","advertisement-tests","2026-08-28","failed","2026-08-28","Verify ad blocks for regular user","advertisement/ad-regular-user.test.js","",""
"","744","Check video block, footer banner, L vertical banner, S vertical banner for ad free user - Destiny 2 in desktop at 1680x1050 viewport size","advertisement-tests","2026-08-28","passed","2026-08-28","Verify ad blocks for ad-free user","advertisement/ad-adFree-user.test.js","",""
"","60553","Check video block, footer banner, L vertical banner, S vertical banner for regular user - PoE in desktop at 1680x1050 viewport size","advertisement-tests","2026-08-28","failed","2026-08-28","Verify ad blocks for regular user","advertisement/ad-regular-user.test.js","",""
"","30565","Check video block & footer banner for regular user - The Bazaar in desktop at 800x800 viewport size","advertisement-tests","2026-08-28","failed","2026-08-28","Verify ad blocks for regular user","advertisement/ad-regular-user.test.js","",""
"","677","Check advertisement blocks for plus user - Overwatch in desktop at 800x800 viewport size","advertisement-tests","2026-08-28","passed","2026-08-28","Verify ad blocks for plus user","advertisement/ad-plus-user.test.js","",""
"","2656","Check video block, footer banner, L vertical banner, S vertical banner for plus user - The Bazaar in desktop at 1680x1050 viewport size","advertisement-tests","2026-08-28","passed","2026-08-28","Verify ad blocks for plus user","advertisement/ad-plus-user.test.js","",""
"","30713","Check video block & footer banner for ad free user - LoL in desktop at 1100x800 viewport size","advertisement-tests","2026-08-28","failed","2026-08-28","Verify ad blocks for ad-free user","advertisement/ad-adFree-user.test.js","",""
"","30699","Check video block & footer banner for regular user - Monster Hunter Wilds in desktop at 1100x800 viewport size","advertisement-tests","2026-08-28","failed","2026-08-28","Verify ad blocks for regular user","advertisement/ad-regular-user.test.js","",""
"","778","Check advertisement blocks for plus user - PoE 2 in desktop at 800x800 viewport size","advertisement-tests","2026-08-28","passed","2026-08-28","Verify ad blocks for plus user","advertisement/ad-plus-user.test.js","",""
"","60541","Check video block, footer banner, L vertical banner, S vertical banner for regular user - Hades 2 in desktop at 1680x1050 viewport size","advertisement-tests","2026-08-28","failed","2026-08-28","Verify ad blocks for regular user","advertisement/ad-regular-user.test.js","",""
"","700","Check advertisement blocks for plus user - Diablo 4 in desktop at 640x1024 viewport size","advertisement-tests","2026-08-28","passed","2026-08-28","Verify ad blocks for plus user","advertisement/ad-plus-user.test.js","",""
"","7","Check ad blocks for ad free user - Val in mobile at 360x780 viewport size","advertisement-tests","2026-08-28","skipped","2026-08-28","Verify ad blocks for ad-free user","advertisement/ad-adFree-user.test.js","",""
"","655","Check video block & footer banner for ad free user - PoE in desktop at 1100x800 viewport size","advertisement-tests","2026-08-28","passed","2026-08-28","Verify ad blocks for ad-free user","advertisement/ad-adFree-user.test.js","",""
"","45553","Check video block, footer banner, L vertical banner for regular user - PoE 2 in desktop at 1280x800 viewport size","advertisement-tests","2026-08-28","failed","2026-08-28","Verify ad blocks for regular user","advertisement/ad-regular-user.test.js","",""
"","45575","Check video block, footer banner, L vertical banner for regular user - Riftbound in desktop at 1280x800 viewport size","advertisement-tests","2026-08-28","failed","2026-08-28","Verify ad blocks for regular user","advertisement/ad-regular-user.test.js","",""
"","2191","Check video block, footer banner, L vertical banner, S vertical banner for plus user - Destiny 2 in desktop at 1680x1050 viewport size","advertisement-tests","2026-08-28","passed","2026-08-28","Verify ad blocks for plus user","advertisement/ad-plus-user.test.js","",""
"","445","Check video block & footer banner for ad free user - Genshin in desktop at 1100x800 viewport size","advertisement-tests","2026-08-28","passed","2026-08-28","Verify ad blocks for ad-free user","advertisement/ad-adFree-user.test.js","",""
"","1760","Check advertisement blocks for ad free user - STS 2 in desktop at 800x800 viewport size","advertisement-tests","2026-08-28","passed","2026-08-28","Verify ad blocks for ad-free user","advertisement/ad-adFree-user.test.js","",""
"","2447","Check video block, footer banner, L vertical banner for plus user - PoE in desktop at 1280x800 viewport size","advertisement-tests","2026-08-28","passed","2026-08-28","Verify ad blocks for plus user","advertisement/ad-plus-user.test.js","",""
"","30548","Check video block & footer banner for regular user - Endfield in desktop at 800x800 viewport size","advertisement-tests","2026-08-28","failed","2026-08-28","Verify ad blocks for regular user","advertisement/ad-regular-user.test.js","",""
"","687","Check advertisement blocks for plus user - Endfield in desktop at 800x800 viewport size","advertisement-tests","2026-08-28","passed","2026-08-28","Verify ad blocks for plus user","advertisement/ad-plus-user.test.js","",""
"","7604","Check ad blocks for ad free user - Monster Hunter Wilds in mobile at 360x780 viewport size","advertisement-tests","2026-08-28","passed","2026-08-28","Verify ad blocks for ad-free user","advertisement/ad-adFree-user.test.js","",""
"","494","Check video block & footer banner for ad free user - Borderlands 4 in desktop at 1100x800 viewport size","advertisement-tests","2026-08-28","passed","2026-08-28","Verify ad blocks for ad-free user","advertisement/ad-adFree-user.test.js","",""
"","30565","Check advertisement blocks for regular user - 2XKO in desktop at 640x1024 viewport size","advertisement-tests","2026-08-28","failed","2026-08-28","Verify ad blocks for regular user","advertisement/ad-regular-user.test.js","",""
"","1952","Check video block, footer banner, L vertical banner for plus user - Endfield in desktop at 1280x800 viewport size","advertisement-tests","2026-08-28","passed","2026-08-28","Verify ad blocks for plus user","advertisement/ad-plus-user.test.js","",""
"","30779","Check video block & footer banner for unauthorized user - ZZZ in mobile at 360x780 viewport size","advertisement-tests","2026-08-28","failed","2026-08-28","Verify ad blocks for guest user","advertisement/ad-unauthorized-user.test.js","",""
"","994","Check advertisement blocks for ad free user - Val in desktop at 640x1024 viewport size","advertisement-tests","2026-08-28","passed","2026-08-28","Verify ad blocks for ad-free user","advertisement/ad-adFree-user.test.js","",""
"","653","Check advertisement blocks for plus user - ZZZ in desktop at 640x1024 viewport size","advertisement-tests","2026-08-28","passed","2026-08-28","Verify ad blocks for plus user","advertisement/ad-plus-user.test.js","",""
"","45533","Check video block, footer banner, L vertical banner for regular user - STS 2 in desktop at 1280x800 viewport size","advertisement-tests","2026-08-28","failed","2026-08-28","Verify ad blocks for regular user","advertisement/ad-regular-user.test.js","",""
"","3672","Check advertisement blocks for ad free user - Genshin in desktop at 800x800 viewport size","advertisement-tests","2026-08-28","passed","2026-08-28","Verify ad blocks for ad-free user","advertisement/ad-adFree-user.test.js","",""
"","466","Check video block & footer banner for unauthorized user - Genshin in mobile at 360x780 viewport size","advertisement-tests","2026-08-28","passed","2026-08-28","Verify ad blocks for guest user","advertisement/ad-unauthorized-user.test.js","",""
"","14751","Check video block, footer banner, L vertical banner for plus user - Marathon in desktop at 1280x800 viewport size","advertisement-tests","2026-08-28","passed","2026-08-28","Verify ad blocks for plus user","advertisement/ad-plus-user.test.js","",""
"","9594","Check ad blocks for ad free user - The Bazaar in mobile at 360x780 viewport size","advertisement-tests","2026-08-28","passed","2026-08-28","Verify ad blocks for ad-free user","advertisement/ad-adFree-user.test.js","",""
"","699","Check advertisement blocks for plus user - The Bazaar in desktop at 800x800 viewport size","advertisement-tests","2026-08-28","passed","2026-08-28","Verify ad blocks for plus user","advertisement/ad-plus-user.test.js","",""
"","607","Check video block & footer banner for ad free user - Endfield in desktop at 1100x800 viewport size","advertisement-tests","2026-08-28","passed","2026-08-28","Verify ad blocks for ad-free user","advertisement/ad-adFree-user.test.js","",""
"","2075","Check video block, footer banner, L vertical banner, S vertical banner for plus user - Monster Hunter Wilds in desktop at 1680x1050 viewport size","advertisement-tests","2026-08-28","passed","2026-08-28","Verify ad blocks for plus user","advertisement/ad-plus-user.test.js","",""
"","449","Check ad blocks for plus user - LoL in mobile at 360x780 viewport size","advertisement-tests","2026-08-28","passed","2026-08-28","Verify ad blocks for plus user","advertisement/ad-plus-user.test.js","",""
"","610","Check advertisement blocks for ad free user - Overwatch in desktop at 640x1024 viewport size","advertisement-tests","2026-08-28","passed","2026-08-28","Verify ad blocks for ad-free user","advertisement/ad-adFree-user.test.js","",""
"","779","Check video block, footer banner, L vertical banner, S vertical banner for ad free user - Diablo 4 in desktop at 1680x1050 viewport size","advertisement-tests","2026-08-28","passed","2026-08-28","Verify ad blocks for ad-free user","advertisement/ad-adFree-user.test.js","",""
"","641","Check ad blocks for plus user - Endfield in mobile at 360x780 viewport size","advertisement-tests","2026-08-28","passed","2026-08-28","Verify ad blocks for plus user","advertisement/ad-plus-user.test.js","",""
"","11868","Check video block, footer banner, L vertical banner, S vertical banner for plus user - PoE in desktop at 1680x1050 viewport size","advertisement-tests","2026-08-28","passed","2026-08-28","Verify ad blocks for plus user","advertisement/ad-plus-user.test.js","",""
"","381","Check video block, footer banner, L vertical banner for regular user - Genshin in desktop at 1280x800 viewport size","advertisement-tests","2026-08-28","passed","2026-08-28","Verify ad blocks for regular user","advertisement/ad-regular-user.test.js","",""
"","735","Check advertisement blocks for plus user - TFT in desktop at 800x800 viewport size","advertisement-tests","2026-08-28","passed","2026-08-28","Verify ad blocks for plus user","advertisement/ad-plus-user.test.js","",""
"","1595","Check advertisement blocks for ad free user - Riftbound in desktop at 640x1024 viewport size","advertisement-tests","2026-08-28","passed","2026-08-28","Verify ad blocks for ad-free user","advertisement/ad-adFree-user.test.js","",""
"","30474","Check ad blocks for regular user - PoE in mobile at 360x780 viewport size","advertisement-tests","2026-08-28","failed","2026-08-28","Verify ad blocks for regular user","advertisement/ad-regular-user.test.js","",""
"","383","Check advertisement blocks for regular user - Genshin in desktop at 640x1024 viewport size","advertisement-tests","2026-08-28","passed","2026-08-28","Verify ad blocks for regular user","advertisement/ad-regular-user.test.js","",""
"","659","Check video block & footer banner for ad free user - Marathon in desktop at 1100x800 viewport size","advertisement-tests","2026-08-28","passed","2026-08-28","Verify ad blocks for ad-free user","advertisement/ad-adFree-user.test.js","",""
"","30576","Check advertisement blocks for regular user - Endfield in desktop at 640x1024 viewport size","advertisement-tests","2026-08-28","failed","2026-08-28","Verify ad blocks for regular user","advertisement/ad-regular-user.test.js","",""
"","11364","Check ad blocks for regular user - 2XKO in mobile at 360x780 viewport size","advertisement-tests","2026-08-28","passed","2026-08-28","Verify ad blocks for regular user","advertisement/ad-regular-user.test.js","",""
"","719","setup add free user","user-roles-setup","2026-08-28","passed","2026-08-28","","setup/authByUserRoles.setup.test.js","",""
"","985","Check ad blocks for ad free user - Endfield in mobile at 360x780 viewport size","advertisement-tests","2026-08-28","passed","2026-08-28","Verify ad blocks for ad-free user","advertisement/ad-adFree-user.test.js","",""
"","7506","Check ad blocks for ad free user - Marathon in mobile at 360x780 viewport size","advertisement-tests","2026-08-28","passed","2026-08-28","Verify ad blocks for ad-free user","advertisement/ad-adFree-user.test.js","",""
"","60551","Check video block, footer banner, L vertical banner, S vertical banner for regular user - Marathon in desktop at 1680x1050 viewport size","advertisement-tests","2026-08-28","failed","2026-08-28","Verify ad blocks for regular user","advertisement/ad-regular-user.test.js","",""
"","30489","Check advertisement blocks for regular user - ZZZ in desktop at 640x1024 viewport size","advertisement-tests","2026-08-28","failed","2026-08-28","Verify ad blocks for regular user","advertisement/ad-regular-user.test.js","",""
"","60644","Check video block, footer banner, L vertical banner, S vertical banner for regular user - Borderlands 4 in desktop at 1680x1050 viewport size","advertisement-tests","2026-08-28","failed","2026-08-28","Verify ad blocks for regular user","advertisement/ad-regular-user.test.js","",""
"","2029","Check ad blocks for ad free user - Riftbound in mobile at 360x780 viewport size","advertisement-tests","2026-08-28","passed","2026-08-28","Verify ad blocks for ad-free user","advertisement/ad-adFree-user.test.js","",""
"","2185","Check video block, footer banner, L vertical banner, S vertical banner for plus user - Diablo 4 in desktop at 1680x1050 viewport size","advertisement-tests","2026-08-28","passed","2026-08-28","Verify ad blocks for plus user","advertisement/ad-plus-user.test.js","",""
"","3152","Check video block, footer banner, L vertical banner, S vertical banner for plus user - Marathon in desktop at 1680x1050 viewport size","advertisement-tests","2026-08-28","passed","2026-08-28","Verify ad blocks for plus user","advertisement/ad-plus-user.test.js","",""
"","747","Check advertisement blocks for ad free user - 2XKO in desktop at 800x800 viewport size","advertisement-tests","2026-08-28","passed","2026-08-28","Verify ad blocks for ad-free user","advertisement/ad-adFree-user.test.js","",""
"","2580","Check video block, footer banner, L vertical banner, S vertical banner for plus user - STS 2 in desktop at 1680x1050 viewport size","advertisement-tests","2026-08-28","passed","2026-08-28","Verify ad blocks for plus user","advertisement/ad-plus-user.test.js","",""
"","517","Check video block, footer banner, L vertical banner for ad free user - 2XKO in desktop at 1280x800 viewport size","advertisement-tests","2026-08-28","passed","2026-08-28","Verify ad blocks for ad-free user","advertisement/ad-adFree-user.test.js","",""
"","510","Check video block & footer banner for ad free user - Deadlock in desktop at 1100x800 viewport size","advertisement-tests","2026-08-28","passed","2026-08-28","Verify ad blocks for ad-free user","advertisement/ad-adFree-user.test.js","",""
"","1206","Check video block & footer banner for ad free user - 2XKO in desktop at 1100x800 viewport size","advertisement-tests","2026-08-28","passed","2026-08-28","Verify ad blocks for ad-free user","advertisement/ad-adFree-user.test.js","",""
"","670","Check advertisement blocks for ad free user - NTE in desktop at 800x800 viewport size","advertisement-tests","2026-08-28","passed","2026-08-28","Verify ad blocks for ad-free user","advertisement/ad-adFree-user.test.js","",""
"","60560","Check video block, footer banner, L vertical banner, S vertical banner for regular user - Overwatch in desktop at 1680x1050 viewport size","advertisement-tests","2026-08-28","failed","2026-08-28","Verify ad blocks for regular user","advertisement/ad-regular-user.test.js","",""
"","835","Check video block, footer banner, L vertical banner, S vertical banner for ad free user - ZZZ in desktop at 1680x1050 viewport size","advertisement-tests","2026-08-28","passed","2026-08-28","Verify ad blocks for ad-free user","advertisement/ad-adFree-user.test.js","",""
"","733","Check advertisement blocks for plus user - Nightreign in desktop at 800x800 viewport size","advertisement-tests","2026-08-28","passed","2026-08-28","Verify ad blocks for plus user","advertisement/ad-plus-user.test.js","",""
"","3323","Check video block, footer banner, L vertical banner for ad free user - PoE 2 in desktop at 1280x800 viewport size","advertisement-tests","2026-08-28","passed","2026-08-28","Verify ad blocks for ad-free user","advertisement/ad-adFree-user.test.js","",""
"","1333","Check ad blocks for ad free user - Diablo 4 in mobile at 360x780 viewport size","advertisement-tests","2026-08-28","passed","2026-08-28","Verify ad blocks for ad-free user","advertisement/ad-adFree-user.test.js","",""
"","11587","Check video block, footer banner, L vertical banner for plus user - Overwatch in desktop at 1280x800 viewport size","advertisement-tests","2026-08-28","passed","2026-08-28","Verify ad blocks for plus user","advertisement/ad-plus-user.test.js","",""
"","2006","Check video block & footer banner for plus user - NTE in desktop at 1100x800 viewport size","advertisement-tests","2026-08-28","passed","2026-08-28","Verify ad blocks for plus user","advertisement/ad-plus-user.test.js","",""
"","2178","Check video block, footer banner, L vertical banner for plus user - Val in desktop at 1280x800 viewport size","advertisement-tests","2026-08-28","passed","2026-08-28","Verify ad blocks for plus user","advertisement/ad-plus-user.test.js","",""
"","17151","Check video block & footer banner for ad free user - TFT in desktop at 1100x800 viewport size","advertisement-tests","2026-08-28","failed","2026-08-28","Verify ad blocks for ad-free user","advertisement/ad-adFree-user.test.js","",""
"","2208","Check video block, footer banner, L vertical banner, S vertical banner for plus user - Deadlock in desktop at 1680x1050 viewport size","advertisement-tests","2026-08-28","passed","2026-08-28","Verify ad blocks for plus user","advertisement/ad-plus-user.test.js","",""
"","697","Check video block, footer banner, L vertical banner for ad free user - Val in desktop at 1280x800 viewport size","advertisement-tests","2026-08-28","passed","2026-08-28","Verify ad blocks for ad-free user","advertisement/ad-adFree-user.test.js","",""
"","30622","Check video block & footer banner for regular user - Overwatch in desktop at 1100x800 viewport size","advertisement-tests","2026-08-28","failed","2026-08-28","Verify ad blocks for regular user","advertisement/ad-regular-user.test.js","",""
"","507","Check ad blocks for regular user - Genshin in mobile at 360x780 viewport size","advertisement-tests","2026-08-28","passed","2026-08-28","Verify ad blocks for regular user","advertisement/ad-regular-user.test.js","",""
"","60593","Check video block, footer banner, L vertical banner, S vertical banner for regular user - ZZZ in desktop at 1680x1050 viewport size","advertisement-tests","2026-08-28","failed","2026-08-28","Verify ad blocks for regular user","advertisement/ad-regular-user.test.js","",""
"","2286","Check video block, footer banner, L vertical banner for plus user - TFT in desktop at 1280x800 viewport size","advertisement-tests","2026-08-28","passed","2026-08-28","Verify ad blocks for plus user","advertisement/ad-plus-user.test.js","",""
"","30637","Check video block & footer banner for regular user - Marathon in desktop at 1100x800 viewport size","advertisement-tests","2026-08-28","failed","2026-08-28","Verify ad blocks for regular user","advertisement/ad-regular-user.test.js","",""
"","1510","Check video block & footer banner for plus user - PoE 2 in desktop at 1100x800 viewport size","advertisement-tests","2026-08-28","passed","2026-08-28","Verify ad blocks for plus user","advertisement/ad-plus-user.test.js","",""
"","30418","Check video block & footer banner for unauthorized user - LoL in mobile at 360x780 viewport size","advertisement-tests","2026-08-28","failed","2026-08-28","Verify ad blocks for guest user","advertisement/ad-unauthorized-user.test.js","",""
"","7568","Check video block & footer banner for plus user - PoE in desktop at 1100x800 viewport size","advertisement-tests","2026-08-28","passed","2026-08-28","Verify ad blocks for plus user","advertisement/ad-plus-user.test.js","",""
"","2378","Check ad blocks for ad free user - 2XKO in mobile at 360x780 viewport size","advertisement-tests","2026-08-28","passed","2026-08-28","Verify ad blocks for ad-free user","advertisement/ad-adFree-user.test.js","",""
"","30549","Check video block & footer banner for regular user - Hades 2 in desktop at 800x800 viewport size","advertisement-tests","2026-08-28","failed","2026-08-28","Verify ad blocks for regular user","advertisement/ad-regular-user.test.js","",""
"","30541","Check video block & footer banner for regular user - 2XKO in desktop at 800x800 viewport size","advertisement-tests","2026-08-28","failed","2026-08-28","Verify ad blocks for regular user","advertisement/ad-regular-user.test.js","",""
"","1684","Check video block, footer banner, L vertical banner for plus user - Diablo 4 in desktop at 1280x800 viewport size","advertisement-tests","2026-08-28","passed","2026-08-28","Verify ad blocks for plus user","advertisement/ad-plus-user.test.js","",""
"","45626","Check video block, footer banner, L vertical banner for regular user - The Bazaar in desktop at 1280x800 viewport size","advertisement-tests","2026-08-28","failed","2026-08-28","Verify ad blocks for regular user","advertisement/ad-regular-user.test.js","",""
"","60554","Check video block, footer banner, L vertical banner, S vertical banner for regular user - Riftbound in desktop at 1680x1050 viewport size","advertisement-tests","2026-08-28","failed","2026-08-28","Verify ad blocks for regular user","advertisement/ad-regular-user.test.js","",""
"","786","Check advertisement blocks for plus user - Marvel Rivals in desktop at 800x800 viewport size","advertisement-tests","2026-08-28","passed","2026-08-28","Verify ad blocks for plus user","advertisement/ad-plus-user.test.js","",""
"","30559","Check advertisement blocks for regular user - Marathon in desktop at 640x1024 viewport size","advertisement-tests","2026-08-28","failed","2026-08-28","Verify ad blocks for regular user","advertisement/ad-regular-user.test.js","",""
"","2704","Check advertisement blocks for plus user - Nightreign in desktop at 640x1024 viewport size","advertisement-tests","2026-08-28","passed","2026-08-28","Verify ad blocks for plus user","advertisement/ad-plus-user.test.js","",""
"","30450","Check ad blocks for regular user - Destiny 2 in mobile at 360x780 viewport size","advertisement-tests","2026-08-28","failed","2026-08-28","Verify ad blocks for regular user","advertisement/ad-regular-user.test.js","",""
"","570","Check ad blocks for plus user - Genshin in mobile at 360x780 viewport size","advertisement-tests","2026-08-28","passed","2026-08-28","Verify ad blocks for plus user","advertisement/ad-plus-user.test.js","",""
"","30549","Check ad blocks for regular user - Marvel Rivals in mobile at 360x780 viewport size","advertisement-tests","2026-08-28","failed","2026-08-28","Verify ad blocks for regular user","advertisement/ad-regular-user.test.js","",""
"","1929","Check video block & footer banner for plus user - Hades 2 in desktop at 1100x800 viewport size","advertisement-tests","2026-08-28","passed","2026-08-28","Verify ad blocks for plus user","advertisement/ad-plus-user.test.js","",""
"","30509","Check ad blocks for regular user - Marathon in mobile at 360x780 viewport size","advertisement-tests","2026-08-28","failed","2026-08-28","Verify ad blocks for regular user","advertisement/ad-regular-user.test.js","",""
"","966","Check video block, footer banner, L vertical banner, S vertical banner for ad free user - Hades 2 in desktop at 1680x1050 viewport size","advertisement-tests","2026-08-28","passed","2026-08-28","Verify ad blocks for ad-free user","advertisement/ad-adFree-user.test.js","",""
"","397","Check ad blocks for regular user - Nightreign in mobile at 360x780 viewport size","advertisement-tests","2026-08-28","passed","2026-08-28","Verify ad blocks for regular user","advertisement/ad-regular-user.test.js","",""
"","1911","Check video block & footer banner for plus user - TFT in desktop at 1100x800 viewport size","advertisement-tests","2026-08-28","passed","2026-08-28","Verify ad blocks for plus user","advertisement/ad-plus-user.test.js","",""
"","1082","Check advertisement blocks for ad free user - Borderlands 4 in desktop at 640x1024 viewport size","advertisement-tests","2026-08-28","passed","2026-08-28","Verify ad blocks for ad-free user","advertisement/ad-adFree-user.test.js","",""
"","450","Check ad blocks for plus user - Riftbound in mobile at 360x780 viewport size","advertisement-tests","2026-08-28","passed","2026-08-28","Verify ad blocks for plus user","advertisement/ad-plus-user.test.js","",""
"","13942","Check ad blocks for ad free user - ZZZ in mobile at 360x780 viewport size","advertisement-tests","2026-08-28","passed","2026-08-28","Verify ad blocks for ad-free user","advertisement/ad-adFree-user.test.js","",""
"","582","Check video block, footer banner, L vertical banner for ad free user - Monster Hunter Wilds in desktop at 1280x800 viewport size","advertisement-tests","2026-08-28","passed","2026-08-28","Verify ad blocks for ad-free user","advertisement/ad-adFree-user.test.js","",""
"","622","Check advertisement blocks for ad free user - Diablo 4 in desktop at 800x800 viewport size","advertisement-tests","2026-08-28","passed","2026-08-28","Verify ad blocks for ad-free user","advertisement/ad-adFree-user.test.js","",""
"","2576","Check video block, footer banner, L vertical banner for plus user - Nightreign in desktop at 1280x800 viewport size","advertisement-tests","2026-08-28","passed","2026-08-28","Verify ad blocks for plus user","advertisement/ad-plus-user.test.js","",""
"","11703","Check video block, footer banner, L vertical banner for plus user - Marvel Rivals in desktop at 1280x800 viewport size","advertisement-tests","2026-08-28","passed","2026-08-28","Verify ad blocks for plus user","advertisement/ad-plus-user.test.js","",""
"","30543","Check advertisement blocks for regular user - Marvel Rivals in desktop at 640x1024 viewport size","advertisement-tests","2026-08-28","failed","2026-08-28","Verify ad blocks for regular user","advertisement/ad-regular-user.test.js","",""
"","30553","Check advertisement blocks for regular user - PoE 2 in desktop at 640x1024 viewport size","advertisement-tests","2026-08-28","failed","2026-08-28","Verify ad blocks for regular user","advertisement/ad-regular-user.test.js","",""
"","45600","Check video block, footer banner, L vertical banner for regular user - Destiny 2 in desktop at 1280x800 viewport size","advertisement-tests","2026-08-28","failed","2026-08-28","Verify ad blocks for regular user","advertisement/ad-regular-user.test.js","",""
"","45571","Check video block, footer banner, L vertical banner for regular user - Monster Hunter Wilds in desktop at 1280x800 viewport size","advertisement-tests","2026-08-28","failed","2026-08-28","Verify ad blocks for regular user","advertisement/ad-regular-user.test.js","",""
"","669","Check video block, footer banner, L vertical banner for ad free user - Riftbound in desktop at 1280x800 viewport size","advertisement-tests","2026-08-28","passed","2026-08-28","Verify ad blocks for ad-free user","advertisement/ad-adFree-user.test.js","",""
"","2203","Check video block, footer banner, L vertical banner, S vertical banner for plus user - Hades 2 in desktop at 1680x1050 viewport size","advertisement-tests","2026-08-28","passed","2026-08-28","Verify ad blocks for plus user","advertisement/ad-plus-user.test.js","",""
"","61551","Check video block, footer banner, L vertical banner, S vertical banner for ad free user - LoL in desktop at 1680x1050 viewport size","advertisement-tests","2026-08-28","failed","2026-08-28","Verify ad blocks for ad-free user","advertisement/ad-adFree-user.test.js","",""
"","30535","Check video block & footer banner for regular user - Diablo 4 in desktop at 800x800 viewport size","advertisement-tests","2026-08-28","failed","2026-08-28","Verify ad blocks for regular user","advertisement/ad-regular-user.test.js","",""
"","429","Check ad blocks for plus user - TFT in mobile at 360x780 viewport size","advertisement-tests","2026-08-28","passed","2026-08-28","Verify ad blocks for plus user","advertisement/ad-plus-user.test.js","",""
"","30465","Check ad blocks for regular user - Diablo 4 in mobile at 360x780 viewport size","advertisement-tests","2026-08-28","failed","2026-08-28","Verify ad blocks for regular user","advertisement/ad-regular-user.test.js","",""
"","1101","Check ad blocks for ad free user - Overwatch in mobile at 360x780 viewport size","advertisement-tests","2026-08-28","passed","2026-08-28","Verify ad blocks for ad-free user","advertisement/ad-adFree-user.test.js","",""
"","30591","Check video block & footer banner for regular user - PoE 2 in desktop at 1100x800 viewport size","advertisement-tests","2026-08-28","failed","2026-08-28","Verify ad blocks for regular user","advertisement/ad-regular-user.test.js","",""
"","10353","Check video block, footer banner, L vertical banner for plus user - ZZZ in desktop at 1280x800 viewport size","advertisement-tests","2026-08-28","passed","2026-08-28","Verify ad blocks for plus user","advertisement/ad-plus-user.test.js","",""
"","30486","Check ad blocks for regular user - STS 2 in mobile at 360x780 viewport size","advertisement-tests","2026-08-28","failed","2026-08-28","Verify ad blocks for regular user","advertisement/ad-regular-user.test.js","",""
"","15920","Check ad blocks for ad free user - LoL in mobile at 360x780 viewport size","advertisement-tests","2026-08-28","passed","2026-08-28","Verify ad blocks for ad-free user","advertisement/ad-adFree-user.test.js","",""
"","1664","Check ad blocks for ad free user - PoE in mobile at 360x780 viewport size","advertisement-tests","2026-08-28","passed","2026-08-28","Verify ad blocks for ad-free user","advertisement/ad-adFree-user.test.js","",""
"","60559","Check video block, footer banner, L vertical banner, S vertical banner for regular user - TFT in desktop at 1680x1050 viewport size","advertisement-tests","2026-08-28","failed","2026-08-28","Verify ad blocks for regular user","advertisement/ad-regular-user.test.js","",""
"","4175","Check advertisement blocks for ad free user - Nightreign in desktop at 640x1024 viewport size","advertisement-tests","2026-08-28","passed","2026-08-28","Verify ad blocks for ad-free user","advertisement/ad-adFree-user.test.js","",""
"","4405","Check ad blocks for regular user - PoE 2 in mobile at 360x780 viewport size","advertisement-tests","2026-08-28","passed","2026-08-28","Verify ad blocks for regular user","advertisement/ad-regular-user.test.js","",""
"","742","Check video block, footer banner, L vertical banner, S vertical banner for ad free user - Nightreign in desktop at 1680x1050 viewport size","advertisement-tests","2026-08-28","passed","2026-08-28","Verify ad blocks for ad-free user","advertisement/ad-adFree-user.test.js","",""
"","45572","Check video block, footer banner, L vertical banner for regular user - PoE in desktop at 1280x800 viewport size","advertisement-tests","2026-08-28","failed","2026-08-28","Verify ad blocks for regular user","advertisement/ad-regular-user.test.js","",""
"","19452","Check video block, footer banner, L vertical banner for ad free user - LoL in desktop at 1280x800 viewport size","advertisement-tests","2026-08-28","failed","2026-08-28","Verify ad blocks for ad-free user","advertisement/ad-adFree-user.test.js","",""
"","928","Check video block, footer banner, L vertical banner, S vertical banner for regular user - Genshin in desktop at 1680x1050 viewport size","advertisement-tests","2026-08-28","passed","2026-08-28","Verify ad blocks for regular user","advertisement/ad-regular-user.test.js","",""
"","624","Check advertisement blocks for plus user - Marvel Rivals in desktop at 640x1024 viewport size","advertisement-tests","2026-08-28","passed","2026-08-28","Verify ad blocks for plus user","advertisement/ad-plus-user.test.js","",""
"","678","Check advertisement blocks for ad free user - Monster Hunter Wilds in desktop at 640x1024 viewport size","advertisement-tests","2026-08-28","passed","2026-08-28","Verify ad blocks for ad-free user","advertisement/ad-adFree-user.test.js","",""
"","676","Check advertisement blocks for plus user - PoE in desktop at 640x1024 viewport size","advertisement-tests","2026-08-28","passed","2026-08-28","Verify ad blocks for plus user","advertisement/ad-plus-user.test.js","",""
"","555","Check video block, footer banner, L vertical banner for regular user - NTE in desktop at 1280x800 viewport size","advertisement-tests","2026-08-28","passed","2026-08-28","Verify ad blocks for regular user","advertisement/ad-regular-user.test.js","",""
"","497","Check video block & footer banner for ad free user - Nightreign in desktop at 1100x800 viewport size","advertisement-tests","2026-08-28","passed","2026-08-28","Verify ad blocks for ad-free user","advertisement/ad-adFree-user.test.js","",""
"","30537","Check ad blocks for regular user - Borderlands 4 in mobile at 360x780 viewport size","advertisement-tests","2026-08-28","failed","2026-08-28","Verify ad blocks for regular user","advertisement/ad-regular-user.test.js","",""
"","3223","Check video block, footer banner, L vertical banner, S vertical banner for ad free user - Endfield in desktop at 1680x1050 viewport size","advertisement-tests","2026-08-28","passed","2026-08-28","Verify ad blocks for ad-free user","advertisement/ad-adFree-user.test.js","",""
"","631","Check advertisement blocks for plus user - STS 2 in desktop at 640x1024 viewport size","advertisement-tests","2026-08-28","passed","2026-08-28","Verify ad blocks for plus user","advertisement/ad-plus-user.test.js","",""
"","30538","Check advertisement blocks for regular user - Hades 2 in desktop at 640x1024 viewport size","advertisement-tests","2026-08-28","failed","2026-08-28","Verify ad blocks for regular user","advertisement/ad-regular-user.test.js","",""
"","451","Check advertisement blocks for regular user - Nightreign in desktop at 640x1024 viewport size","advertisement-tests","2026-08-28","passed","2026-08-28","Verify ad blocks for regular user","advertisement/ad-regular-user.test.js","",""
"","438","Check ad blocks for plus user - 2XKO in mobile at 360x780 viewport size","advertisement-tests","2026-08-28","passed","2026-08-28","Verify ad blocks for plus user","advertisement/ad-plus-user.test.js","",""
"","30549","Check video block & footer banner for regular user - Destiny 2 in desktop at 1100x800 viewport size","advertisement-tests","2026-08-28","failed","2026-08-28","Verify ad blocks for regular user","advertisement/ad-regular-user.test.js","",""
"","30538","Check advertisement blocks for regular user - Diablo 4 in desktop at 640x1024 viewport size","advertisement-tests","2026-08-28","failed","2026-08-28","Verify ad blocks for regular user","advertisement/ad-regular-user.test.js","",""
"","30766","Check video block & footer banner for regular user - Marvel Rivals in desktop at 1100x800 viewport size","advertisement-tests","2026-08-28","failed","2026-08-28","Verify ad blocks for regular user","advertisement/ad-regular-user.test.js","",""
"","45610","Check video block, footer banner, L vertical banner for regular user - Marvel Rivals in desktop at 1280x800 viewport size","advertisement-tests","2026-08-28","failed","2026-08-28","Verify ad blocks for regular user","advertisement/ad-regular-user.test.js","",""
"","2506","Check video block, footer banner, L vertical banner for ad free user - ZZZ in desktop at 1280x800 viewport size","advertisement-tests","2026-08-28","passed","2026-08-28","Verify ad blocks for ad-free user","advertisement/ad-adFree-user.test.js","",""
"","1471","Check ad blocks for ad free user - Deadlock in mobile at 360x780 viewport size","advertisement-tests","2026-08-28","passed","2026-08-28","Verify ad blocks for ad-free user","advertisement/ad-adFree-user.test.js","",""
"","588","Check ad blocks for plus user - Hades 2 in mobile at 360x780 viewport size","advertisement-tests","2026-08-28","passed","2026-08-28","Verify ad blocks for plus user","advertisement/ad-plus-user.test.js","",""
"","1508","Check advertisement blocks for ad free user - Endfield in desktop at 800x800 viewport size","advertisement-tests","2026-08-28","passed","2026-08-28","Verify ad blocks for ad-free user","advertisement/ad-adFree-user.test.js","",""
"","2249","Check video block, footer banner, L vertical banner, S vertical banner for plus user - 2XKO in desktop at 1680x1050 viewport size","advertisement-tests","2026-08-28","passed","2026-08-28","Verify ad blocks for plus user","advertisement/ad-plus-user.test.js","",""
"","502","setup plus user","user-roles-setup","2026-08-28","passed","2026-08-28","","setup/authByUserRoles.setup.test.js","",""
"","1482","Check advertisement blocks for ad free user - ZZZ in desktop at 640x1024 viewport size","advertisement-tests","2026-08-28","passed","2026-08-28","Verify ad blocks for ad-free user","advertisement/ad-adFree-user.test.js","",""
"","30534","Check video block & footer banner for regular user - STS 2 in desktop at 1100x800 viewport size","advertisement-tests","2026-08-28","failed","2026-08-28","Verify ad blocks for regular user","advertisement/ad-regular-user.test.js","",""
"","30537","Check video block & footer banner for regular user - Overwatch in desktop at 800x800 viewport size","advertisement-tests","2026-08-28","failed","2026-08-28","Verify ad blocks for regular user","advertisement/ad-regular-user.test.js","",""
"","1412","Check advertisement blocks for ad free user - Marathon in desktop at 800x800 viewport size","advertisement-tests","2026-08-28","passed","2026-08-28","Verify ad blocks for ad-free user","advertisement/ad-adFree-user.test.js","",""
"","531","Check video block, footer banner, L vertical banner for ad free user - Destiny 2 in desktop at 1280x800 viewport size","advertisement-tests","2026-08-28","passed","2026-08-28","Verify ad blocks for ad-free user","advertisement/ad-adFree-user.test.js","",""
"","520","Check advertisement blocks for plus user - Val in desktop at 640x1024 viewport size","advertisement-tests","2026-08-28","passed","2026-08-28","Verify ad blocks for plus user","advertisement/ad-plus-user.test.js","",""
"","410","Check advertisement blocks for plus user - Genshin in desktop at 800x800 viewport size","advertisement-tests","2026-08-28","passed","2026-08-28","Verify ad blocks for plus user","advertisement/ad-plus-user.test.js","",""
"","2137","Check video block, footer banner, L vertical banner, S vertical banner for plus user - Marvel Rivals in desktop at 1680x1050 viewport size","advertisement-tests","2026-08-28","passed","2026-08-28","Verify ad blocks for plus user","advertisement/ad-plus-user.test.js","",""
"","1352","Check video block & footer banner for plus user - Marvel Rivals in desktop at 1100x800 viewport size","advertisement-tests","2026-08-28","passed","2026-08-28","Verify ad blocks for plus user","advertisement/ad-plus-user.test.js","",""
"","30547","Check video block & footer banner for regular user - Deadlock in desktop at 800x800 viewport size","advertisement-tests","2026-08-28","failed","2026-08-28","Verify ad blocks for regular user","advertisement/ad-regular-user.test.js","",""
"","30507","Check video block & footer banner for regular user - LoL in desktop at 800x800 viewport size","advertisement-tests","2026-08-28","failed","2026-08-28","Verify ad blocks for regular user","advertisement/ad-regular-user.test.js","",""
"","60533","Check video block, footer banner, L vertical banner, S vertical banner for regular user - Val in desktop at 1680x1050 viewport size","advertisement-tests","2026-08-28","failed","2026-08-28","Verify ad blocks for regular user","advertisement/ad-regular-user.test.js","",""
"","2407","Check video block, footer banner, L vertical banner for plus user - Genshin in desktop at 1280x800 viewport size","advertisement-tests","2026-08-28","passed","2026-08-28","Verify ad blocks for plus user","advertisement/ad-plus-user.test.js","",""
"","664","Check ad blocks for plus user - Borderlands 4 in mobile at 360x780 viewport size","advertisement-tests","2026-08-28","passed","2026-08-28","Verify ad blocks for plus user","advertisement/ad-plus-user.test.js","",""
"","2822","Check video block & footer banner for plus user - Marathon in desktop at 1100x800 viewport size","advertisement-tests","2026-08-28","passed","2026-08-28","Verify ad blocks for plus user","advertisement/ad-plus-user.test.js","",""
"","549","Check ad blocks for plus user - NTE in mobile at 360x780 viewport size","advertisement-tests","2026-08-28","passed","2026-08-28","Verify ad blocks for plus user","advertisement/ad-plus-user.test.js","",""
"","751","Check advertisement blocks for plus user - Deadlock in desktop at 800x800 viewport size","advertisement-tests","2026-08-28","passed","2026-08-28","Verify ad blocks for plus user","advertisement/ad-plus-user.test.js","",""
"","594","Check advertisement blocks for plus user - Genshin in desktop at 640x1024 viewport size","advertisement-tests","2026-08-28","passed","2026-08-28","Verify ad blocks for plus user","advertisement/ad-plus-user.test.js","",""
"","30564","Check video block & footer banner for regular user - The Bazaar in desktop at 1100x800 viewport size","advertisement-tests","2026-08-28","failed","2026-08-28","Verify ad blocks for regular user","advertisement/ad-regular-user.test.js","",""
"","30484","Check video block & footer banner for unauthorized user - TFT in mobile at 360x780 viewport size","advertisement-tests","2026-08-28","failed","2026-08-28","Verify ad blocks for guest user","advertisement/ad-unauthorized-user.test.js","",""
"","843","Check ad blocks for ad free user - Nightreign in mobile at 360x780 viewport size","advertisement-tests","2026-08-28","passed","2026-08-28","Verify ad blocks for ad-free user","advertisement/ad-adFree-user.test.js","",""
"","1435","Check video block, footer banner, L vertical banner for ad free user - Endfield in desktop at 1280x800 viewport size","advertisement-tests","2026-08-28","passed","2026-08-28","Verify ad blocks for ad-free user","advertisement/ad-adFree-user.test.js","",""
"","749","Check advertisement blocks for plus user - Diablo 4 in desktop at 800x800 viewport size","advertisement-tests","2026-08-28","passed","2026-08-28","Verify ad blocks for plus user","advertisement/ad-plus-user.test.js","",""
"","5712","Check ad blocks for plus user - Deadlock in mobile at 360x780 viewport size","advertisement-tests","2026-08-28","passed","2026-08-28","Verify ad blocks for plus user","advertisement/ad-plus-user.test.js","",""
"","2617","Check video block, footer banner, L vertical banner, S vertical banner for plus user - Overwatch in desktop at 1680x1050 viewport size","advertisement-tests","2026-08-28","passed","2026-08-28","Verify ad blocks for plus user","advertisement/ad-plus-user.test.js","",""
"","30586","Check advertisement blocks for regular user - Riftbound in desktop at 640x1024 viewport size","advertisement-tests","2026-08-28","failed","2026-08-28","Verify ad blocks for regular user","advertisement/ad-regular-user.test.js","",""
"","30554","Check advertisement blocks for regular user - TFT in desktop at 640x1024 viewport size","advertisement-tests","2026-08-28","failed","2026-08-28","Verify ad blocks for regular user","advertisement/ad-regular-user.test.js","",""
"","604","Check advertisement blocks for plus user - Deadlock in desktop at 640x1024 viewport size","advertisement-tests","2026-08-28","passed","2026-08-28","Verify ad blocks for plus user","advertisement/ad-plus-user.test.js","",""
"","2639","Check ad blocks for ad free user - STS 2 in mobile at 360x780 viewport size","advertisement-tests","2026-08-28","passed","2026-08-28","Verify ad blocks for ad-free user","advertisement/ad-adFree-user.test.js","",""
"","763","Check video block, footer banner, L vertical banner for ad free user - NTE in desktop at 1280x800 viewport size","advertisement-tests","2026-08-28","passed","2026-08-28","Verify ad blocks for ad-free user","advertisement/ad-adFree-user.test.js","",""
"","16617","Check video block, footer banner, L vertical banner for regular user - Deadlock in desktop at 1280x800 viewport size","advertisement-tests","2026-08-28","failed","2026-08-28","Verify ad blocks for regular user","advertisement/ad-regular-user.test.js","",""
"","584","Check ad blocks for ad free user - NTE in mobile at 360x780 viewport size","advertisement-tests","2026-08-28","passed","2026-08-28","Verify ad blocks for ad-free user","advertisement/ad-adFree-user.test.js","",""
"","2174","Check video block, footer banner, L vertical banner, S vertical banner for plus user - PoE 2 in desktop at 1680x1050 viewport size","advertisement-tests","2026-08-28","passed","2026-08-28","Verify ad blocks for plus user","advertisement/ad-plus-user.test.js","",""
"","487","Check video block & footer banner for regular user - Genshin in desktop at 1100x800 viewport size","advertisement-tests","2026-08-28","passed","2026-08-28","Verify ad blocks for regular user","advertisement/ad-regular-user.test.js","",""
"","8472","Check video block & footer banner for plus user - Endfield in desktop at 1100x800 viewport size","advertisement-tests","2026-08-28","passed","2026-08-28","Verify ad blocks for plus user","advertisement/ad-plus-user.test.js","",""
"","30543","Check advertisement blocks for regular user - Overwatch in desktop at 640x1024 viewport size","advertisement-tests","2026-08-28","failed","2026-08-28","Verify ad blocks for regular user","advertisement/ad-regular-user.test.js","",""
"","30549","Check video block & footer banner for regular user - TFT in desktop at 800x800 viewport size","advertisement-tests","2026-08-28","failed","2026-08-28","Verify ad blocks for regular user","advertisement/ad-regular-user.test.js","",""
"","3383","Check video block, footer banner, L vertical banner for ad free user - Deadlock in desktop at 1280x800 viewport size","advertisement-tests","2026-08-28","passed","2026-08-28","Verify ad blocks for ad-free user","advertisement/ad-adFree-user.test.js","",""
"","1034","Check ad blocks for ad free user - Genshin in mobile at 360x780 viewport size","advertisement-tests","2026-08-28","passed","2026-08-28","Verify ad blocks for ad-free user","advertisement/ad-adFree-user.test.js","",""
"","652","Check advertisement blocks for plus user - NTE in desktop at 800x800 viewport size","advertisement-tests","2026-08-28","passed","2026-08-28","Verify ad blocks for plus user","advertisement/ad-plus-user.test.js","",""
"","30656","Check ad blocks for regular user - ZZZ in mobile at 360x780 viewport size","advertisement-tests","2026-08-28","failed","2026-08-28","Verify ad blocks for regular user","advertisement/ad-regular-user.test.js","",""
"","657","Check advertisement blocks for plus user - Borderlands 4 in desktop at 800x800 viewport size","advertisement-tests","2026-08-28","passed","2026-08-28","Verify ad blocks for plus user","advertisement/ad-plus-user.test.js","",""
"","1060","Check advertisement blocks for ad free user - ZZZ in desktop at 800x800 viewport size","advertisement-tests","2026-08-28","passed","2026-08-28","Verify ad blocks for ad-free user","advertisement/ad-adFree-user.test.js","",""
"","5763","Check ad blocks for regular user - Monster Hunter Wilds in mobile at 360x780 viewport size","advertisement-tests","2026-08-28","passed","2026-08-28","Verify ad blocks for regular user","advertisement/ad-regular-user.test.js","",""
"","1524","Check video block, footer banner, L vertical banner for plus user - 2XKO in desktop at 1280x800 viewport size","advertisement-tests","2026-08-28","passed","2026-08-28","Verify ad blocks for plus user","advertisement/ad-plus-user.test.js","",""
"","45587","Check video block, footer banner, L vertical banner for regular user - 2XKO in desktop at 1280x800 viewport size","advertisement-tests","2026-08-28","failed","2026-08-28","Verify ad blocks for regular user","advertisement/ad-regular-user.test.js","",""
"","882","Check video block, footer banner, L vertical banner, S vertical banner for ad free user - The Bazaar in desktop at 1680x1050 viewport size","advertisement-tests","2026-08-28","passed","2026-08-28","Verify ad blocks for ad-free user","advertisement/ad-adFree-user.test.js","",""
"","45617","Check video block, footer banner, L vertical banner for regular user - Diablo 4 in desktop at 1280x800 viewport size","advertisement-tests","2026-08-28","failed","2026-08-28","Verify ad blocks for regular user","advertisement/ad-regular-user.test.js","",""
"","1070","Check advertisement blocks for ad free user - Riftbound in desktop at 800x800 viewport size","advertisement-tests","2026-08-28","passed","2026-08-28","Verify ad blocks for ad-free user","advertisement/ad-adFree-user.test.js","",""
"","8705","Check video block, footer banner, L vertical banner for plus user - Deadlock in desktop at 1280x800 viewport size","advertisement-tests","2026-08-28","passed","2026-08-28","Verify ad blocks for plus user","advertisement/ad-plus-user.test.js","",""
"","1674","Check video block & footer banner for ad free user - Riftbound in desktop at 1100x800 viewport size","advertisement-tests","2026-08-28","passed","2026-08-28","Verify ad blocks for ad-free user","advertisement/ad-adFree-user.test.js","",""
"","735","Check advertisement blocks for ad free user - Hades 2 in desktop at 640x1024 viewport size","advertisement-tests","2026-08-28","passed","2026-08-28","Verify ad blocks for ad-free user","advertisement/ad-adFree-user.test.js","",""
"","30528","Check video block & footer banner for regular user - Riftbound in desktop at 800x800 viewport size","advertisement-tests","2026-08-28","failed","2026-08-28","Verify ad blocks for regular user","advertisement/ad-regular-user.test.js","",""
"","12721","Check video block, footer banner, L vertical banner for ad free user - Borderlands 4 in desktop at 1280x800 viewport size","advertisement-tests","2026-08-28","passed","2026-08-28","Verify ad blocks for ad-free user","advertisement/ad-adFree-user.test.js","",""
"","3084","Check video block, footer banner, L vertical banner, S vertical banner for plus user - TFT in desktop at 1680x1050 viewport size","advertisement-tests","2026-08-28","passed","2026-08-28","Verify ad blocks for plus user","advertisement/ad-plus-user.test.js","",""
"","672","Check advertisement blocks for plus user - Monster Hunter Wilds in desktop at 800x800 viewport size","advertisement-tests","2026-08-28","passed","2026-08-28","Verify ad blocks for plus user","advertisement/ad-plus-user.test.js","",""
"","2340","Check video block & footer banner for plus user - Diablo 4 in desktop at 1100x800 viewport size","advertisement-tests","2026-08-28","passed","2026-08-28","Verify ad blocks for plus user","advertisement/ad-plus-user.test.js","",""
"","479","Check advertisement blocks for regular user - NTE in desktop at 640x1024 viewport size","advertisement-tests","2026-08-28","passed","2026-08-28","Verify ad blocks for regular user","advertisement/ad-regular-user.test.js","",""
"","189","Check video block, footer banner, L vertical banner, S vertical banner for regular user - NTE in desktop at 1680x1050 viewport size","advertisement-tests","2026-08-28","passed","2026-08-28","Verify ad blocks for regular user","advertisement/ad-regular-user.test.js","",""
"","751","Check advertisement blocks for ad free user - Nightreign in desktop at 800x800 viewport size","advertisement-tests","2026-08-28","passed","2026-08-28","Verify ad blocks for ad-free user","advertisement/ad-adFree-user.test.js","",""
"","30527","Check video block & footer banner for regular user - Marvel Rivals in desktop at 800x800 viewport size","advertisement-tests","2026-08-28","failed","2026-08-28","Verify ad blocks for regular user","advertisement/ad-regular-user.test.js","",""
"","2822","Check video block, footer banner, L vertical banner for plus user - Destiny 2 in desktop at 1280x800 viewport size","advertisement-tests","2026-08-28","passed","2026-08-28","Verify ad blocks for plus user","advertisement/ad-plus-user.test.js","",""
"","507","Check video block & footer banner for regular user - NTE in desktop at 800x800 viewport size","advertisement-tests","2026-08-28","passed","2026-08-28","Verify ad blocks for regular user","advertisement/ad-regular-user.test.js","",""
"","31495","Check advertisement blocks for ad free user - TFT in desktop at 640x1024 viewport size","advertisement-tests","2026-08-28","failed","2026-08-28","Verify ad blocks for ad-free user","advertisement/ad-adFree-user.test.js","",""
"","878","Check video block & footer banner for ad free user - The Bazaar in desktop at 1100x800 viewport size","advertisement-tests","2026-08-28","passed","2026-08-28","Verify ad blocks for ad-free user","advertisement/ad-adFree-user.test.js","",""
"","1201","Check advertisement blocks for ad free user - Hades 2 in desktop at 800x800 viewport size","advertisement-tests","2026-08-28","passed","2026-08-28","Verify ad blocks for ad-free user","advertisement/ad-adFree-user.test.js","",""
"","1710","Check video block & footer banner for plus user - Nightreign in desktop at 1100x800 viewport size","advertisement-tests","2026-08-28","passed","2026-08-28","Verify ad blocks for plus user","advertisement/ad-plus-user.test.js","",""
"","537","Check video block & footer banner for ad free user - PoE 2 in desktop at 1100x800 viewport size","advertisement-tests","2026-08-28","passed","2026-08-28","Verify ad blocks for ad-free user","advertisement/ad-adFree-user.test.js","",""
"","1291","Check advertisement blocks for ad free user - Destiny 2 in desktop at 640x1024 viewport size","advertisement-tests","2026-08-28","passed","2026-08-28","Verify ad blocks for ad-free user","advertisement/ad-adFree-user.test.js","",""
"","45595","Check video block, footer banner, L vertical banner for regular user - Borderlands 4 in desktop at 1280x800 viewport size","advertisement-tests","2026-08-28","failed","2026-08-28","Verify ad blocks for regular user","advertisement/ad-regular-user.test.js","",""
"","8921","Check video block & footer banner for plus user - 2XKO in desktop at 1100x800 viewport size","advertisement-tests","2026-08-28","passed","2026-08-28","Verify ad blocks for plus user","advertisement/ad-plus-user.test.js","",""
"","30551","Check video block & footer banner for regular user - Hades 2 in desktop at 1100x800 viewport size","advertisement-tests","2026-08-28","failed","2026-08-28","Verify ad blocks for regular user","advertisement/ad-regular-user.test.js","",""
"","427","Check advertisement blocks for regular user - Val in desktop at 640x1024 viewport size","advertisement-tests","2026-08-28","passed","2026-08-28","Verify ad blocks for regular user","advertisement/ad-regular-user.test.js","",""
"","661","Check advertisement blocks for plus user - Overwatch in desktop at 640x1024 viewport size","advertisement-tests","2026-08-28","passed","2026-08-28","Verify ad blocks for plus user","advertisement/ad-plus-user.test.js","",""
"","660","Check video block, footer banner, L vertical banner, S vertical banner for ad free user - NTE in desktop at 1680x1050 viewport size","advertisement-tests","2026-08-28","passed","2026-08-28","Verify ad blocks for ad-free user","advertisement/ad-adFree-user.test.js","",""
"","1625","Check video block, footer banner, L vertical banner for plus user - Riftbound in desktop at 1280x800 viewport size","advertisement-tests","2026-08-28","passed","2026-08-28","Verify ad blocks for plus user","advertisement/ad-plus-user.test.js","",""
"","2281","Check video block & footer banner for ad free user - Hades 2 in desktop at 1100x800 viewport size","advertisement-tests","2026-08-28","passed","2026-08-28","Verify ad blocks for ad-free user","advertisement/ad-adFree-user.test.js","",""
"","3322","Check video block, footer banner, L vertical banner, S vertical banner for plus user - LoL in desktop at 1680x1050 viewport size","advertisement-tests","2026-08-28","passed","2026-08-28","Verify ad blocks for plus user","advertisement/ad-plus-user.test.js","",""
"","6108","Check advertisement blocks for plus user - STS 2 in desktop at 800x800 viewport size","advertisement-tests","2026-08-28","passed","2026-08-28","Verify ad blocks for plus user","advertisement/ad-plus-user.test.js","",""
"","1003","Check ad blocks for plus user - Diablo 4 in mobile at 360x780 viewport size","advertisement-tests","2026-08-28","passed","2026-08-28","Verify ad blocks for plus user","advertisement/ad-plus-user.test.js","",""
"","60575","Check video block, footer banner, L vertical banner, S vertical banner for regular user - 2XKO in desktop at 1680x1050 viewport size","advertisement-tests","2026-08-28","failed","2026-08-28","Verify ad blocks for regular user","advertisement/ad-regular-user.test.js","",""
"","665","Check advertisement blocks for plus user - Hades 2 in desktop at 640x1024 viewport size","advertisement-tests","2026-08-28","passed","2026-08-28","Verify ad blocks for plus user","advertisement/ad-plus-user.test.js","",""
"","529","setup regular user","user-roles-setup","2026-08-28","passed","2026-08-28","","setup/authByUserRoles.setup.test.js","",""
"","7206","Check ad blocks for plus user - PoE 2 in mobile at 360x780 viewport size","advertisement-tests","2026-08-28","passed","2026-08-28","Verify ad blocks for plus user","advertisement/ad-plus-user.test.js","",""
"","710","Check advertisement blocks for plus user - The Bazaar in desktop at 640x1024 viewport size","advertisement-tests","2026-08-28","passed","2026-08-28","Verify ad blocks for plus user","advertisement/ad-plus-user.test.js","",""
"","4221","Check ad blocks for regular user - Riftbound in mobile at 360x780 viewport size","advertisement-tests","2026-08-28","passed","2026-08-28","Verify ad blocks for regular user","advertisement/ad-regular-user.test.js","",""
"","640","Check video block, footer banner, L vertical banner, S vertical banner for ad free user - Marathon in desktop at 1680x1050 viewport size","advertisement-tests","2026-08-28","passed","2026-08-28","Verify ad blocks for ad-free user","advertisement/ad-adFree-user.test.js","",""
"","6837","Check video block & footer banner for plus user - Destiny 2 in desktop at 1100x800 viewport size","advertisement-tests","2026-08-28","passed","2026-08-28","Verify ad blocks for plus user","advertisement/ad-plus-user.test.js","",""
"","1645","Check advertisement blocks for ad free user - Overwatch in desktop at 800x800 viewport size","advertisement-tests","2026-08-28","passed","2026-08-28","Verify ad blocks for ad-free user","advertisement/ad-adFree-user.test.js","",""
"","660","Check advertisement blocks for plus user - Destiny 2 in desktop at 640x1024 viewport size","advertisement-tests","2026-08-28","passed","2026-08-28","Verify ad blocks for plus user","advertisement/ad-plus-user.test.js","",""
"","1005","Check video block & footer banner for ad free user - Marvel Rivals in desktop at 1100x800 viewport size","advertisement-tests","2026-08-28","passed","2026-08-28","Verify ad blocks for ad-free user","advertisement/ad-adFree-user.test.js","",""
"","888","Check video block, footer banner, L vertical banner, S vertical banner for ad free user - PoE 2 in desktop at 1680x1050 viewport size","advertisement-tests","2026-08-28","passed","2026-08-28","Verify ad blocks for ad-free user","advertisement/ad-adFree-user.test.js","",""
"","1743","Check video block & footer banner for plus user - Borderlands 4 in desktop at 1100x800 viewport size","advertisement-tests","2026-08-28","passed","2026-08-28","Verify ad blocks for plus user","advertisement/ad-plus-user.test.js","",""
"","144","Check video block & footer banner for unauthorized user - Val in mobile at 360x780 viewport size","advertisement-tests","2026-08-28","skipped","2026-08-28","Verify ad blocks for guest user","advertisement/ad-unauthorized-user.test.js","",""
"","16833","Check video block & footer banner for regular user - ZZZ in desktop at 1100x800 viewport size","advertisement-tests","2026-08-28","failed","2026-08-28","Verify ad blocks for regular user","advertisement/ad-regular-user.test.js","",""
"","3381","Check advertisement blocks for ad free user - NTE in desktop at 640x1024 viewport size","advertisement-tests","2026-08-28","passed","2026-08-28","Verify ad blocks for ad-free user","advertisement/ad-adFree-user.test.js","",""
"","940","Check advertisement blocks for plus user - Monster Hunter Wilds in desktop at 640x1024 viewport size","advertisement-tests","2026-08-28","passed","2026-08-28","Verify ad blocks for plus user","advertisement/ad-plus-user.test.js","",""
"","329","Check video block & footer banner for ad free user - NTE in desktop at 1100x800 viewport size","advertisement-tests","2026-08-28","passed","2026-08-28","Verify ad blocks for ad-free user","advertisement/ad-adFree-user.test.js","",""
"","7877","Check video block & footer banner for unauthorized user - Monster Hunter Wilds in mobile at 360x780 viewport size","advertisement-tests","2026-08-28","passed","2026-08-28","Verify ad blocks for guest user","advertisement/ad-unauthorized-user.test.js","",""
"","788","Check video block, footer banner, L vertical banner, S vertical banner for ad free user - Borderlands 4 in desktop at 1680x1050 viewport size","advertisement-tests","2026-08-28","passed","2026-08-28","Verify ad blocks for ad-free user","advertisement/ad-adFree-user.test.js","",""
"","5330","Check video block, footer banner, L vertical banner for ad free user - The Bazaar in desktop at 1280x800 viewport size","advertisement-tests","2026-08-28","passed","2026-08-28","Verify ad blocks for ad-free user","advertisement/ad-adFree-user.test.js","",""
"","571","Check ad blocks for plus user - STS 2 in mobile at 360x780 viewport size","advertisement-tests","2026-08-28","passed","2026-08-28","Verify ad blocks for plus user","advertisement/ad-plus-user.test.js","",""
"","30522","Check advertisement blocks for regular user - PoE in desktop at 640x1024 viewport size","advertisement-tests","2026-08-28","failed","2026-08-28","Verify ad blocks for regular user","advertisement/ad-regular-user.test.js","",""
"","45585","Check video block, footer banner, L vertical banner for regular user - Overwatch in desktop at 1280x800 viewport size","advertisement-tests","2026-08-28","failed","2026-08-28","Verify ad blocks for regular user","advertisement/ad-regular-user.test.js","",""
"","60532","Check video block, footer banner, L vertical banner, S vertical banner for regular user - LoL in desktop at 1680x1050 viewport size","advertisement-tests","2026-08-28","failed","2026-08-28","Verify ad blocks for regular user","advertisement/ad-regular-user.test.js","",""
"","2069","Check video block & footer banner for ad free user - Val in desktop at 1100x800 viewport size","advertisement-tests","2026-08-28","passed","2026-08-28","Verify ad blocks for ad-free user","advertisement/ad-adFree-user.test.js","",""
"","646","Check advertisement blocks for ad free user - The Bazaar in desktop at 640x1024 viewport size","advertisement-tests","2026-08-28","passed","2026-08-28","Verify ad blocks for ad-free user","advertisement/ad-adFree-user.test.js","",""
"","1345","Check video block & footer banner for plus user - Riftbound in desktop at 1100x800 viewport size","advertisement-tests","2026-08-28","passed","2026-08-28","Verify ad blocks for plus user","advertisement/ad-plus-user.test.js","",""
"","787","Check video block & footer banner for ad free user - Overwatch in desktop at 1100x800 viewport size","advertisement-tests","2026-08-28","passed","2026-08-28","Verify ad blocks for ad-free user","advertisement/ad-adFree-user.test.js","",""
"","2626","Check video block, footer banner, L vertical banner, S vertical banner for plus user - Riftbound in desktop at 1680x1050 viewport size","advertisement-tests","2026-08-28","passed","2026-08-28","Verify ad blocks for plus user","advertisement/ad-plus-user.test.js","",""
"","556","Check video block & footer banner for ad free user - Destiny 2 in desktop at 1100x800 viewport size","advertisement-tests","2026-08-28","passed","2026-08-28","Verify ad blocks for ad-free user","advertisement/ad-adFree-user.test.js","",""
"","639","Check ad blocks for plus user - Marathon in mobile at 360x780 viewport size","advertisement-tests","2026-08-28","passed","2026-08-28","Verify ad blocks for plus user","advertisement/ad-plus-user.test.js","",""
"","655","Check advertisement blocks for ad free user - PoE in desktop at 640x1024 viewport size","advertisement-tests","2026-08-28","passed","2026-08-28","Verify ad blocks for ad-free user","advertisement/ad-adFree-user.test.js","",""
"","30565","Check video block & footer banner for unauthorized user - Borderlands 4 in mobile at 360x780 viewport size","advertisement-tests","2026-08-28","failed","2026-08-28","Verify ad blocks for guest user","advertisement/ad-unauthorized-user.test.js","",""
"","717","Check advertisement blocks for ad free user - Endfield in desktop at 640x1024 viewport size","advertisement-tests","2026-08-28","passed","2026-08-28","Verify ad blocks for ad-free user","advertisement/ad-adFree-user.test.js","",""
"","1138","Check advertisement blocks for ad free user - 2XKO in desktop at 640x1024 viewport size","advertisement-tests","2026-08-28","passed","2026-08-28","Verify ad blocks for ad-free user","advertisement/ad-adFree-user.test.js","",""
"","635","Check advertisement blocks for plus user - Riftbound in desktop at 640x1024 viewport size","advertisement-tests","2026-08-28","passed","2026-08-28","Verify ad blocks for plus user","advertisement/ad-plus-user.test.js","",""
"","723","Check advertisement blocks for ad free user - Destiny 2 in desktop at 800x800 viewport size","advertisement-tests","2026-08-28","passed","2026-08-28","Verify ad blocks for ad-free user","advertisement/ad-adFree-user.test.js","",""
"","785","Check advertisement blocks for plus user - 2XKO in desktop at 800x800 viewport size","advertisement-tests","2026-08-28","passed","2026-08-28","Verify ad blocks for plus user","advertisement/ad-plus-user.test.js","",""
"","1631","Check advertisement blocks for ad free user - Marvel Rivals in desktop at 640x1024 viewport size","advertisement-tests","2026-08-28","passed","2026-08-28","Verify ad blocks for ad-free user","advertisement/ad-adFree-user.test.js","",""
"","30923","Check ad blocks for regular user - Hades 2 in mobile at 360x780 viewport size","advertisement-tests","2026-08-28","failed","2026-08-28","Verify ad blocks for regular user","advertisement/ad-regular-user.test.js","",""
"","1960","Check video block, footer banner, L vertical banner for plus user - PoE 2 in desktop at 1280x800 viewport size","advertisement-tests","2026-08-28","passed","2026-08-28","Verify ad blocks for plus user","advertisement/ad-plus-user.test.js","",""
"","45594","Check video block, footer banner, L vertical banner for regular user - LoL in desktop at 1280x800 viewport size","advertisement-tests","2026-08-28","failed","2026-08-28","Verify ad blocks for regular user","advertisement/ad-regular-user.test.js","",""
"","30578","Check video block & footer banner for regular user - Val in desktop at 800x800 viewport size","advertisement-tests","2026-08-28","failed","2026-08-28","Verify ad blocks for regular user","advertisement/ad-regular-user.test.js","",""
"","30572","Check video block & footer banner for regular user - Destiny 2 in desktop at 800x800 viewport size","advertisement-tests","2026-08-28","failed","2026-08-28","Verify ad blocks for regular user","advertisement/ad-regular-user.test.js","",""
"","754","Check advertisement blocks for plus user - Val in desktop at 800x800 viewport size","advertisement-tests","2026-08-28","passed","2026-08-28","Verify ad blocks for plus user","advertisement/ad-plus-user.test.js","",""
"","1731","Check ad blocks for ad free user - Borderlands 4 in mobile at 360x780 viewport size","advertisement-tests","2026-08-28","passed","2026-08-28","Verify ad blocks for ad-free user","advertisement/ad-adFree-user.test.js","",""
"","1409","Check video block & footer banner for plus user - Val in desktop at 1100x800 viewport size","advertisement-tests","2026-08-28","passed","2026-08-28","Verify ad blocks for plus user","advertisement/ad-plus-user.test.js","",""
"","1330","Check video block, footer banner, L vertical banner for ad free user - Overwatch in desktop at 1280x800 viewport size","advertisement-tests","2026-08-28","passed","2026-08-28","Verify ad blocks for ad-free user","advertisement/ad-adFree-user.test.js","",""
"","30777","Check advertisement blocks for ad free user - TFT in desktop at 800x800 viewport size","advertisement-tests","2026-08-28","failed","2026-08-28","Verify ad blocks for ad-free user","advertisement/ad-adFree-user.test.js","",""
"","1858","Check video block, footer banner, L vertical banner for plus user - NTE in desktop at 1280x800 viewport size","advertisement-tests","2026-08-28","passed","2026-08-28","Verify ad blocks for plus user","advertisement/ad-plus-user.test.js","",""
"","30537","Check video block & footer banner for regular user - Borderlands 4 in desktop at 1100x800 viewport size","advertisement-tests","2026-08-28","failed","2026-08-28","Verify ad blocks for regular user","advertisement/ad-regular-user.test.js","",""
"","30560","Check advertisement blocks for regular user - Monster Hunter Wilds in desktop at 640x1024 viewport size","advertisement-tests","2026-08-28","failed","2026-08-28","Verify ad blocks for regular user","advertisement/ad-regular-user.test.js","",""
"","2154","Check video block, footer banner, L vertical banner for plus user - The Bazaar in desktop at 1280x800 viewport size","advertisement-tests","2026-08-28","passed","2026-08-28","Verify ad blocks for plus user","advertisement/ad-plus-user.test.js","",""
"","30555","Check video block & footer banner for regular user - Endfield in desktop at 1100x800 viewport size","advertisement-tests","2026-08-28","failed","2026-08-28","Verify ad blocks for regular user","advertisement/ad-regular-user.test.js","",""
"","1381","Check advertisement blocks for ad free user - Borderlands 4 in desktop at 800x800 viewport size","advertisement-tests","2026-08-28","passed","2026-08-28","Verify ad blocks for ad-free user","advertisement/ad-adFree-user.test.js","",""
"","490","Check video block & footer banner for ad free user - Monster Hunter Wilds in desktop at 1100x800 viewport size","advertisement-tests","2026-08-28","passed","2026-08-28","Verify ad blocks for ad-free user","advertisement/ad-adFree-user.test.js","",""
"","30469","Check ad blocks for regular user - The Bazaar in mobile at 360x780 viewport size","advertisement-tests","2026-08-28","failed","2026-08-28","Verify ad blocks for regular user","advertisement/ad-regular-user.test.js","",""
"","30537","Check video block & footer banner for regular user - PoE in desktop at 800x800 viewport size","advertisement-tests","2026-08-28","failed","2026-08-28","Verify ad blocks for regular user","advertisement/ad-regular-user.test.js","",""
"","628","Check advertisement blocks for plus user - Borderlands 4 in desktop at 640x1024 viewport size","advertisement-tests","2026-08-28","passed","2026-08-28","Verify ad blocks for plus user","advertisement/ad-plus-user.test.js","",""
"","1524","Check video block, footer banner, L vertical banner for ad free user - STS 2 in desktop at 1280x800 viewport size","advertisement-tests","2026-08-28","passed","2026-08-28","Verify ad blocks for ad-free user","advertisement/ad-adFree-user.test.js","",""
"","30628","Check video block & footer banner for regular user - STS 2 in desktop at 800x800 viewport size","advertisement-tests","2026-08-28","failed","2026-08-28","Verify ad blocks for regular user","advertisement/ad-regular-user.test.js","",""
"","30510","Check advertisement blocks for regular user - STS 2 in desktop at 640x1024 viewport size","advertisement-tests","2026-08-28","failed","2026-08-28","Verify ad blocks for regular user","advertisement/ad-regular-user.test.js","",""
"","30572","Check video block & footer banner for regular user - LoL in desktop at 1100x800 viewport size","advertisement-tests","2026-08-28","failed","2026-08-28","Verify ad blocks for regular user","advertisement/ad-regular-user.test.js","",""
"","60578","Check video block, footer banner, L vertical banner, S vertical banner for regular user - PoE 2 in desktop at 1680x1050 viewport size","advertisement-tests","2026-08-28","failed","2026-08-28","Verify ad blocks for regular user","advertisement/ad-regular-user.test.js","",""
"","4527","Check video block, footer banner, L vertical banner, S vertical banner for plus user - Val in desktop at 1680x1050 viewport size","advertisement-tests","2026-08-28","passed","2026-08-28","Verify ad blocks for plus user","advertisement/ad-plus-user.test.js","",""
"","30556","Check advertisement blocks for regular user - The Bazaar in desktop at 640x1024 viewport size","advertisement-tests","2026-08-28","failed","2026-08-28","Verify ad blocks for regular user","advertisement/ad-regular-user.test.js","",""
"","30732","Check video block & footer banner for unauthorized user - 2XKO in mobile at 360x780 viewport size","advertisement-tests","2026-08-28","failed","2026-08-28","Verify ad blocks for guest user","advertisement/ad-unauthorized-user.test.js","",""
"","456","Check video block & footer banner for unauthorized user - NTE in mobile at 360x780 viewport size","advertisement-tests","2026-08-28","passed","2026-08-28","Verify ad blocks for guest user","advertisement/ad-unauthorized-user.test.js","",""
"","30483","Check ad blocks for regular user - LoL in mobile at 360x780 viewport size","advertisement-tests","2026-08-28","failed","2026-08-28","Verify ad blocks for regular user","advertisement/ad-regular-user.test.js","",""
"","828","Check video block, footer banner, L vertical banner, S vertical banner for ad free user - Marvel Rivals in desktop at 1680x1050 viewport size","advertisement-tests","2026-08-28","passed","2026-08-28","Verify ad blocks for ad-free user","advertisement/ad-adFree-user.test.js","",""
"","1373","Check advertisement blocks for ad free user - PoE in desktop at 800x800 viewport size","advertisement-tests","2026-08-28","passed","2026-08-28","Verify ad blocks for ad-free user","advertisement/ad-adFree-user.test.js","",""
"","2176","Check video block, footer banner, L vertical banner, S vertical banner for plus user - ZZZ in desktop at 1680x1050 viewport size","advertisement-tests","2026-08-28","passed","2026-08-28","Verify ad blocks for plus user","advertisement/ad-plus-user.test.js","",""
"","30531","Check video block & footer banner for regular user - PoE 2 in desktop at 800x800 viewport size","advertisement-tests","2026-08-28","failed","2026-08-28","Verify ad blocks for regular user","advertisement/ad-regular-user.test.js","",""
"","11564","Check video block, footer banner, L vertical banner, S vertical banner for plus user - Endfield in desktop at 1680x1050 viewport size","advertisement-tests","2026-08-28","passed","2026-08-28","Verify ad blocks for plus user","advertisement/ad-plus-user.test.js","",""
"","60611","Check video block, footer banner, L vertical banner, S vertical banner for regular user - Destiny 2 in desktop at 1680x1050 viewport size","advertisement-tests","2026-08-28","failed","2026-08-28","Verify ad blocks for regular user","advertisement/ad-regular-user.test.js","",""
"","30538","Check video block & footer banner for regular user - TFT in desktop at 1100x800 viewport size","advertisement-tests","2026-08-28","failed","2026-08-28","Verify ad blocks for regular user","advertisement/ad-regular-user.test.js","",""
"","2701","Check video block, footer banner, L vertical banner, S vertical banner for ad free user - Riftbound in desktop at 1680x1050 viewport size","advertisement-tests","2026-08-28","passed","2026-08-28","Verify ad blocks for ad-free user","advertisement/ad-adFree-user.test.js","",""
"","532","Check video block, footer banner, L vertical banner for ad free user - Diablo 4 in desktop at 1280x800 viewport size","advertisement-tests","2026-08-28","passed","2026-08-28","Verify ad blocks for ad-free user","advertisement/ad-adFree-user.test.js","",""
"","2613","Check video block, footer banner, L vertical banner for plus user - Borderlands 4 in desktop at 1280x800 viewport size","advertisement-tests","2026-08-28","passed","2026-08-28","Verify ad blocks for plus user","advertisement/ad-plus-user.test.js","",""
"","6913","Check advertisement blocks for ad free user - Deadlock in desktop at 800x800 viewport size","advertisement-tests","2026-08-28","passed","2026-08-28","Verify ad blocks for ad-free user","advertisement/ad-adFree-user.test.js","",""
"","8065","Check ad blocks for ad free user - Destiny 2 in mobile at 360x780 viewport size","advertisement-tests","2026-08-28","passed","2026-08-28","Verify ad blocks for ad-free user","advertisement/ad-adFree-user.test.js","",""
"","46731","Check video block, footer banner, L vertical banner for ad free user - TFT in desktop at 1280x800 viewport size","advertisement-tests","2026-08-28","failed","2026-08-28","Verify ad blocks for ad-free user","advertisement/ad-adFree-user.test.js","",""
"","9950","Check video block, footer banner, L vertical banner for plus user - Monster Hunter Wilds in desktop at 1280x800 viewport size","advertisement-tests","2026-08-28","passed","2026-08-28","Verify ad blocks for plus user","advertisement/ad-plus-user.test.js","",""
"","30537","Check video block & footer banner for regular user - Borderlands 4 in desktop at 800x800 viewport size","advertisement-tests","2026-08-28","failed","2026-08-28","Verify ad blocks for regular user","advertisement/ad-regular-user.test.js","",""
"","30592","Check video block & footer banner for unauthorized user - Riftbound in mobile at 360x780 viewport size","advertisement-tests","2026-08-28","failed","2026-08-28","Verify ad blocks for guest user","advertisement/ad-unauthorized-user.test.js","",""
"","648","Check video block, footer banner, L vertical banner, S vertical banner for ad free user - Overwatch in desktop at 1680x1050 viewport size","advertisement-tests","2026-08-28","passed","2026-08-28","Verify ad blocks for ad-free user","advertisement/ad-adFree-user.test.js","",""
"","30505","Check video block & footer banner for regular user - Monster Hunter Wilds in desktop at 800x800 viewport size","advertisement-tests","2026-08-28","failed","2026-08-28","Verify ad blocks for regular user","advertisement/ad-regular-user.test.js","",""
"","2325","Check video block, footer banner, L vertical banner, S vertical banner for plus user - Nightreign in desktop at 1680x1050 viewport size","advertisement-tests","2026-08-28","passed","2026-08-28","Verify ad blocks for plus user","advertisement/ad-plus-user.test.js","",""
"","638","Check ad blocks for plus user - Overwatch in mobile at 360x780 viewport size","advertisement-tests","2026-08-28","passed","2026-08-28","Verify ad blocks for plus user","advertisement/ad-plus-user.test.js","",""
"","30864","Check video block & footer banner for regular user - Diablo 4 in desktop at 1100x800 viewport size","advertisement-tests","2026-08-28","failed","2026-08-28","Verify ad blocks for regular user","advertisement/ad-regular-user.test.js","",""
"","665","Check advertisement blocks for plus user - Hades 2 in desktop at 800x800 viewport size","advertisement-tests","2026-08-28","passed","2026-08-28","Verify ad blocks for plus user","advertisement/ad-plus-user.test.js","",""
"","1642","Check video block, footer banner, L vertical banner, S vertical banner for plus user - Genshin in desktop at 1680x1050 viewport size","advertisement-tests","2026-08-28","passed","2026-08-28","Verify ad blocks for plus user","advertisement/ad-plus-user.test.js","",""
"","950","Check video block, footer banner, L vertical banner, S vertical banner for ad free user - PoE in desktop at 1680x1050 viewport size","advertisement-tests","2026-08-28","passed","2026-08-28","Verify ad blocks for ad-free user","advertisement/ad-adFree-user.test.js","",""
"","2634","Check video block, footer banner, L vertical banner for ad free user - Nightreign in desktop at 1280x800 viewport size","advertisement-tests","2026-08-28","passed","2026-08-28","Verify ad blocks for ad-free user","advertisement/ad-adFree-user.test.js","",""
"","2132","Check video block, footer banner, L vertical banner, S vertical banner for plus user - Borderlands 4 in desktop at 1680x1050 viewport size","advertisement-tests","2026-08-28","passed","2026-08-28","Verify ad blocks for plus user","advertisement/ad-plus-user.test.js","",""
"","1365","Check video block & footer banner for plus user - Monster Hunter Wilds in desktop at 1100x800 viewport size","advertisement-tests","2026-08-28","passed","2026-08-28","Verify ad blocks for plus user","advertisement/ad-plus-user.test.js","",""
"","757","Check video block, footer banner, L vertical banner, S vertical banner for ad free user - Monster Hunter Wilds in desktop at 1680x1050 viewport size","advertisement-tests","2026-08-28","passed","2026-08-28","Verify ad blocks for ad-free user","advertisement/ad-adFree-user.test.js","",""
"","45591","Check video block, footer banner, L vertical banner for regular user - TFT in desktop at 1280x800 viewport size","advertisement-tests","2026-08-28","failed","2026-08-28","Verify ad blocks for regular user","advertisement/ad-regular-user.test.js","",""
"","5270","Check advertisement blocks for ad free user - PoE 2 in desktop at 640x1024 viewport size","advertisement-tests","2026-08-28","passed","2026-08-28","Verify ad blocks for ad-free user","advertisement/ad-adFree-user.test.js","",""
"","606","Check ad blocks for regular user - NTE in mobile at 360x780 viewport size","advertisement-tests","2026-08-28","passed","2026-08-28","Verify ad blocks for regular user","advertisement/ad-regular-user.test.js","",""
"","702","Check advertisement blocks for plus user - Riftbound in desktop at 800x800 viewport size","advertisement-tests","2026-08-28","passed","2026-08-28","Verify ad blocks for plus user","advertisement/ad-plus-user.test.js","",""
"","10280","Check ad blocks for ad free user - TFT in mobile at 360x780 viewport size","advertisement-tests","2026-08-28","passed","2026-08-28","Verify ad blocks for ad-free user","advertisement/ad-adFree-user.test.js","",""
"","2192","Check video block & footer banner for plus user - Deadlock in desktop at 1100x800 viewport size","advertisement-tests","2026-08-28","passed","2026-08-28","Verify ad blocks for plus user","advertisement/ad-plus-user.test.js","",""
"","60681","Check video block, footer banner, L vertical banner, S vertical banner for regular user - Nightreign in desktop at 1680x1050 viewport size","advertisement-tests","2026-08-28","failed","2026-08-28","Verify ad blocks for regular user","advertisement/ad-regular-user.test.js","",""
"","5847","Check advertisement blocks for ad free user - Deadlock in desktop at 640x1024 viewport size","advertisement-tests","2026-08-28","passed","2026-08-28","Verify ad blocks for ad-free user","advertisement/ad-adFree-user.test.js","",""
"","5899","Check advertisement blocks for ad free user - STS 2 in desktop at 640x1024 viewport size","advertisement-tests","2026-08-28","passed","2026-08-28","Verify ad blocks for ad-free user","advertisement/ad-adFree-user.test.js","",""
"","30555","Check advertisement blocks for regular user - Deadlock in desktop at 640x1024 viewport size","advertisement-tests","2026-08-28","failed","2026-08-28","Verify ad blocks for regular user","advertisement/ad-regular-user.test.js","",""
"","700","Check video block & footer banner for ad free user - STS 2 in desktop at 1100x800 viewport size","advertisement-tests","2026-08-28","passed","2026-08-28","Verify ad blocks for ad-free user","advertisement/ad-adFree-user.test.js","",""
"","13007","Check video block, footer banner, L vertical banner for plus user - STS 2 in desktop at 1280x800 viewport size","advertisement-tests","2026-08-28","passed","2026-08-28","Verify ad blocks for plus user","advertisement/ad-plus-user.test.js","",""
"","523","Check video block & footer banner for ad free user - ZZZ in desktop at 1100x800 viewport size","advertisement-tests","2026-08-28","passed","2026-08-28","Verify ad blocks for ad-free user","advertisement/ad-adFree-user.test.js","",""
"","30505","Check video block & footer banner for regular user - Marathon in desktop at 800x800 viewport size","advertisement-tests","2026-08-28","failed","2026-08-28","Verify ad blocks for regular user","advertisement/ad-regular-user.test.js","",""
"","1945","Check video block & footer banner for plus user - Overwatch in desktop at 1100x800 viewport size","advertisement-tests","2026-08-28","passed","2026-08-28","Verify ad blocks for plus user","advertisement/ad-plus-user.test.js","",""
"","3372","Check video block, footer banner, L vertical banner for plus user - Hades 2 in desktop at 1280x800 viewport size","advertisement-tests","2026-08-28","passed","2026-08-28","Verify ad blocks for plus user","advertisement/ad-plus-user.test.js","",""
"","30545","Check video block & footer banner for regular user - ZZZ in desktop at 800x800 viewport size","advertisement-tests","2026-08-28","failed","2026-08-28","Verify ad blocks for regular user","advertisement/ad-regular-user.test.js","",""
"","4706","Check advertisement blocks for regular user - LoL in desktop at 640x1024 viewport size","advertisement-tests","2026-08-28","passed","2026-08-28","Verify ad blocks for regular user","advertisement/ad-regular-user.test.js","",""
"","30606","Check video block & footer banner for regular user - Deadlock in desktop at 1100x800 viewport size","advertisement-tests","2026-08-28","failed","2026-08-28","Verify ad blocks for regular user","advertisement/ad-regular-user.test.js","",""
"","13491","Check ad blocks for ad free user - Marvel Rivals in mobile at 360x780 viewport size","advertisement-tests","2026-08-28","passed","2026-08-28","Verify ad blocks for ad-free user","advertisement/ad-adFree-user.test.js","",""
"","30558","Check video block & footer banner for regular user - Nightreign in desktop at 800x800 viewport size","advertisement-tests","2026-08-28","failed","2026-08-28","Verify ad blocks for regular user","advertisement/ad-regular-user.test.js","",""
"","30530","Check advertisement blocks for regular user - Borderlands 4 in desktop at 640x1024 viewport size","advertisement-tests","2026-08-28","failed","2026-08-28","Verify ad blocks for regular user","advertisement/ad-regular-user.test.js","",""
"","60601","Check video block, footer banner, L vertical banner, S vertical banner for regular user - Monster Hunter Wilds in desktop at 1680x1050 viewport size","advertisement-tests","2026-08-28","failed","2026-08-28","Verify ad blocks for regular user","advertisement/ad-regular-user.test.js","",""
"","10319","Check video block & footer banner for unauthorized user - Diablo 4 in mobile at 360x780 viewport size","advertisement-tests","2026-08-28","passed","2026-08-28","Verify ad blocks for guest user","advertisement/ad-unauthorized-user.test.js","",""
"","1399","Check advertisement blocks for ad free user - Diablo 4 in desktop at 640x1024 viewport size","advertisement-tests","2026-08-28","passed","2026-08-28","Verify ad blocks for ad-free user","advertisement/ad-adFree-user.test.js","",""
"","45590","Check video block, footer banner, L vertical banner for regular user - Nightreign in desktop at 1280x800 viewport size","advertisement-tests","2026-08-28","failed","2026-08-28","Verify ad blocks for regular user","advertisement/ad-regular-user.test.js","",""
"","30615","Check ad blocks for regular user - Deadlock in mobile at 360x780 viewport size","advertisement-tests","2026-08-28","failed","2026-08-28","Verify ad blocks for regular user","advertisement/ad-regular-user.test.js","",""
"","771","Check video block, footer banner, L vertical banner, S vertical banner for ad free user - Deadlock in desktop at 1680x1050 viewport size","advertisement-tests","2026-08-28","passed","2026-08-28","Verify ad blocks for ad-free user","advertisement/ad-adFree-user.test.js","",""
"","2428","Check video block & footer banner for plus user - The Bazaar in desktop at 1100x800 viewport size","advertisement-tests","2026-08-28","passed","2026-08-28","Verify ad blocks for plus user","advertisement/ad-plus-user.test.js","",""
"","737","Check advertisement blocks for ad free user - Marathon in desktop at 640x1024 viewport size","advertisement-tests","2026-08-28","passed","2026-08-28","Verify ad blocks for ad-free user","advertisement/ad-adFree-user.test.js","",""
"","743","Check advertisement blocks for plus user - Marathon in desktop at 800x800 viewport size","advertisement-tests","2026-08-28","passed","2026-08-28","Verify ad blocks for plus user","advertisement/ad-plus-user.test.js","",""
"","337","Check video block & footer banner for regular user - Genshin in desktop at 800x800 viewport size","advertisement-tests","2026-08-28","passed","2026-08-28","Verify ad blocks for regular user","advertisement/ad-regular-user.test.js","",""
"","645","Check video block, footer banner, L vertical banner, S vertical banner for ad free user - STS 2 in desktop at 1680x1050 viewport size","advertisement-tests","2026-08-28","passed","2026-08-28","Verify ad blocks for ad-free user","advertisement/ad-adFree-user.test.js","",""
