"DESCRIPTION","DURATION IN MS","NAME","PARENT SUITE","START TIME","STATUS","STOP TIME","SUB SUITE","SUITE","TEST CLASS","TEST METHOD"
"","11544","Check video block, footer banner, L vertical banner, S vertical banner for plus user - LoL in desktop at 1680x1050 viewport size","advertisement-tests","2026-06-26","passed","2026-06-26","Verify ad blocks within the desktop viewport range (>1412px) for different user roles","advertisement.test.js","",""
"","7691","Check advertisement blocks for plus user - PoE 2 in desktop at 800x800 viewport size","advertisement-tests","2026-06-26","passed","2026-06-26","Verify video ad block & footer banner within the desktop viewport range (768-1023px) for different user roles","advertisement.test.js","",""
"","12097","Check video block, footer banner, L vertical banner, S vertical banner for unauthorized user - Diablo 4 in desktop at 1680x1050 viewport size","advertisement-tests","2026-06-26","passed","2026-06-26","Verify ad blocks within the desktop viewport range (>1412px) for different user roles","advertisement.test.js","",""
"","14727","Check video block & footer banner for regular user - The Bazaar in desktop at 1100x800 viewport size","advertisement-tests","2026-06-26","passed","2026-06-26","Verify ad blocks within the desktop viewport range (1024-1232px) for different user roles","advertisement.test.js","",""
"","9795","Check advertisement blocks for regular user - Hades 2 in desktop at 640x1024 viewport size","advertisement-tests","2026-06-26","passed","2026-06-26","Verify ad blocks within the desktop viewport range (576-767px) for different user roles","advertisement.test.js","",""
"","7619","Check advertisement blocks for plus user - 2XKO in desktop at 640x1024 viewport size","advertisement-tests","2026-06-26","passed","2026-06-26","Verify ad blocks within the desktop viewport range (576-767px) for different user roles","advertisement.test.js","",""
"","12790","Check video block, footer banner, L vertical banner, S vertical banner for unauthorized user - PoE 2 in desktop at 1680x1050 viewport size","advertisement-tests","2026-06-26","passed","2026-06-26","Verify ad blocks within the desktop viewport range (>1412px) for different user roles","advertisement.test.js","",""
"","6776","Check advertisement blocks for plus user - Val in desktop at 800x800 viewport size","advertisement-tests","2026-06-26","passed","2026-06-26","Verify video ad block & footer banner within the desktop viewport range (768-1023px) for different user roles","advertisement.test.js","",""
"","13920","Check video block, footer banner, L vertical banner, S vertical banner for plus user - ZZZ in desktop at 1680x1050 viewport size","advertisement-tests","2026-06-26","passed","2026-06-26","Verify ad blocks within the desktop viewport range (>1412px) for different user roles","advertisement.test.js","",""
"","10231","Check video block, footer banner, L vertical banner, S vertical banner for unauthorized user - 2XKO in desktop at 1680x1050 viewport size","advertisement-tests","2026-06-26","passed","2026-06-26","Verify ad blocks within the desktop viewport range (>1412px) for different user roles","advertisement.test.js","",""
"","16898","Check video block, footer banner, L vertical banner, S vertical banner for ad free user - Riftbound in desktop at 1680x1050 viewport size","advertisement-tests","2026-06-26","passed","2026-06-26","Verify ad blocks within the desktop viewport range (>1412px) for different user roles","advertisement.test.js","",""
"","10359","Check video block & footer banner for unauthorized user - 2XKO in desktop at 1100x800 viewport size","advertisement-tests","2026-06-26","passed","2026-06-26","Verify ad blocks within the desktop viewport range (1024-1232px) for different user roles","advertisement.test.js","",""
"","5520","Check video block, footer banner, L vertical banner for plus user - STS 2 in desktop at 1280x800 viewport size","advertisement-tests","2026-06-26","passed","2026-06-26","Verify ad blocks within the desktop viewport range (1233-1411px) for different user roles","advertisement.test.js","",""
"","7762","Check advertisement blocks for plus user - Hades 2 in desktop at 640x1024 viewport size","advertisement-tests","2026-06-26","passed","2026-06-26","Verify ad blocks within the desktop viewport range (576-767px) for different user roles","advertisement.test.js","",""
"","7259","Check video block & footer banner for ad free user - Endfield in desktop at 1100x800 viewport size","advertisement-tests","2026-06-26","passed","2026-06-26","Verify ad blocks within the desktop viewport range (1024-1232px) for different user roles","advertisement.test.js","",""
"","15265","Check ad blocks for regular user - The Bazaar in mobile at 360x780 viewport size","advertisement-tests","2026-06-26","passed","2026-06-26","Verify ad blocks within the mobile viewport range (320–575px) for different user roles","advertisement.test.js","",""
"","16031","Check video block, footer banner, L vertical banner for regular user - ZZZ in desktop at 1280x800 viewport size","advertisement-tests","2026-06-26","passed","2026-06-26","Verify ad blocks within the desktop viewport range (1233-1411px) for different user roles","advertisement.test.js","",""
"","9212","Check video block, footer banner, L vertical banner for unauthorized user - The Bazaar in desktop at 1280x800 viewport size","advertisement-tests","2026-06-26","passed","2026-06-26","Verify ad blocks within the desktop viewport range (1233-1411px) for different user roles","advertisement.test.js","",""
"","9453","Check advertisement blocks for plus user - Monster Hunter Wilds in desktop at 800x800 viewport size","advertisement-tests","2026-06-26","passed","2026-06-26","Verify video ad block & footer banner within the desktop viewport range (768-1023px) for different user roles","advertisement.test.js","",""
"","8420","Check video block & footer banner for ad free user - The Bazaar in desktop at 1100x800 viewport size","advertisement-tests","2026-06-26","passed","2026-06-26","Verify ad blocks within the desktop viewport range (1024-1232px) for different user roles","advertisement.test.js","",""
"","11995","Check video block, footer banner, L vertical banner, S vertical banner for ad free user - Endfield in desktop at 1680x1050 viewport size","advertisement-tests","2026-06-26","passed","2026-06-26","Verify ad blocks within the desktop viewport range (>1412px) for different user roles","advertisement.test.js","",""
"","10039","Check ad blocks for ad free user - Riftbound in mobile at 360x780 viewport size","advertisement-tests","2026-06-26","passed","2026-06-26","Verify ad blocks within the mobile viewport range (320–575px) for different user roles","advertisement.test.js","",""
"","7772","Check advertisement blocks for ad free user - STS 2 in desktop at 640x1024 viewport size","advertisement-tests","2026-06-26","passed","2026-06-26","Verify ad blocks within the desktop viewport range (576-767px) for different user roles","advertisement.test.js","",""
"","13875","Check video block, footer banner, L vertical banner, S vertical banner for unauthorized user - Endfield in desktop at 1680x1050 viewport size","advertisement-tests","2026-06-26","passed","2026-06-26","Verify ad blocks within the desktop viewport range (>1412px) for different user roles","advertisement.test.js","",""
"","13618","Check video block, footer banner, L vertical banner, S vertical banner for unauthorized user - ZZZ in desktop at 1680x1050 viewport size","advertisement-tests","2026-06-26","passed","2026-06-26","Verify ad blocks within the desktop viewport range (>1412px) for different user roles","advertisement.test.js","",""
"","12725","Check video block & footer banner for regular user - PoE 2 in desktop at 800x800 viewport size","advertisement-tests","2026-06-26","passed","2026-06-26","Verify video ad block & footer banner within the desktop viewport range (768-1023px) for different user roles","advertisement.test.js","",""
"","8651","Check advertisement blocks for ad free user - PoE 2 in desktop at 800x800 viewport size","advertisement-tests","2026-06-26","passed","2026-06-26","Verify video ad block & footer banner within the desktop viewport range (768-1023px) for different user roles","advertisement.test.js","",""
"","9560","Check advertisement blocks for ad free user - 2XKO in desktop at 800x800 viewport size","advertisement-tests","2026-06-26","passed","2026-06-26","Verify video ad block & footer banner within the desktop viewport range (768-1023px) for different user roles","advertisement.test.js","",""
"","5181","Check video block, footer banner, L vertical banner for ad free user - Diablo 4 in desktop at 1280x800 viewport size","advertisement-tests","2026-06-26","passed","2026-06-26","Verify ad blocks within the desktop viewport range (1233-1411px) for different user roles","advertisement.test.js","",""
"","6558","Check advertisement blocks for plus user - Riftbound in desktop at 640x1024 viewport size","advertisement-tests","2026-06-26","passed","2026-06-26","Verify ad blocks within the desktop viewport range (576-767px) for different user roles","advertisement.test.js","",""
"","8176","Check advertisement blocks for ad free user - The Bazaar in desktop at 640x1024 viewport size","advertisement-tests","2026-06-26","passed","2026-06-26","Verify ad blocks within the desktop viewport range (576-767px) for different user roles","advertisement.test.js","",""
"","14632","Check video block & footer banner for regular user - Deadlock in desktop at 1100x800 viewport size","advertisement-tests","2026-06-26","passed","2026-06-26","Verify ad blocks within the desktop viewport range (1024-1232px) for different user roles","advertisement.test.js","",""
"","13960","Check video block & footer banner for regular user - LoL in desktop at 800x800 viewport size","advertisement-tests","2026-06-26","passed","2026-06-26","Verify video ad block & footer banner within the desktop viewport range (768-1023px) for different user roles","advertisement.test.js","",""
"","9761","Check advertisement blocks for unauthorized user - The Bazaar in desktop at 640x1024 viewport size","advertisement-tests","2026-06-26","passed","2026-06-26","Verify ad blocks within the desktop viewport range (576-767px) for different user roles","advertisement.test.js","",""
"","9628","Check video block, footer banner, L vertical banner for unauthorized user - Hades 2 in desktop at 1280x800 viewport size","advertisement-tests","2026-06-26","passed","2026-06-26","Verify ad blocks within the desktop viewport range (1233-1411px) for different user roles","advertisement.test.js","",""
"","3182","Check video block, footer banner, L vertical banner for plus user - Overwatch in desktop at 1280x800 viewport size","advertisement-tests","2026-06-26","passed","2026-06-26","Verify ad blocks within the desktop viewport range (1233-1411px) for different user roles","advertisement.test.js","",""
"","9390","Check advertisement blocks for unauthorized user - Monster Hunter Wilds in desktop at 640x1024 viewport size","advertisement-tests","2026-06-26","passed","2026-06-26","Verify ad blocks within the desktop viewport range (576-767px) for different user roles","advertisement.test.js","",""
"","9031","Check video block, footer banner, L vertical banner for ad free user - PoE 2 in desktop at 1280x800 viewport size","advertisement-tests","2026-06-26","passed","2026-06-26","Verify ad blocks within the desktop viewport range (1233-1411px) for different user roles","advertisement.test.js","",""
"","12323","Check video block & footer banner for unauthorized user - Hades 2 in mobile at 360x780 viewport size","advertisement-tests","2026-06-26","passed","2026-06-26","Verify ad blocks within the mobile viewport range (320–575px) for different user roles","advertisement.test.js","",""
"","12073","Check video block & footer banner for unauthorized user - Marvel Rivals in mobile at 360x780 viewport size","advertisement-tests","2026-06-26","passed","2026-06-26","Verify ad blocks within the mobile viewport range (320–575px) for different user roles","advertisement.test.js","",""
"","8813","Check advertisement blocks for ad free user - Monster Hunter Wilds in desktop at 640x1024 viewport size","advertisement-tests","2026-06-26","passed","2026-06-26","Verify ad blocks within the desktop viewport range (576-767px) for different user roles","advertisement.test.js","",""
"","7614","Check advertisement blocks for ad free user - ZZZ in desktop at 640x1024 viewport size","advertisement-tests","2026-06-26","passed","2026-06-26","Verify ad blocks within the desktop viewport range (576-767px) for different user roles","advertisement.test.js","",""
"","12744","Check video block, footer banner, L vertical banner for regular user - Nightreign in desktop at 1280x800 viewport size","advertisement-tests","2026-06-26","passed","2026-06-26","Verify ad blocks within the desktop viewport range (1233-1411px) for different user roles","advertisement.test.js","",""
"","7868","Check ad blocks for ad free user - Diablo 4 in mobile at 360x780 viewport size","advertisement-tests","2026-06-26","passed","2026-06-26","Verify ad blocks within the mobile viewport range (320–575px) for different user roles","advertisement.test.js","",""
"","12456","Check advertisement blocks for regular user - PoE in desktop at 640x1024 viewport size","advertisement-tests","2026-06-26","passed","2026-06-26","Verify ad blocks within the desktop viewport range (576-767px) for different user roles","advertisement.test.js","",""
"","10799","Check video block & footer banner for ad free user - ZZZ in desktop at 1100x800 viewport size","advertisement-tests","2026-06-26","passed","2026-06-26","Verify ad blocks within the desktop viewport range (1024-1232px) for different user roles","advertisement.test.js","",""
"","8691","Check video block & footer banner for unauthorized user - Nightreign in desktop at 800x800 viewport size","advertisement-tests","2026-06-26","passed","2026-06-26","Verify video ad block & footer banner within the desktop viewport range (768-1023px) for different user roles","advertisement.test.js","",""
"","8479","Check advertisement blocks for ad free user - 2XKO in desktop at 640x1024 viewport size","advertisement-tests","2026-06-26","passed","2026-06-26","Verify ad blocks within the desktop viewport range (576-767px) for different user roles","advertisement.test.js","",""
"","731","Check advertisement blocks for unauthorized user - Val in desktop at 640x1024 viewport size","advertisement-tests","2026-06-26","skipped","2026-06-26","Verify ad blocks within the desktop viewport range (576-767px) for different user roles","advertisement.test.js","",""
"","11795","Check video block, footer banner, L vertical banner, S vertical banner for unauthorized user - Deadlock in desktop at 1680x1050 viewport size","advertisement-tests","2026-06-26","passed","2026-06-26","Verify ad blocks within the desktop viewport range (>1412px) for different user roles","advertisement.test.js","",""
"","14356","Check ad blocks for regular user - PoE 2 in mobile at 360x780 viewport size","advertisement-tests","2026-06-26","passed","2026-06-26","Verify ad blocks within the mobile viewport range (320–575px) for different user roles","advertisement.test.js","",""
"","11239","Check advertisement blocks for unauthorized user - PoE in desktop at 640x1024 viewport size","advertisement-tests","2026-06-26","passed","2026-06-26","Verify ad blocks within the desktop viewport range (576-767px) for different user roles","advertisement.test.js","",""
"","12086","Check video block, footer banner, L vertical banner, S vertical banner for unauthorized user - Marathon in desktop at 1680x1050 viewport size","advertisement-tests","2026-06-26","passed","2026-06-26","Verify ad blocks within the desktop viewport range (>1412px) for different user roles","advertisement.test.js","",""
"","8011","Check advertisement blocks for ad free user - PoE in desktop at 640x1024 viewport size","advertisement-tests","2026-06-26","passed","2026-06-26","Verify ad blocks within the desktop viewport range (576-767px) for different user roles","advertisement.test.js","",""
"","9696","Check advertisement blocks for unauthorized user - Hades 2 in desktop at 640x1024 viewport size","advertisement-tests","2026-06-26","passed","2026-06-26","Verify ad blocks within the desktop viewport range (576-767px) for different user roles","advertisement.test.js","",""
"","5710","Check video block & footer banner for ad free user - Borderlands 4 in desktop at 1100x800 viewport size","advertisement-tests","2026-06-26","passed","2026-06-26","Verify ad blocks within the desktop viewport range (1024-1232px) for different user roles","advertisement.test.js","",""
"","10928","Check advertisement blocks for regular user - Overwatch in desktop at 640x1024 viewport size","advertisement-tests","2026-06-26","passed","2026-06-26","Verify ad blocks within the desktop viewport range (576-767px) for different user roles","advertisement.test.js","",""
"","11240","Check video block & footer banner for unauthorized user - LoL in desktop at 1100x800 viewport size","advertisement-tests","2026-06-26","passed","2026-06-26","Verify ad blocks within the desktop viewport range (1024-1232px) for different user roles","advertisement.test.js","",""
"","9170","Check video block & footer banner for unauthorized user - PoE 2 in mobile at 360x780 viewport size","advertisement-tests","2026-06-26","passed","2026-06-26","Verify ad blocks within the mobile viewport range (320–575px) for different user roles","advertisement.test.js","",""
"","13123","Check video block, footer banner, L vertical banner for regular user - PoE in desktop at 1280x800 viewport size","advertisement-tests","2026-06-26","passed","2026-06-26","Verify ad blocks within the desktop viewport range (1233-1411px) for different user roles","advertisement.test.js","",""
"","14833","Check video block, footer banner, L vertical banner, S vertical banner for ad free user - 2XKO in desktop at 1680x1050 viewport size","advertisement-tests","2026-06-26","passed","2026-06-26","Verify ad blocks within the desktop viewport range (>1412px) for different user roles","advertisement.test.js","",""
"","10879","Check advertisement blocks for unauthorized user - Borderlands 4 in desktop at 640x1024 viewport size","advertisement-tests","2026-06-26","passed","2026-06-26","Verify ad blocks within the desktop viewport range (576-767px) for different user roles","advertisement.test.js","",""
"","10708","Check video block, footer banner, L vertical banner for plus user - The Bazaar in desktop at 1280x800 viewport size","advertisement-tests","2026-06-26","passed","2026-06-26","Verify ad blocks within the desktop viewport range (1233-1411px) for different user roles","advertisement.test.js","",""
"","10793","Check video block, footer banner, L vertical banner, S vertical banner for unauthorized user - LoL in desktop at 1680x1050 viewport size","advertisement-tests","2026-06-26","passed","2026-06-26","Verify ad blocks within the desktop viewport range (>1412px) for different user roles","advertisement.test.js","",""
"","3767","Check video block, footer banner, L vertical banner for plus user - PoE 2 in desktop at 1280x800 viewport size","advertisement-tests","2026-06-26","passed","2026-06-26","Verify ad blocks within the desktop viewport range (1233-1411px) for different user roles","advertisement.test.js","",""
"","3489","Check video block, footer banner, L vertical banner for ad free user - PoE in desktop at 1280x800 viewport size","advertisement-tests","2026-06-26","passed","2026-06-26","Verify ad blocks within the desktop viewport range (1233-1411px) for different user roles","advertisement.test.js","",""
"","11224","Check video block & footer banner for regular user - Borderlands 4 in desktop at 800x800 viewport size","advertisement-tests","2026-06-26","passed","2026-06-26","Verify video ad block & footer banner within the desktop viewport range (768-1023px) for different user roles","advertisement.test.js","",""
"","11886","Check video block, footer banner, L vertical banner, S vertical banner for ad free user - ZZZ in desktop at 1680x1050 viewport size","advertisement-tests","2026-06-26","passed","2026-06-26","Verify ad blocks within the desktop viewport range (>1412px) for different user roles","advertisement.test.js","",""
"","9079","Check video block & footer banner for ad free user - Riftbound in desktop at 1100x800 viewport size","advertisement-tests","2026-06-26","passed","2026-06-26","Verify ad blocks within the desktop viewport range (1024-1232px) for different user roles","advertisement.test.js","",""
"","9502","Check video block & footer banner for unauthorized user - Endfield in desktop at 800x800 viewport size","advertisement-tests","2026-06-26","passed","2026-06-26","Verify video ad block & footer banner within the desktop viewport range (768-1023px) for different user roles","advertisement.test.js","",""
"","10202","Check video block, footer banner, L vertical banner, S vertical banner for ad free user - STS 2 in desktop at 1680x1050 viewport size","advertisement-tests","2026-06-26","passed","2026-06-26","Verify ad blocks within the desktop viewport range (>1412px) for different user roles","advertisement.test.js","",""
"","9241","Check video block & footer banner for ad free user - Monster Hunter Wilds in desktop at 1100x800 viewport size","advertisement-tests","2026-06-26","passed","2026-06-26","Verify ad blocks within the desktop viewport range (1024-1232px) for different user roles","advertisement.test.js","",""
"","9015","Check video block, footer banner, L vertical banner for regular user - LoL in desktop at 1280x800 viewport size","advertisement-tests","2026-06-26","passed","2026-06-26","Verify ad blocks within the desktop viewport range (1233-1411px) for different user roles","advertisement.test.js","",""
"","9686","Check video block, footer banner, L vertical banner, S vertical banner for plus user - Hades 2 in desktop at 1680x1050 viewport size","advertisement-tests","2026-06-26","passed","2026-06-26","Verify ad blocks within the desktop viewport range (>1412px) for different user roles","advertisement.test.js","",""
"","8184","Check advertisement blocks for ad free user - Val in desktop at 800x800 viewport size","advertisement-tests","2026-06-26","passed","2026-06-26","Verify video ad block & footer banner within the desktop viewport range (768-1023px) for different user roles","advertisement.test.js","",""
"","8","Check ad blocks for plus user - Val in mobile at 360x780 viewport size","advertisement-tests","2026-06-26","skipped","2026-06-26","Verify ad blocks within the mobile viewport range (320–575px) for different user roles","advertisement.test.js","",""
"","6492","Check ad blocks for ad free user - Nightreign in mobile at 360x780 viewport size","advertisement-tests","2026-06-26","passed","2026-06-26","Verify ad blocks within the mobile viewport range (320–575px) for different user roles","advertisement.test.js","",""
"","15965","Check video block, footer banner, L vertical banner, S vertical banner for ad free user - Overwatch in desktop at 1680x1050 viewport size","advertisement-tests","2026-06-26","passed","2026-06-26","Verify ad blocks within the desktop viewport range (>1412px) for different user roles","advertisement.test.js","",""
"","2384","Check video block, footer banner, L vertical banner for plus user - Endfield in desktop at 1280x800 viewport size","advertisement-tests","2026-06-26","passed","2026-06-26","Verify ad blocks within the desktop viewport range (1233-1411px) for different user roles","advertisement.test.js","",""
"","10245","Check advertisement blocks for regular user - Marvel Rivals in desktop at 640x1024 viewport size","advertisement-tests","2026-06-26","passed","2026-06-26","Verify ad blocks within the desktop viewport range (576-767px) for different user roles","advertisement.test.js","",""
"","8737","Check video block, footer banner, L vertical banner for ad free user - Marvel Rivals in desktop at 1280x800 viewport size","advertisement-tests","2026-06-26","passed","2026-06-26","Verify ad blocks within the desktop viewport range (1233-1411px) for different user roles","advertisement.test.js","",""
"","3013","Check video block, footer banner, L vertical banner for ad free user - Borderlands 4 in desktop at 1280x800 viewport size","advertisement-tests","2026-06-26","passed","2026-06-26","Verify ad blocks within the desktop viewport range (1233-1411px) for different user roles","advertisement.test.js","",""
"","6976","Check advertisement blocks for ad free user - Marvel Rivals in desktop at 640x1024 viewport size","advertisement-tests","2026-06-26","passed","2026-06-26","Verify ad blocks within the desktop viewport range (576-767px) for different user roles","advertisement.test.js","",""
"","12675","Check video block & footer banner for regular user - PoE in desktop at 800x800 viewport size","advertisement-tests","2026-06-26","passed","2026-06-26","Verify video ad block & footer banner within the desktop viewport range (768-1023px) for different user roles","advertisement.test.js","",""
"","8714","Check video block, footer banner, L vertical banner for unauthorized user - STS 2 in desktop at 1280x800 viewport size","advertisement-tests","2026-06-26","passed","2026-06-26","Verify ad blocks within the desktop viewport range (1233-1411px) for different user roles","advertisement.test.js","",""
"","15025","Check advertisement blocks for ad free user - TFT in desktop at 640x1024 viewport size","advertisement-tests","2026-06-26","passed","2026-06-26","Verify ad blocks within the desktop viewport range (576-767px) for different user roles","advertisement.test.js","",""
"","12932","Check video block & footer banner for regular user - Overwatch in desktop at 800x800 viewport size","advertisement-tests","2026-06-26","passed","2026-06-26","Verify video ad block & footer banner within the desktop viewport range (768-1023px) for different user roles","advertisement.test.js","",""
"","14515","Check ad blocks for regular user - Overwatch in mobile at 360x780 viewport size","advertisement-tests","2026-06-26","passed","2026-06-26","Verify ad blocks within the mobile viewport range (320–575px) for different user roles","advertisement.test.js","",""
"","9515","Check video block & footer banner for unauthorized user - LoL in desktop at 800x800 viewport size","advertisement-tests","2026-06-26","passed","2026-06-26","Verify video ad block & footer banner within the desktop viewport range (768-1023px) for different user roles","advertisement.test.js","",""
"","13032","Check video block, footer banner, L vertical banner, S vertical banner for regular user - LoL in desktop at 1680x1050 viewport size","advertisement-tests","2026-06-26","passed","2026-06-26","Verify ad blocks within the desktop viewport range (>1412px) for different user roles","advertisement.test.js","",""
"","8674","Check video block & footer banner for plus user - Nightreign in desktop at 1100x800 viewport size","advertisement-tests","2026-06-26","passed","2026-06-26","Verify ad blocks within the desktop viewport range (1024-1232px) for different user roles","advertisement.test.js","",""
"","11126","Check video block, footer banner, L vertical banner, S vertical banner for plus user - 2XKO in desktop at 1680x1050 viewport size","advertisement-tests","2026-06-26","passed","2026-06-26","Verify ad blocks within the desktop viewport range (>1412px) for different user roles","advertisement.test.js","",""
"","8749","Check advertisement blocks for ad free user - ZZZ in desktop at 800x800 viewport size","advertisement-tests","2026-06-26","passed","2026-06-26","Verify video ad block & footer banner within the desktop viewport range (768-1023px) for different user roles","advertisement.test.js","",""
"","9541","Check video block & footer banner for ad free user - PoE 2 in desktop at 1100x800 viewport size","advertisement-tests","2026-06-26","passed","2026-06-26","Verify ad blocks within the desktop viewport range (1024-1232px) for different user roles","advertisement.test.js","",""
"","11337","Check video block & footer banner for unauthorized user - Hades 2 in desktop at 1100x800 viewport size","advertisement-tests","2026-06-26","passed","2026-06-26","Verify ad blocks within the desktop viewport range (1024-1232px) for different user roles","advertisement.test.js","",""
"","17517","Check video block, footer banner, L vertical banner, S vertical banner for regular user - Marathon in desktop at 1680x1050 viewport size","advertisement-tests","2026-06-26","passed","2026-06-26","Verify ad blocks within the desktop viewport range (>1412px) for different user roles","advertisement.test.js","",""
"","13126","Check video block & footer banner for regular user - Overwatch in desktop at 1100x800 viewport size","advertisement-tests","2026-06-26","passed","2026-06-26","Verify ad blocks within the desktop viewport range (1024-1232px) for different user roles","advertisement.test.js","",""
"","948","setup regular user","user-roles-setup","2026-06-26","passed","2026-06-26","","setup/userRoles.setup.test.js","",""
"","9702","Check video block & footer banner for unauthorized user - TFT in desktop at 800x800 viewport size","advertisement-tests","2026-06-26","passed","2026-06-26","Verify video ad block & footer banner within the desktop viewport range (768-1023px) for different user roles","advertisement.test.js","",""
"","7974","Check advertisement blocks for plus user - Hades 2 in desktop at 800x800 viewport size","advertisement-tests","2026-06-26","passed","2026-06-26","Verify video ad block & footer banner within the desktop viewport range (768-1023px) for different user roles","advertisement.test.js","",""
"","14877","Check video block & footer banner for unauthorized user - Monster Hunter Wilds in mobile at 360x780 viewport size","advertisement-tests","2026-06-26","passed","2026-06-26","Verify ad blocks within the mobile viewport range (320–575px) for different user roles","advertisement.test.js","",""
"","8706","Check advertisement blocks for ad free user - PoE 2 in desktop at 640x1024 viewport size","advertisement-tests","2026-06-26","passed","2026-06-26","Verify ad blocks within the desktop viewport range (576-767px) for different user roles","advertisement.test.js","",""
"","7030","Check ad blocks for plus user - LoL in mobile at 360x780 viewport size","advertisement-tests","2026-06-26","passed","2026-06-26","Verify ad blocks within the mobile viewport range (320–575px) for different user roles","advertisement.test.js","",""
"","13560","Check ad blocks for regular user - PoE in mobile at 360x780 viewport size","advertisement-tests","2026-06-26","passed","2026-06-26","Verify ad blocks within the mobile viewport range (320–575px) for different user roles","advertisement.test.js","",""
"","10068","Check advertisement blocks for plus user - Endfield in desktop at 800x800 viewport size","advertisement-tests","2026-06-26","passed","2026-06-26","Verify video ad block & footer banner within the desktop viewport range (768-1023px) for different user roles","advertisement.test.js","",""
"","8686","Check ad blocks for ad free user - ZZZ in mobile at 360x780 viewport size","advertisement-tests","2026-06-26","passed","2026-06-26","Verify ad blocks within the mobile viewport range (320–575px) for different user roles","advertisement.test.js","",""
"","8893","Check advertisement blocks for ad free user - Nightreign in desktop at 800x800 viewport size","advertisement-tests","2026-06-26","passed","2026-06-26","Verify video ad block & footer banner within the desktop viewport range (768-1023px) for different user roles","advertisement.test.js","",""
"","9757","Check video block & footer banner for unauthorized user - PoE 2 in desktop at 800x800 viewport size","advertisement-tests","2026-06-26","passed","2026-06-26","Verify video ad block & footer banner within the desktop viewport range (768-1023px) for different user roles","advertisement.test.js","",""
"","6409","Check advertisement blocks for plus user - ZZZ in desktop at 640x1024 viewport size","advertisement-tests","2026-06-26","passed","2026-06-26","Verify ad blocks within the desktop viewport range (576-767px) for different user roles","advertisement.test.js","",""
"","5905","Check advertisement blocks for ad free user - Nightreign in desktop at 640x1024 viewport size","advertisement-tests","2026-06-26","passed","2026-06-26","Verify ad blocks within the desktop viewport range (576-767px) for different user roles","advertisement.test.js","",""
"","10970","Check video block & footer banner for unauthorized user - STS 2 in desktop at 1100x800 viewport size","advertisement-tests","2026-06-26","passed","2026-06-26","Verify ad blocks within the desktop viewport range (1024-1232px) for different user roles","advertisement.test.js","",""
"","11093","Check video block, footer banner, L vertical banner, S vertical banner for unauthorized user - PoE in desktop at 1680x1050 viewport size","advertisement-tests","2026-06-26","passed","2026-06-26","Verify ad blocks within the desktop viewport range (>1412px) for different user roles","advertisement.test.js","",""
"","13719","Check video block, footer banner, L vertical banner, S vertical banner for ad free user - Monster Hunter Wilds in desktop at 1680x1050 viewport size","advertisement-tests","2026-06-26","passed","2026-06-26","Verify ad blocks within the desktop viewport range (>1412px) for different user roles","advertisement.test.js","",""
"","13988","Check video block, footer banner, L vertical banner, S vertical banner for unauthorized user - Borderlands 4 in desktop at 1680x1050 viewport size","advertisement-tests","2026-06-26","passed","2026-06-26","Verify ad blocks within the desktop viewport range (>1412px) for different user roles","advertisement.test.js","",""
"","8863","Check ad blocks for plus user - TFT in mobile at 360x780 viewport size","advertisement-tests","2026-06-26","passed","2026-06-26","Verify ad blocks within the mobile viewport range (320–575px) for different user roles","advertisement.test.js","",""
"","11054","Check advertisement blocks for plus user - Diablo 4 in desktop at 800x800 viewport size","advertisement-tests","2026-06-26","passed","2026-06-26","Verify video ad block & footer banner within the desktop viewport range (768-1023px) for different user roles","advertisement.test.js","",""
"","14771","Check video block & footer banner for regular user - LoL in desktop at 1100x800 viewport size","advertisement-tests","2026-06-26","passed","2026-06-26","Verify ad blocks within the desktop viewport range (1024-1232px) for different user roles","advertisement.test.js","",""
"","12708","Check video block & footer banner for regular user - Val in desktop at 1100x800 viewport size","advertisement-tests","2026-06-26","passed","2026-06-26","Verify ad blocks within the desktop viewport range (1024-1232px) for different user roles","advertisement.test.js","",""
"","7044","Check ad blocks for plus user - Nightreign in mobile at 360x780 viewport size","advertisement-tests","2026-06-26","passed","2026-06-26","Verify ad blocks within the mobile viewport range (320–575px) for different user roles","advertisement.test.js","",""
"","12296","Check video block, footer banner, L vertical banner, S vertical banner for unauthorized user - TFT in desktop at 1680x1050 viewport size","advertisement-tests","2026-06-26","passed","2026-06-26","Verify ad blocks within the desktop viewport range (>1412px) for different user roles","advertisement.test.js","",""
"","2229","Check video block, footer banner, L vertical banner for plus user - Marathon in desktop at 1280x800 viewport size","advertisement-tests","2026-06-26","passed","2026-06-26","Verify ad blocks within the desktop viewport range (1233-1411px) for different user roles","advertisement.test.js","",""
"","10864","Check video block, footer banner, L vertical banner for unauthorized user - Monster Hunter Wilds in desktop at 1280x800 viewport size","advertisement-tests","2026-06-26","passed","2026-06-26","Verify ad blocks within the desktop viewport range (1233-1411px) for different user roles","advertisement.test.js","",""
"","16197","Check advertisement blocks for regular user - TFT in desktop at 640x1024 viewport size","advertisement-tests","2026-06-26","passed","2026-06-26","Verify ad blocks within the desktop viewport range (576-767px) for different user roles","advertisement.test.js","",""
"","2712","Check video block, footer banner, L vertical banner for ad free user - Marathon in desktop at 1280x800 viewport size","advertisement-tests","2026-06-26","passed","2026-06-26","Verify ad blocks within the desktop viewport range (1233-1411px) for different user roles","advertisement.test.js","",""
"","14091","Check video block, footer banner, L vertical banner, S vertical banner for regular user - Marvel Rivals in desktop at 1680x1050 viewport size","advertisement-tests","2026-06-26","passed","2026-06-26","Verify ad blocks within the desktop viewport range (>1412px) for different user roles","advertisement.test.js","",""
"","7633","Check ad blocks for ad free user - Endfield in mobile at 360x780 viewport size","advertisement-tests","2026-06-26","passed","2026-06-26","Verify ad blocks within the mobile viewport range (320–575px) for different user roles","advertisement.test.js","",""
"","11570","Check video block & footer banner for regular user - Hades 2 in desktop at 800x800 viewport size","advertisement-tests","2026-06-26","passed","2026-06-26","Verify video ad block & footer banner within the desktop viewport range (768-1023px) for different user roles","advertisement.test.js","",""
"","8253","Check advertisement blocks for ad free user - Riftbound in desktop at 800x800 viewport size","advertisement-tests","2026-06-26","passed","2026-06-26","Verify video ad block & footer banner within the desktop viewport range (768-1023px) for different user roles","advertisement.test.js","",""
"","5","Check ad blocks for ad free user - Val in mobile at 360x780 viewport size","advertisement-tests","2026-06-26","skipped","2026-06-26","Verify ad blocks within the mobile viewport range (320–575px) for different user roles","advertisement.test.js","",""
"","7308","Check video block, footer banner, L vertical banner for unauthorized user - Riftbound in desktop at 1280x800 viewport size","advertisement-tests","2026-06-26","passed","2026-06-26","Verify ad blocks within the desktop viewport range (1233-1411px) for different user roles","advertisement.test.js","",""
"","11185","Check video block, footer banner, L vertical banner, S vertical banner for unauthorized user - Val in desktop at 1680x1050 viewport size","advertisement-tests","2026-06-26","passed","2026-06-26","Verify ad blocks within the desktop viewport range (>1412px) for different user roles","advertisement.test.js","",""
"","15001","Check ad blocks for regular user - Hades 2 in mobile at 360x780 viewport size","advertisement-tests","2026-06-26","passed","2026-06-26","Verify ad blocks within the mobile viewport range (320–575px) for different user roles","advertisement.test.js","",""
"","7477","Check advertisement blocks for plus user - Overwatch in desktop at 640x1024 viewport size","advertisement-tests","2026-06-26","passed","2026-06-26","Verify ad blocks within the desktop viewport range (576-767px) for different user roles","advertisement.test.js","",""
"","12372","Check video block, footer banner, L vertical banner for regular user - Deadlock in desktop at 1280x800 viewport size","advertisement-tests","2026-06-26","passed","2026-06-26","Verify ad blocks within the desktop viewport range (1233-1411px) for different user roles","advertisement.test.js","",""
"","10512","Check advertisement blocks for unauthorized user - ZZZ in desktop at 640x1024 viewport size","advertisement-tests","2026-06-26","passed","2026-06-26","Verify ad blocks within the desktop viewport range (576-767px) for different user roles","advertisement.test.js","",""
"","8010","Check advertisement blocks for unauthorized user - Marvel Rivals in desktop at 640x1024 viewport size","advertisement-tests","2026-06-26","passed","2026-06-26","Verify ad blocks within the desktop viewport range (576-767px) for different user roles","advertisement.test.js","",""
"","10806","Check video block & footer banner for unauthorized user - Val in desktop at 1100x800 viewport size","advertisement-tests","2026-06-26","passed","2026-06-26","Verify ad blocks within the desktop viewport range (1024-1232px) for different user roles","advertisement.test.js","",""
"","11262","Check video block & footer banner for regular user - 2XKO in desktop at 800x800 viewport size","advertisement-tests","2026-06-26","passed","2026-06-26","Verify video ad block & footer banner within the desktop viewport range (768-1023px) for different user roles","advertisement.test.js","",""
"","8963","Check advertisement blocks for ad free user - Hades 2 in desktop at 800x800 viewport size","advertisement-tests","2026-06-26","passed","2026-06-26","Verify video ad block & footer banner within the desktop viewport range (768-1023px) for different user roles","advertisement.test.js","",""
"","13108","Check video block & footer banner for regular user - Borderlands 4 in desktop at 1100x800 viewport size","advertisement-tests","2026-06-26","passed","2026-06-26","Verify ad blocks within the desktop viewport range (1024-1232px) for different user roles","advertisement.test.js","",""
"","9117","Check advertisement blocks for unauthorized user - Overwatch in desktop at 640x1024 viewport size","advertisement-tests","2026-06-26","passed","2026-06-26","Verify ad blocks within the desktop viewport range (576-767px) for different user roles","advertisement.test.js","",""
"","2030","Check video block, footer banner, L vertical banner for ad free user - Endfield in desktop at 1280x800 viewport size","advertisement-tests","2026-06-26","passed","2026-06-26","Verify ad blocks within the desktop viewport range (1233-1411px) for different user roles","advertisement.test.js","",""
"","7523","Check ad blocks for ad free user - PoE in mobile at 360x780 viewport size","advertisement-tests","2026-06-26","passed","2026-06-26","Verify ad blocks within the mobile viewport range (320–575px) for different user roles","advertisement.test.js","",""
"","5814","Check video block, footer banner, L vertical banner, S vertical banner for plus user - STS 2 in desktop at 1680x1050 viewport size","advertisement-tests","2026-06-26","passed","2026-06-26","Verify ad blocks within the desktop viewport range (>1412px) for different user roles","advertisement.test.js","",""
"","9100","Check video block & footer banner for ad free user - Nightreign in desktop at 1100x800 viewport size","advertisement-tests","2026-06-26","passed","2026-06-26","Verify ad blocks within the desktop viewport range (1024-1232px) for different user roles","advertisement.test.js","",""
"","7531","Check advertisement blocks for plus user - The Bazaar in desktop at 640x1024 viewport size","advertisement-tests","2026-06-26","passed","2026-06-26","Verify ad blocks within the desktop viewport range (576-767px) for different user roles","advertisement.test.js","",""
"","8536","Check ad blocks for ad free user - Monster Hunter Wilds in mobile at 360x780 viewport size","advertisement-tests","2026-06-26","passed","2026-06-26","Verify ad blocks within the mobile viewport range (320–575px) for different user roles","advertisement.test.js","",""
"","8349","Check video block & footer banner for unauthorized user - Riftbound in desktop at 1100x800 viewport size","advertisement-tests","2026-06-26","passed","2026-06-26","Verify ad blocks within the desktop viewport range (1024-1232px) for different user roles","advertisement.test.js","",""
"","7622","Check video block & footer banner for unauthorized user - Borderlands 4 in desktop at 800x800 viewport size","advertisement-tests","2026-06-26","passed","2026-06-26","Verify video ad block & footer banner within the desktop viewport range (768-1023px) for different user roles","advertisement.test.js","",""
"","9651","Check advertisement blocks for regular user - STS 2 in desktop at 640x1024 viewport size","advertisement-tests","2026-06-26","passed","2026-06-26","Verify ad blocks within the desktop viewport range (576-767px) for different user roles","advertisement.test.js","",""
"","16219","Check video block, footer banner, L vertical banner for regular user - Endfield in desktop at 1280x800 viewport size","advertisement-tests","2026-06-26","passed","2026-06-26","Verify ad blocks within the desktop viewport range (1233-1411px) for different user roles","advertisement.test.js","",""
"","14643","Check ad blocks for regular user - 2XKO in mobile at 360x780 viewport size","advertisement-tests","2026-06-26","passed","2026-06-26","Verify ad blocks within the mobile viewport range (320–575px) for different user roles","advertisement.test.js","",""
"","8634","Check video block & footer banner for unauthorized user - 2XKO in desktop at 800x800 viewport size","advertisement-tests","2026-06-26","passed","2026-06-26","Verify video ad block & footer banner within the desktop viewport range (768-1023px) for different user roles","advertisement.test.js","",""
"","8296","Check advertisement blocks for plus user - LoL in desktop at 800x800 viewport size","advertisement-tests","2026-06-26","passed","2026-06-26","Verify video ad block & footer banner within the desktop viewport range (768-1023px) for different user roles","advertisement.test.js","",""
"","9486","Check video block & footer banner for unauthorized user - Deadlock in desktop at 1100x800 viewport size","advertisement-tests","2026-06-26","passed","2026-06-26","Verify ad blocks within the desktop viewport range (1024-1232px) for different user roles","advertisement.test.js","",""
"","6090","Check video block, footer banner, L vertical banner for plus user - ZZZ in desktop at 1280x800 viewport size","advertisement-tests","2026-06-26","passed","2026-06-26","Verify ad blocks within the desktop viewport range (1233-1411px) for different user roles","advertisement.test.js","",""
"","10068","Check video block & footer banner for unauthorized user - ZZZ in desktop at 1100x800 viewport size","advertisement-tests","2026-06-26","passed","2026-06-26","Verify ad blocks within the desktop viewport range (1024-1232px) for different user roles","advertisement.test.js","",""
"","14958","Check ad blocks for regular user - TFT in mobile at 360x780 viewport size","advertisement-tests","2026-06-26","passed","2026-06-26","Verify ad blocks within the mobile viewport range (320–575px) for different user roles","advertisement.test.js","",""
"","10950","Check video block, footer banner, L vertical banner, S vertical banner for plus user - TFT in desktop at 1680x1050 viewport size","advertisement-tests","2026-06-26","passed","2026-06-26","Verify ad blocks within the desktop viewport range (>1412px) for different user roles","advertisement.test.js","",""
"","10669","Check video block & footer banner for unauthorized user - Marathon in mobile at 360x780 viewport size","advertisement-tests","2026-06-26","passed","2026-06-26","Verify ad blocks within the mobile viewport range (320–575px) for different user roles","advertisement.test.js","",""
"","11693","Check ad blocks for ad free user - TFT in mobile at 360x780 viewport size","advertisement-tests","2026-06-26","passed","2026-06-26","Verify ad blocks within the mobile viewport range (320–575px) for different user roles","advertisement.test.js","",""
"","10546","Check video block & footer banner for unauthorized user - Deadlock in mobile at 360x780 viewport size","advertisement-tests","2026-06-26","passed","2026-06-26","Verify ad blocks within the mobile viewport range (320–575px) for different user roles","advertisement.test.js","",""
"","9745","Check advertisement blocks for unauthorized user - Deadlock in desktop at 640x1024 viewport size","advertisement-tests","2026-06-26","passed","2026-06-26","Verify ad blocks within the desktop viewport range (576-767px) for different user roles","advertisement.test.js","",""
"","8571","Check advertisement blocks for ad free user - Monster Hunter Wilds in desktop at 800x800 viewport size","advertisement-tests","2026-06-26","passed","2026-06-26","Verify video ad block & footer banner within the desktop viewport range (768-1023px) for different user roles","advertisement.test.js","",""
"","6319","Check video block & footer banner for plus user - Marvel Rivals in desktop at 1100x800 viewport size","advertisement-tests","2026-06-26","passed","2026-06-26","Verify ad blocks within the desktop viewport range (1024-1232px) for different user roles","advertisement.test.js","",""
"","7627","Check advertisement blocks for ad free user - PoE in desktop at 800x800 viewport size","advertisement-tests","2026-06-26","passed","2026-06-26","Verify video ad block & footer banner within the desktop viewport range (768-1023px) for different user roles","advertisement.test.js","",""
"","11708","Check video block & footer banner for unauthorized user - The Bazaar in desktop at 800x800 viewport size","advertisement-tests","2026-06-26","passed","2026-06-26","Verify video ad block & footer banner within the desktop viewport range (768-1023px) for different user roles","advertisement.test.js","",""
"","8273","Check ad blocks for ad free user - The Bazaar in mobile at 360x780 viewport size","advertisement-tests","2026-06-26","passed","2026-06-26","Verify ad blocks within the mobile viewport range (320–575px) for different user roles","advertisement.test.js","",""
"","14342","Check video block, footer banner, L vertical banner, S vertical banner for regular user - Borderlands 4 in desktop at 1680x1050 viewport size","advertisement-tests","2026-06-26","passed","2026-06-26","Verify ad blocks within the desktop viewport range (>1412px) for different user roles","advertisement.test.js","",""
"","8843","Check advertisement blocks for ad free user - Borderlands 4 in desktop at 800x800 viewport size","advertisement-tests","2026-06-26","passed","2026-06-26","Verify video ad block & footer banner within the desktop viewport range (768-1023px) for different user roles","advertisement.test.js","",""
"","6977","Check advertisement blocks for plus user - PoE in desktop at 640x1024 viewport size","advertisement-tests","2026-06-26","passed","2026-06-26","Verify ad blocks within the desktop viewport range (576-767px) for different user roles","advertisement.test.js","",""
"","9292","Check video block, footer banner, L vertical banner for unauthorized user - Marvel Rivals in desktop at 1280x800 viewport size","advertisement-tests","2026-06-26","passed","2026-06-26","Verify ad blocks within the desktop viewport range (1233-1411px) for different user roles","advertisement.test.js","",""
"","11293","Check advertisement blocks for regular user - 2XKO in desktop at 640x1024 viewport size","advertisement-tests","2026-06-26","passed","2026-06-26","Verify ad blocks within the desktop viewport range (576-767px) for different user roles","advertisement.test.js","",""
"","11324","Check video block, footer banner, L vertical banner for unauthorized user - Nightreign in desktop at 1280x800 viewport size","advertisement-tests","2026-06-26","passed","2026-06-26","Verify ad blocks within the desktop viewport range (1233-1411px) for different user roles","advertisement.test.js","",""
"","7375","Check advertisement blocks for plus user - PoE 2 in desktop at 640x1024 viewport size","advertisement-tests","2026-06-26","passed","2026-06-26","Verify ad blocks within the desktop viewport range (576-767px) for different user roles","advertisement.test.js","",""
"","11036","Check advertisement blocks for unauthorized user - TFT in desktop at 640x1024 viewport size","advertisement-tests","2026-06-26","passed","2026-06-26","Verify ad blocks within the desktop viewport range (576-767px) for different user roles","advertisement.test.js","",""
"","11109","Check video block, footer banner, L vertical banner, S vertical banner for plus user - Nightreign in desktop at 1680x1050 viewport size","advertisement-tests","2026-06-26","passed","2026-06-26","Verify ad blocks within the desktop viewport range (>1412px) for different user roles","advertisement.test.js","",""
"","8343","Check ad blocks for ad free user - 2XKO in mobile at 360x780 viewport size","advertisement-tests","2026-06-26","passed","2026-06-26","Verify ad blocks within the mobile viewport range (320–575px) for different user roles","advertisement.test.js","",""
"","7005","Check video block, footer banner, L vertical banner for plus user - Riftbound in desktop at 1280x800 viewport size","advertisement-tests","2026-06-26","passed","2026-06-26","Verify ad blocks within the desktop viewport range (1233-1411px) for different user roles","advertisement.test.js","",""
"","9967","Check advertisement blocks for unauthorized user - Endfield in desktop at 640x1024 viewport size","advertisement-tests","2026-06-26","passed","2026-06-26","Verify ad blocks within the desktop viewport range (576-767px) for different user roles","advertisement.test.js","",""
"","9329","Check ad blocks for regular user - LoL in mobile at 360x780 viewport size","advertisement-tests","2026-06-26","passed","2026-06-26","Verify ad blocks within the mobile viewport range (320–575px) for different user roles","advertisement.test.js","",""
"","17822","Check video block & footer banner for regular user - Monster Hunter Wilds in desktop at 1100x800 viewport size","advertisement-tests","2026-06-26","passed","2026-06-26","Verify ad blocks within the desktop viewport range (1024-1232px) for different user roles","advertisement.test.js","",""
"","8314","Check video block & footer banner for unauthorized user - 2XKO in mobile at 360x780 viewport size","advertisement-tests","2026-06-26","passed","2026-06-26","Verify ad blocks within the mobile viewport range (320–575px) for different user roles","advertisement.test.js","",""
"","20339","Check ad blocks for regular user - Monster Hunter Wilds in mobile at 360x780 viewport size","advertisement-tests","2026-06-26","passed","2026-06-26","Verify ad blocks within the mobile viewport range (320–575px) for different user roles","advertisement.test.js","",""
"","12518","Check video block, footer banner, L vertical banner for plus user - Diablo 4 in desktop at 1280x800 viewport size","advertisement-tests","2026-06-26","passed","2026-06-26","Verify ad blocks within the desktop viewport range (1233-1411px) for different user roles","advertisement.test.js","",""
"","16855","Check video block, footer banner, L vertical banner, S vertical banner for ad free user - PoE 2 in desktop at 1680x1050 viewport size","advertisement-tests","2026-06-26","passed","2026-06-26","Verify ad blocks within the desktop viewport range (>1412px) for different user roles","advertisement.test.js","",""
"","12725","Check advertisement blocks for regular user - Endfield in desktop at 640x1024 viewport size","advertisement-tests","2026-06-26","passed","2026-06-26","Verify ad blocks within the desktop viewport range (576-767px) for different user roles","advertisement.test.js","",""
"","8350","Check advertisement blocks for ad free user - Marathon in desktop at 800x800 viewport size","advertisement-tests","2026-06-26","passed","2026-06-26","Verify video ad block & footer banner within the desktop viewport range (768-1023px) for different user roles","advertisement.test.js","",""
"","17071","Check video block & footer banner for regular user - PoE in desktop at 1100x800 viewport size","advertisement-tests","2026-06-26","passed","2026-06-26","Verify ad blocks within the desktop viewport range (1024-1232px) for different user roles","advertisement.test.js","",""
"","7947","Check video block, footer banner, L vertical banner for unauthorized user - Val in desktop at 1280x800 viewport size","advertisement-tests","2026-06-26","passed","2026-06-26","Verify ad blocks within the desktop viewport range (1233-1411px) for different user roles","advertisement.test.js","",""
"","12308","Check video block & footer banner for regular user - TFT in desktop at 800x800 viewport size","advertisement-tests","2026-06-26","passed","2026-06-26","Verify video ad block & footer banner within the desktop viewport range (768-1023px) for different user roles","advertisement.test.js","",""
"","11456","Check video block & footer banner for unauthorized user - TFT in desktop at 1100x800 viewport size","advertisement-tests","2026-06-26","passed","2026-06-26","Verify ad blocks within the desktop viewport range (1024-1232px) for different user roles","advertisement.test.js","",""
"","7411","Check advertisement blocks for ad free user - Deadlock in desktop at 640x1024 viewport size","advertisement-tests","2026-06-26","passed","2026-06-26","Verify ad blocks within the desktop viewport range (576-767px) for different user roles","advertisement.test.js","",""
"","17534","Check video block & footer banner for regular user - Diablo 4 in desktop at 800x800 viewport size","advertisement-tests","2026-06-26","passed","2026-06-26","Verify video ad block & footer banner within the desktop viewport range (768-1023px) for different user roles","advertisement.test.js","",""
"","8439","Check ad blocks for plus user - The Bazaar in mobile at 360x780 viewport size","advertisement-tests","2026-06-26","passed","2026-06-26","Verify ad blocks within the mobile viewport range (320–575px) for different user roles","advertisement.test.js","",""
"","940","setup plus user","user-roles-setup","2026-06-26","passed","2026-06-26","","setup/userRoles.setup.test.js","",""
"","2115","Check video block, footer banner, L vertical banner for ad free user - Hades 2 in desktop at 1280x800 viewport size","advertisement-tests","2026-06-26","passed","2026-06-26","Verify ad blocks within the desktop viewport range (1233-1411px) for different user roles","advertisement.test.js","",""
"","6399","Check video block, footer banner, L vertical banner for plus user - Nightreign in desktop at 1280x800 viewport size","advertisement-tests","2026-06-26","passed","2026-06-26","Verify ad blocks within the desktop viewport range (1233-1411px) for different user roles","advertisement.test.js","",""
"","12089","Check video block, footer banner, L vertical banner, S vertical banner for unauthorized user - Monster Hunter Wilds in desktop at 1680x1050 viewport size","advertisement-tests","2026-06-26","passed","2026-06-26","Verify ad blocks within the desktop viewport range (>1412px) for different user roles","advertisement.test.js","",""
"","6407","Check ad blocks for ad free user - Marvel Rivals in mobile at 360x780 viewport size","advertisement-tests","2026-06-26","passed","2026-06-26","Verify ad blocks within the mobile viewport range (320–575px) for different user roles","advertisement.test.js","",""
"","8840","Check advertisement blocks for unauthorized user - Riftbound in desktop at 640x1024 viewport size","advertisement-tests","2026-06-26","passed","2026-06-26","Verify ad blocks within the desktop viewport range (576-767px) for different user roles","advertisement.test.js","",""
"","2864","Check video block & footer banner for plus user - Borderlands 4 in desktop at 1100x800 viewport size","advertisement-tests","2026-06-26","passed","2026-06-26","Verify ad blocks within the desktop viewport range (1024-1232px) for different user roles","advertisement.test.js","",""
"","13286","Check video block & footer banner for unauthorized user - ZZZ in mobile at 360x780 viewport size","advertisement-tests","2026-06-26","passed","2026-06-26","Verify ad blocks within the mobile viewport range (320–575px) for different user roles","advertisement.test.js","",""
"","8021","Check advertisement blocks for plus user - STS 2 in desktop at 800x800 viewport size","advertisement-tests","2026-06-26","passed","2026-06-26","Verify video ad block & footer banner within the desktop viewport range (768-1023px) for different user roles","advertisement.test.js","",""
"","14164","Check ad blocks for regular user - Marvel Rivals in mobile at 360x780 viewport size","advertisement-tests","2026-06-26","passed","2026-06-26","Verify ad blocks within the mobile viewport range (320–575px) for different user roles","advertisement.test.js","",""
"","14882","Check ad blocks for regular user - Deadlock in mobile at 360x780 viewport size","advertisement-tests","2026-06-26","passed","2026-06-26","Verify ad blocks within the mobile viewport range (320–575px) for different user roles","advertisement.test.js","",""
"","25294","Check video block, footer banner, L vertical banner for ad free user - ZZZ in desktop at 1280x800 viewport size","advertisement-tests","2026-06-26","failed","2026-06-26","Verify ad blocks within the desktop viewport range (1233-1411px) for different user roles","advertisement.test.js","",""
"","13713","Check video block, footer banner, L vertical banner, S vertical banner for regular user - Hades 2 in desktop at 1680x1050 viewport size","advertisement-tests","2026-06-26","passed","2026-06-26","Verify ad blocks within the desktop viewport range (>1412px) for different user roles","advertisement.test.js","",""
"","7782","Check ad blocks for plus user - Overwatch in mobile at 360x780 viewport size","advertisement-tests","2026-06-26","passed","2026-06-26","Verify ad blocks within the mobile viewport range (320–575px) for different user roles","advertisement.test.js","",""
"","15008","Check ad blocks for regular user - Riftbound in mobile at 360x780 viewport size","advertisement-tests","2026-06-26","passed","2026-06-26","Verify ad blocks within the mobile viewport range (320–575px) for different user roles","advertisement.test.js","",""
"","6658","Check ad blocks for plus user - Diablo 4 in mobile at 360x780 viewport size","advertisement-tests","2026-06-26","passed","2026-06-26","Verify ad blocks within the mobile viewport range (320–575px) for different user roles","advertisement.test.js","",""
"","9784","Check video block & footer banner for unauthorized user - Marathon in desktop at 800x800 viewport size","advertisement-tests","2026-06-26","passed","2026-06-26","Verify video ad block & footer banner within the desktop viewport range (768-1023px) for different user roles","advertisement.test.js","",""
"","11319","Check video block & footer banner for regular user - The Bazaar in desktop at 800x800 viewport size","advertisement-tests","2026-06-26","passed","2026-06-26","Verify video ad block & footer banner within the desktop viewport range (768-1023px) for different user roles","advertisement.test.js","",""
"","7742","Check video block & footer banner for unauthorized user - Val in desktop at 800x800 viewport size","advertisement-tests","2026-06-26","passed","2026-06-26","Verify video ad block & footer banner within the desktop viewport range (768-1023px) for different user roles","advertisement.test.js","",""
"","13222","Check video block, footer banner, L vertical banner, S vertical banner for regular user - Deadlock in desktop at 1680x1050 viewport size","advertisement-tests","2026-06-26","passed","2026-06-26","Verify ad blocks within the desktop viewport range (>1412px) for different user roles","advertisement.test.js","",""
"","13405","Check advertisement blocks for unauthorized user - PoE 2 in desktop at 640x1024 viewport size","advertisement-tests","2026-06-26","passed","2026-06-26","Verify ad blocks within the desktop viewport range (576-767px) for different user roles","advertisement.test.js","",""
"","5880","Check video block & footer banner for plus user - The Bazaar in desktop at 1100x800 viewport size","advertisement-tests","2026-06-26","passed","2026-06-26","Verify ad blocks within the desktop viewport range (1024-1232px) for different user roles","advertisement.test.js","",""
"","19832","Check ad blocks for regular user - Borderlands 4 in mobile at 360x780 viewport size","advertisement-tests","2026-06-26","passed","2026-06-26","Verify ad blocks within the mobile viewport range (320–575px) for different user roles","advertisement.test.js","",""
"","11841","Check video block & footer banner for regular user - PoE 2 in desktop at 1100x800 viewport size","advertisement-tests","2026-06-26","passed","2026-06-26","Verify ad blocks within the desktop viewport range (1024-1232px) for different user roles","advertisement.test.js","",""
"","8828","Check video block, footer banner, L vertical banner, S vertical banner for plus user - Marathon in desktop at 1680x1050 viewport size","advertisement-tests","2026-06-26","passed","2026-06-26","Verify ad blocks within the desktop viewport range (>1412px) for different user roles","advertisement.test.js","",""
"","5669","Check video block, footer banner, L vertical banner for plus user - Hades 2 in desktop at 1280x800 viewport size","advertisement-tests","2026-06-26","passed","2026-06-26","Verify ad blocks within the desktop viewport range (1233-1411px) for different user roles","advertisement.test.js","",""
"","24738","Check video block, footer banner, L vertical banner for plus user - 2XKO in desktop at 1280x800 viewport size","advertisement-tests","2026-06-26","failed","2026-06-26","Verify ad blocks within the desktop viewport range (1233-1411px) for different user roles","advertisement.test.js","",""
"","10115","Check advertisement blocks for regular user - Monster Hunter Wilds in desktop at 640x1024 viewport size","advertisement-tests","2026-06-26","passed","2026-06-26","Verify ad blocks within the desktop viewport range (576-767px) for different user roles","advertisement.test.js","",""
"","13135","Check video block, footer banner, L vertical banner, S vertical banner for plus user - Diablo 4 in desktop at 1680x1050 viewport size","advertisement-tests","2026-06-26","passed","2026-06-26","Verify ad blocks within the desktop viewport range (>1412px) for different user roles","advertisement.test.js","",""
"","11166","Check video block, footer banner, L vertical banner, S vertical banner for ad free user - Val in desktop at 1680x1050 viewport size","advertisement-tests","2026-06-26","passed","2026-06-26","Verify ad blocks within the desktop viewport range (>1412px) for different user roles","advertisement.test.js","",""
"","9791","Check video block, footer banner, L vertical banner, S vertical banner for regular user - Riftbound in desktop at 1680x1050 viewport size","advertisement-tests","2026-06-26","passed","2026-06-26","Verify ad blocks within the desktop viewport range (>1412px) for different user roles","advertisement.test.js","",""
"","9496","Check video block & footer banner for unauthorized user - Monster Hunter Wilds in desktop at 1100x800 viewport size","advertisement-tests","2026-06-26","passed","2026-06-26","Verify ad blocks within the desktop viewport range (1024-1232px) for different user roles","advertisement.test.js","",""
"","9657","Check video block & footer banner for unauthorized user - Hades 2 in desktop at 800x800 viewport size","advertisement-tests","2026-06-26","passed","2026-06-26","Verify video ad block & footer banner within the desktop viewport range (768-1023px) for different user roles","advertisement.test.js","",""
"","14207","Check video block, footer banner, L vertical banner, S vertical banner for ad free user - Nightreign in desktop at 1680x1050 viewport size","advertisement-tests","2026-06-26","passed","2026-06-26","Verify ad blocks within the desktop viewport range (>1412px) for different user roles","advertisement.test.js","",""
"","7653","Check advertisement blocks for plus user - PoE in desktop at 800x800 viewport size","advertisement-tests","2026-06-26","passed","2026-06-26","Verify video ad block & footer banner within the desktop viewport range (768-1023px) for different user roles","advertisement.test.js","",""
"","9147","Check video block & footer banner for unauthorized user - STS 2 in desktop at 800x800 viewport size","advertisement-tests","2026-06-26","passed","2026-06-26","Verify video ad block & footer banner within the desktop viewport range (768-1023px) for different user roles","advertisement.test.js","",""
"","21160","Check video block & footer banner for regular user - TFT in desktop at 1100x800 viewport size","advertisement-tests","2026-06-26","passed","2026-06-26","Verify ad blocks within the desktop viewport range (1024-1232px) for different user roles","advertisement.test.js","",""
"","13993","Check video block, footer banner, L vertical banner, S vertical banner for regular user - PoE 2 in desktop at 1680x1050 viewport size","advertisement-tests","2026-06-26","passed","2026-06-26","Verify ad blocks within the desktop viewport range (>1412px) for different user roles","advertisement.test.js","",""
"","11706","Check video block, footer banner, L vertical banner, S vertical banner for unauthorized user - STS 2 in desktop at 1680x1050 viewport size","advertisement-tests","2026-06-26","passed","2026-06-26","Verify ad blocks within the desktop viewport range (>1412px) for different user roles","advertisement.test.js","",""
"","12625","Check video block, footer banner, L vertical banner for unauthorized user - Diablo 4 in desktop at 1280x800 viewport size","advertisement-tests","2026-06-26","passed","2026-06-26","Verify ad blocks within the desktop viewport range (1233-1411px) for different user roles","advertisement.test.js","",""
"","12804","Check video block, footer banner, L vertical banner for regular user - The Bazaar in desktop at 1280x800 viewport size","advertisement-tests","2026-06-26","passed","2026-06-26","Verify ad blocks within the desktop viewport range (1233-1411px) for different user roles","advertisement.test.js","",""
"","14959","Check video block, footer banner, L vertical banner, S vertical banner for regular user - PoE in desktop at 1680x1050 viewport size","advertisement-tests","2026-06-26","passed","2026-06-26","Verify ad blocks within the desktop viewport range (>1412px) for different user roles","advertisement.test.js","",""
"","2270","Check video block & footer banner for plus user - PoE 2 in desktop at 1100x800 viewport size","advertisement-tests","2026-06-26","passed","2026-06-26","Verify ad blocks within the desktop viewport range (1024-1232px) for different user roles","advertisement.test.js","",""
"","8410","Check advertisement blocks for ad free user - Endfield in desktop at 800x800 viewport size","advertisement-tests","2026-06-26","passed","2026-06-26","Verify video ad block & footer banner within the desktop viewport range (768-1023px) for different user roles","advertisement.test.js","",""
"","13428","Check video block, footer banner, L vertical banner for regular user - PoE 2 in desktop at 1280x800 viewport size","advertisement-tests","2026-06-26","passed","2026-06-26","Verify ad blocks within the desktop viewport range (1233-1411px) for different user roles","advertisement.test.js","",""
"","7715","Check advertisement blocks for plus user - Borderlands 4 in desktop at 640x1024 viewport size","advertisement-tests","2026-06-26","passed","2026-06-26","Verify ad blocks within the desktop viewport range (576-767px) for different user roles","advertisement.test.js","",""
"","7084","Check advertisement blocks for plus user - Marathon in desktop at 640x1024 viewport size","advertisement-tests","2026-06-26","passed","2026-06-26","Verify ad blocks within the desktop viewport range (576-767px) for different user roles","advertisement.test.js","",""
"","8386","Check ad blocks for ad free user - PoE 2 in mobile at 360x780 viewport size","advertisement-tests","2026-06-26","passed","2026-06-26","Verify ad blocks within the mobile viewport range (320–575px) for different user roles","advertisement.test.js","",""
"","6895","Check video block, footer banner, L vertical banner for unauthorized user - Deadlock in desktop at 1280x800 viewport size","advertisement-tests","2026-06-26","passed","2026-06-26","Verify ad blocks within the desktop viewport range (1233-1411px) for different user roles","advertisement.test.js","",""
"","8162","Check ad blocks for plus user - STS 2 in mobile at 360x780 viewport size","advertisement-tests","2026-06-26","passed","2026-06-26","Verify ad blocks within the mobile viewport range (320–575px) for different user roles","advertisement.test.js","",""
"","12033","Check video block & footer banner for unauthorized user - PoE in desktop at 1100x800 viewport size","advertisement-tests","2026-06-26","passed","2026-06-26","Verify ad blocks within the desktop viewport range (1024-1232px) for different user roles","advertisement.test.js","",""
"","3614","Check advertisement blocks for plus user - Nightreign in desktop at 640x1024 viewport size","advertisement-tests","2026-06-26","passed","2026-06-26","Verify ad blocks within the desktop viewport range (576-767px) for different user roles","advertisement.test.js","",""
"","13868","Check video block, footer banner, L vertical banner, S vertical banner for regular user - STS 2 in desktop at 1680x1050 viewport size","advertisement-tests","2026-06-26","passed","2026-06-26","Verify ad blocks within the desktop viewport range (>1412px) for different user roles","advertisement.test.js","",""
"","11587","Check video block, footer banner, L vertical banner, S vertical banner for plus user - Monster Hunter Wilds in desktop at 1680x1050 viewport size","advertisement-tests","2026-06-26","passed","2026-06-26","Verify ad blocks within the desktop viewport range (>1412px) for different user roles","advertisement.test.js","",""
"","11386","Check advertisement blocks for regular user - The Bazaar in desktop at 640x1024 viewport size","advertisement-tests","2026-06-26","passed","2026-06-26","Verify ad blocks within the desktop viewport range (576-767px) for different user roles","advertisement.test.js","",""
"","16480","Check ad blocks for regular user - Diablo 4 in mobile at 360x780 viewport size","advertisement-tests","2026-06-26","passed","2026-06-26","Verify ad blocks within the mobile viewport range (320–575px) for different user roles","advertisement.test.js","",""
"","15858","Check video block, footer banner, L vertical banner, S vertical banner for unauthorized user - Nightreign in desktop at 1680x1050 viewport size","advertisement-tests","2026-06-26","passed","2026-06-26","Verify ad blocks within the desktop viewport range (>1412px) for different user roles","advertisement.test.js","",""
"","16015","Check video block, footer banner, L vertical banner, S vertical banner for ad free user - Deadlock in desktop at 1680x1050 viewport size","advertisement-tests","2026-06-26","passed","2026-06-26","Verify ad blocks within the desktop viewport range (>1412px) for different user roles","advertisement.test.js","",""
"","10099","Check video block, footer banner, L vertical banner for unauthorized user - ZZZ in desktop at 1280x800 viewport size","advertisement-tests","2026-06-26","passed","2026-06-26","Verify ad blocks within the desktop viewport range (1233-1411px) for different user roles","advertisement.test.js","",""
"","11893","Check advertisement blocks for regular user - Diablo 4 in desktop at 640x1024 viewport size","advertisement-tests","2026-06-26","passed","2026-06-26","Verify ad blocks within the desktop viewport range (576-767px) for different user roles","advertisement.test.js","",""
"","11007","Check video block, footer banner, L vertical banner, S vertical banner for unauthorized user - Hades 2 in desktop at 1680x1050 viewport size","advertisement-tests","2026-06-26","passed","2026-06-26","Verify ad blocks within the desktop viewport range (>1412px) for different user roles","advertisement.test.js","",""
"","16490","Check video block, footer banner, L vertical banner, S vertical banner for regular user - TFT in desktop at 1680x1050 viewport size","advertisement-tests","2026-06-26","passed","2026-06-26","Verify ad blocks within the desktop viewport range (>1412px) for different user roles","advertisement.test.js","",""
"","9155","Check advertisement blocks for plus user - Marathon in desktop at 800x800 viewport size","advertisement-tests","2026-06-26","passed","2026-06-26","Verify video ad block & footer banner within the desktop viewport range (768-1023px) for different user roles","advertisement.test.js","",""
"","6853","Check ad blocks for regular user - Nightreign in mobile at 360x780 viewport size","advertisement-tests","2026-06-26","passed","2026-06-26","Verify ad blocks within the mobile viewport range (320–575px) for different user roles","advertisement.test.js","",""
"","7239","Check advertisement blocks for plus user - Marvel Rivals in desktop at 640x1024 viewport size","advertisement-tests","2026-06-26","passed","2026-06-26","Verify ad blocks within the desktop viewport range (576-767px) for different user roles","advertisement.test.js","",""
"","8719","Check ad blocks for plus user - Endfield in mobile at 360x780 viewport size","advertisement-tests","2026-06-26","passed","2026-06-26","Verify ad blocks within the mobile viewport range (320–575px) for different user roles","advertisement.test.js","",""
"","11749","Check video block, footer banner, L vertical banner, S vertical banner for plus user - Marvel Rivals in desktop at 1680x1050 viewport size","advertisement-tests","2026-06-26","passed","2026-06-26","Verify ad blocks within the desktop viewport range (>1412px) for different user roles","advertisement.test.js","",""
"","8001","Check advertisement blocks for plus user - Nightreign in desktop at 800x800 viewport size","advertisement-tests","2026-06-26","passed","2026-06-26","Verify video ad block & footer banner within the desktop viewport range (768-1023px) for different user roles","advertisement.test.js","",""
"","10257","Check video block, footer banner, L vertical banner, S vertical banner for plus user - Riftbound in desktop at 1680x1050 viewport size","advertisement-tests","2026-06-26","passed","2026-06-26","Verify ad blocks within the desktop viewport range (>1412px) for different user roles","advertisement.test.js","",""
"","5307","Check advertisement blocks for plus user - Val in desktop at 640x1024 viewport size","advertisement-tests","2026-06-26","passed","2026-06-26","Verify ad blocks within the desktop viewport range (576-767px) for different user roles","advertisement.test.js","",""
"","8527","Check video block & footer banner for plus user - Endfield in desktop at 1100x800 viewport size","advertisement-tests","2026-06-26","passed","2026-06-26","Verify ad blocks within the desktop viewport range (1024-1232px) for different user roles","advertisement.test.js","",""
"","2144","Check video block & footer banner for plus user - Riftbound in desktop at 1100x800 viewport size","advertisement-tests","2026-06-26","passed","2026-06-26","Verify ad blocks within the desktop viewport range (1024-1232px) for different user roles","advertisement.test.js","",""
"","12315","Check video block, footer banner, L vertical banner for regular user - Hades 2 in desktop at 1280x800 viewport size","advertisement-tests","2026-06-26","passed","2026-06-26","Verify ad blocks within the desktop viewport range (1233-1411px) for different user roles","advertisement.test.js","",""
"","10576","Check advertisement blocks for ad free user - LoL in desktop at 640x1024 viewport size","advertisement-tests","2026-06-26","passed","2026-06-26","Verify ad blocks within the desktop viewport range (576-767px) for different user roles","advertisement.test.js","",""
"","2008","Check video block, footer banner, L vertical banner for ad free user - Nightreign in desktop at 1280x800 viewport size","advertisement-tests","2026-06-26","passed","2026-06-26","Verify ad blocks within the desktop viewport range (1233-1411px) for different user roles","advertisement.test.js","",""
"","13645","Check video block, footer banner, L vertical banner, S vertical banner for unauthorized user - Marvel Rivals in desktop at 1680x1050 viewport size","advertisement-tests","2026-06-26","passed","2026-06-26","Verify ad blocks within the desktop viewport range (>1412px) for different user roles","advertisement.test.js","",""
"","15239","Check video block, footer banner, L vertical banner, S vertical banner for regular user - ZZZ in desktop at 1680x1050 viewport size","advertisement-tests","2026-06-26","passed","2026-06-26","Verify ad blocks within the desktop viewport range (>1412px) for different user roles","advertisement.test.js","",""
"","8843","Check video block & footer banner for unauthorized user - STS 2 in mobile at 360x780 viewport size","advertisement-tests","2026-06-26","passed","2026-06-26","Verify ad blocks within the mobile viewport range (320–575px) for different user roles","advertisement.test.js","",""
"","8612","Check video block & footer banner for unauthorized user - Marvel Rivals in desktop at 800x800 viewport size","advertisement-tests","2026-06-26","passed","2026-06-26","Verify video ad block & footer banner within the desktop viewport range (768-1023px) for different user roles","advertisement.test.js","",""
"","18043","Check video block, footer banner, L vertical banner for ad free user - TFT in desktop at 1280x800 viewport size","advertisement-tests","2026-06-26","passed","2026-06-26","Verify ad blocks within the desktop viewport range (1233-1411px) for different user roles","advertisement.test.js","",""
"","16977","Check video block, footer banner, L vertical banner for regular user - Monster Hunter Wilds in desktop at 1280x800 viewport size","advertisement-tests","2026-06-26","passed","2026-06-26","Verify ad blocks within the desktop viewport range (1233-1411px) for different user roles","advertisement.test.js","",""
"","6319","Check ad blocks for plus user - 2XKO in mobile at 360x780 viewport size","advertisement-tests","2026-06-26","passed","2026-06-26","Verify ad blocks within the mobile viewport range (320–575px) for different user roles","advertisement.test.js","",""
"","10990","Check video block & footer banner for unauthorized user - PoE 2 in desktop at 1100x800 viewport size","advertisement-tests","2026-06-26","passed","2026-06-26","Verify ad blocks within the desktop viewport range (1024-1232px) for different user roles","advertisement.test.js","",""
"","8132","Check video block, footer banner, L vertical banner, S vertical banner for plus user - Val in desktop at 1680x1050 viewport size","advertisement-tests","2026-06-26","passed","2026-06-26","Verify ad blocks within the desktop viewport range (>1412px) for different user roles","advertisement.test.js","",""
"","8984","Check advertisement blocks for unauthorized user - 2XKO in desktop at 640x1024 viewport size","advertisement-tests","2026-06-26","passed","2026-06-26","Verify ad blocks within the desktop viewport range (576-767px) for different user roles","advertisement.test.js","",""
"","8831","Check video block & footer banner for unauthorized user - Endfield in mobile at 360x780 viewport size","advertisement-tests","2026-06-26","passed","2026-06-26","Verify ad blocks within the mobile viewport range (320–575px) for different user roles","advertisement.test.js","",""
"","688","Check video block & footer banner for unauthorized user - Val in mobile at 360x780 viewport size","advertisement-tests","2026-06-26","skipped","2026-06-26","Verify ad blocks within the mobile viewport range (320–575px) for different user roles","advertisement.test.js","",""
"","24681","Check video block, footer banner, L vertical banner, S vertical banner for ad free user - TFT in desktop at 1680x1050 viewport size","advertisement-tests","2026-06-26","passed","2026-06-26","Verify ad blocks within the desktop viewport range (>1412px) for different user roles","advertisement.test.js","",""
"","11030","Check video block & footer banner for unauthorized user - Endfield in desktop at 1100x800 viewport size","advertisement-tests","2026-06-26","passed","2026-06-26","Verify ad blocks within the desktop viewport range (1024-1232px) for different user roles","advertisement.test.js","",""
"","7330","Check video block, footer banner, L vertical banner for unauthorized user - 2XKO in desktop at 1280x800 viewport size","advertisement-tests","2026-06-26","passed","2026-06-26","Verify ad blocks within the desktop viewport range (1233-1411px) for different user roles","advertisement.test.js","",""
"","2723","Check video block, footer banner, L vertical banner for plus user - Borderlands 4 in desktop at 1280x800 viewport size","advertisement-tests","2026-06-26","passed","2026-06-26","Verify ad blocks within the desktop viewport range (1233-1411px) for different user roles","advertisement.test.js","",""
"","16333","Check ad blocks for regular user - ZZZ in mobile at 360x780 viewport size","advertisement-tests","2026-06-26","passed","2026-06-26","Verify ad blocks within the mobile viewport range (320–575px) for different user roles","advertisement.test.js","",""
"","8409","Check video block & footer banner for unauthorized user - PoE in mobile at 360x780 viewport size","advertisement-tests","2026-06-26","passed","2026-06-26","Verify ad blocks within the mobile viewport range (320–575px) for different user roles","advertisement.test.js","",""
"","17513","Check ad blocks for ad free user - LoL in mobile at 360x780 viewport size","advertisement-tests","2026-06-26","passed","2026-06-26","Verify ad blocks within the mobile viewport range (320–575px) for different user roles","advertisement.test.js","",""
"","8777","Check advertisement blocks for unauthorized user - Marathon in desktop at 640x1024 viewport size","advertisement-tests","2026-06-26","passed","2026-06-26","Verify ad blocks within the desktop viewport range (576-767px) for different user roles","advertisement.test.js","",""
"","14413","Check video block, footer banner, L vertical banner, S vertical banner for ad free user - Borderlands 4 in desktop at 1680x1050 viewport size","advertisement-tests","2026-06-26","passed","2026-06-26","Verify ad blocks within the desktop viewport range (>1412px) for different user roles","advertisement.test.js","",""
"","2233","Check video block, footer banner, L vertical banner for ad free user - The Bazaar in desktop at 1280x800 viewport size","advertisement-tests","2026-06-26","passed","2026-06-26","Verify ad blocks within the desktop viewport range (1233-1411px) for different user roles","advertisement.test.js","",""
"","4989","Check video block, footer banner, L vertical banner for plus user - PoE in desktop at 1280x800 viewport size","advertisement-tests","2026-06-26","passed","2026-06-26","Verify ad blocks within the desktop viewport range (1233-1411px) for different user roles","advertisement.test.js","",""
"","8637","Check video block & footer banner for unauthorized user - Deadlock in desktop at 800x800 viewport size","advertisement-tests","2026-06-26","passed","2026-06-26","Verify video ad block & footer banner within the desktop viewport range (768-1023px) for different user roles","advertisement.test.js","",""
"","8179","Check ad blocks for plus user - Borderlands 4 in mobile at 360x780 viewport size","advertisement-tests","2026-06-26","passed","2026-06-26","Verify ad blocks within the mobile viewport range (320–575px) for different user roles","advertisement.test.js","",""
"","7690","Check ad blocks for ad free user - Overwatch in mobile at 360x780 viewport size","advertisement-tests","2026-06-26","passed","2026-06-26","Verify ad blocks within the mobile viewport range (320–575px) for different user roles","advertisement.test.js","",""
"","11559","Check video block, footer banner, L vertical banner, S vertical banner for unauthorized user - The Bazaar in desktop at 1680x1050 viewport size","advertisement-tests","2026-06-26","passed","2026-06-26","Verify ad blocks within the desktop viewport range (>1412px) for different user roles","advertisement.test.js","",""
"","5551","Check advertisement blocks for regular user - Val in desktop at 640x1024 viewport size","advertisement-tests","2026-06-26","passed","2026-06-26","Verify ad blocks within the desktop viewport range (576-767px) for different user roles","advertisement.test.js","",""
"","14326","Check video block & footer banner for regular user - Endfield in desktop at 1100x800 viewport size","advertisement-tests","2026-06-26","passed","2026-06-26","Verify ad blocks within the desktop viewport range (1024-1232px) for different user roles","advertisement.test.js","",""
"","10422","Check video block & footer banner for unauthorized user - Borderlands 4 in desktop at 1100x800 viewport size","advertisement-tests","2026-06-26","passed","2026-06-26","Verify ad blocks within the desktop viewport range (1024-1232px) for different user roles","advertisement.test.js","",""
"","13661","Check video block, footer banner, L vertical banner, S vertical banner for ad free user - Marathon in desktop at 1680x1050 viewport size","advertisement-tests","2026-06-26","passed","2026-06-26","Verify ad blocks within the desktop viewport range (>1412px) for different user roles","advertisement.test.js","",""
"","21611","Check video block, footer banner, L vertical banner, S vertical banner for regular user - Monster Hunter Wilds in desktop at 1680x1050 viewport size","advertisement-tests","2026-06-26","passed","2026-06-26","Verify ad blocks within the desktop viewport range (>1412px) for different user roles","advertisement.test.js","",""
"","5645","Check advertisement blocks for plus user - Riftbound in desktop at 800x800 viewport size","advertisement-tests","2026-06-26","passed","2026-06-26","Verify video ad block & footer banner within the desktop viewport range (768-1023px) for different user roles","advertisement.test.js","",""
"","6262","Check advertisement blocks for ad free user - Borderlands 4 in desktop at 640x1024 viewport size","advertisement-tests","2026-06-26","passed","2026-06-26","Verify ad blocks within the desktop viewport range (576-767px) for different user roles","advertisement.test.js","",""
"","13266","Check ad blocks for regular user - STS 2 in mobile at 360x780 viewport size","advertisement-tests","2026-06-26","passed","2026-06-26","Verify ad blocks within the mobile viewport range (320–575px) for different user roles","advertisement.test.js","",""
"","10981","Check video block & footer banner for regular user - Marathon in desktop at 800x800 viewport size","advertisement-tests","2026-06-26","passed","2026-06-26","Verify video ad block & footer banner within the desktop viewport range (768-1023px) for different user roles","advertisement.test.js","",""
"","10894","Check video block & footer banner for regular user - STS 2 in desktop at 800x800 viewport size","advertisement-tests","2026-06-26","passed","2026-06-26","Verify video ad block & footer banner within the desktop viewport range (768-1023px) for different user roles","advertisement.test.js","",""
"","9134","Check advertisement blocks for ad free user - Marvel Rivals in desktop at 800x800 viewport size","advertisement-tests","2026-06-26","passed","2026-06-26","Verify video ad block & footer banner within the desktop viewport range (768-1023px) for different user roles","advertisement.test.js","",""
"","9596","Check video block & footer banner for regular user - Val in desktop at 800x800 viewport size","advertisement-tests","2026-06-26","passed","2026-06-26","Verify video ad block & footer banner within the desktop viewport range (768-1023px) for different user roles","advertisement.test.js","",""
"","8528","Check ad blocks for plus user - ZZZ in mobile at 360x780 viewport size","advertisement-tests","2026-06-26","passed","2026-06-26","Verify ad blocks within the mobile viewport range (320–575px) for different user roles","advertisement.test.js","",""
"","7313","Check video block, footer banner, L vertical banner, S vertical banner for plus user - Overwatch in desktop at 1680x1050 viewport size","advertisement-tests","2026-06-26","passed","2026-06-26","Verify ad blocks within the desktop viewport range (>1412px) for different user roles","advertisement.test.js","",""
"","7722","Check advertisement blocks for ad free user - Marathon in desktop at 640x1024 viewport size","advertisement-tests","2026-06-26","passed","2026-06-26","Verify ad blocks within the desktop viewport range (576-767px) for different user roles","advertisement.test.js","",""
"","9423","Check advertisement blocks for regular user - Deadlock in desktop at 640x1024 viewport size","advertisement-tests","2026-06-26","passed","2026-06-26","Verify ad blocks within the desktop viewport range (576-767px) for different user roles","advertisement.test.js","",""
"","10315","Check video block & footer banner for unauthorized user - Diablo 4 in desktop at 800x800 viewport size","advertisement-tests","2026-06-26","passed","2026-06-26","Verify video ad block & footer banner within the desktop viewport range (768-1023px) for different user roles","advertisement.test.js","",""
"","11367","Check advertisement blocks for ad free user - LoL in desktop at 800x800 viewport size","advertisement-tests","2026-06-26","passed","2026-06-26","Verify video ad block & footer banner within the desktop viewport range (768-1023px) for different user roles","advertisement.test.js","",""
"","1764","Check video block & footer banner for plus user - LoL in desktop at 1100x800 viewport size","advertisement-tests","2026-06-26","passed","2026-06-26","Verify ad blocks within the desktop viewport range (1024-1232px) for different user roles","advertisement.test.js","",""
"","2848","Check video block, footer banner, L vertical banner for plus user - Monster Hunter Wilds in desktop at 1280x800 viewport size","advertisement-tests","2026-06-26","passed","2026-06-26","Verify ad blocks within the desktop viewport range (1233-1411px) for different user roles","advertisement.test.js","",""
"","9475","Check video block & footer banner for regular user - Marvel Rivals in desktop at 800x800 viewport size","advertisement-tests","2026-06-26","passed","2026-06-26","Verify video ad block & footer banner within the desktop viewport range (768-1023px) for different user roles","advertisement.test.js","",""
"","17106","Check video block, footer banner, L vertical banner, S vertical banner for ad free user - Marvel Rivals in desktop at 1680x1050 viewport size","advertisement-tests","2026-06-26","passed","2026-06-26","Verify ad blocks within the desktop viewport range (>1412px) for different user roles","advertisement.test.js","",""
"","11289","Check video block, footer banner, L vertical banner, S vertical banner for regular user - Val in desktop at 1680x1050 viewport size","advertisement-tests","2026-06-26","passed","2026-06-26","Verify ad blocks within the desktop viewport range (>1412px) for different user roles","advertisement.test.js","",""
"","9927","Check advertisement blocks for ad free user - Overwatch in desktop at 640x1024 viewport size","advertisement-tests","2026-06-26","passed","2026-06-26","Verify ad blocks within the desktop viewport range (576-767px) for different user roles","advertisement.test.js","",""
"","11040","Check advertisement blocks for regular user - PoE 2 in desktop at 640x1024 viewport size","advertisement-tests","2026-06-26","passed","2026-06-26","Verify ad blocks within the desktop viewport range (576-767px) for different user roles","advertisement.test.js","",""
"","8944","Check video block, footer banner, L vertical banner for ad free user - Val in desktop at 1280x800 viewport size","advertisement-tests","2026-06-26","passed","2026-06-26","Verify ad blocks within the desktop viewport range (1233-1411px) for different user roles","advertisement.test.js","",""
"","7895","Check advertisement blocks for ad free user - Hades 2 in desktop at 640x1024 viewport size","advertisement-tests","2026-06-26","passed","2026-06-26","Verify ad blocks within the desktop viewport range (576-767px) for different user roles","advertisement.test.js","",""
"","16807","Check video block & footer banner for ad free user - TFT in desktop at 1100x800 viewport size","advertisement-tests","2026-06-26","passed","2026-06-26","Verify ad blocks within the desktop viewport range (1024-1232px) for different user roles","advertisement.test.js","",""
"","11402","Check video block & footer banner for regular user - Endfield in desktop at 800x800 viewport size","advertisement-tests","2026-06-26","passed","2026-06-26","Verify video ad block & footer banner within the desktop viewport range (768-1023px) for different user roles","advertisement.test.js","",""
"","6717","Check advertisement blocks for unauthorized user - Nightreign in desktop at 640x1024 viewport size","advertisement-tests","2026-06-26","passed","2026-06-26","Verify ad blocks within the desktop viewport range (576-767px) for different user roles","advertisement.test.js","",""
"","28336","Check video block, footer banner, L vertical banner, S vertical banner for ad free user - LoL in desktop at 1680x1050 viewport size","advertisement-tests","2026-06-26","passed","2026-06-26","Verify ad blocks within the desktop viewport range (>1412px) for different user roles","advertisement.test.js","",""
"","12343","Check video block, footer banner, L vertical banner, S vertical banner for regular user - 2XKO in desktop at 1680x1050 viewport size","advertisement-tests","2026-06-26","passed","2026-06-26","Verify ad blocks within the desktop viewport range (>1412px) for different user roles","advertisement.test.js","",""
"","11770","Check advertisement blocks for unauthorized user - LoL in desktop at 640x1024 viewport size","advertisement-tests","2026-06-26","passed","2026-06-26","Verify ad blocks within the desktop viewport range (576-767px) for different user roles","advertisement.test.js","",""
"","12764","Check video block & footer banner for regular user - Hades 2 in desktop at 1100x800 viewport size","advertisement-tests","2026-06-26","passed","2026-06-26","Verify ad blocks within the desktop viewport range (1024-1232px) for different user roles","advertisement.test.js","",""
"","10475","Check advertisement blocks for ad free user - The Bazaar in desktop at 800x800 viewport size","advertisement-tests","2026-06-26","passed","2026-06-26","Verify video ad block & footer banner within the desktop viewport range (768-1023px) for different user roles","advertisement.test.js","",""
"","10374","Check video block & footer banner for ad free user - Diablo 4 in desktop at 1100x800 viewport size","advertisement-tests","2026-06-26","passed","2026-06-26","Verify ad blocks within the desktop viewport range (1024-1232px) for different user roles","advertisement.test.js","",""
"","2847","Check video block & footer banner for plus user - 2XKO in desktop at 1100x800 viewport size","advertisement-tests","2026-06-26","passed","2026-06-26","Verify ad blocks within the desktop viewport range (1024-1232px) for different user roles","advertisement.test.js","",""
"","10084","Check video block & footer banner for unauthorized user - Nightreign in desktop at 1100x800 viewport size","advertisement-tests","2026-06-26","passed","2026-06-26","Verify ad blocks within the desktop viewport range (1024-1232px) for different user roles","advertisement.test.js","",""
"","2729","Check video block, footer banner, L vertical banner for plus user - Deadlock in desktop at 1280x800 viewport size","advertisement-tests","2026-06-26","passed","2026-06-26","Verify ad blocks within the desktop viewport range (1233-1411px) for different user roles","advertisement.test.js","",""
"","9184","Check advertisement blocks for plus user - Diablo 4 in desktop at 640x1024 viewport size","advertisement-tests","2026-06-26","passed","2026-06-26","Verify ad blocks within the desktop viewport range (576-767px) for different user roles","advertisement.test.js","",""
"","12139","Check video block & footer banner for unauthorized user - The Bazaar in desktop at 1100x800 viewport size","advertisement-tests","2026-06-26","passed","2026-06-26","Verify ad blocks within the desktop viewport range (1024-1232px) for different user roles","advertisement.test.js","",""
"","7875","Check ad blocks for ad free user - Deadlock in mobile at 360x780 viewport size","advertisement-tests","2026-06-26","passed","2026-06-26","Verify ad blocks within the mobile viewport range (320–575px) for different user roles","advertisement.test.js","",""
"","3298","Check video block & footer banner for ad free user - STS 2 in desktop at 1100x800 viewport size","advertisement-tests","2026-06-26","passed","2026-06-26","Verify ad blocks within the desktop viewport range (1024-1232px) for different user roles","advertisement.test.js","",""
"","7469","Check ad blocks for plus user - Riftbound in mobile at 360x780 viewport size","advertisement-tests","2026-06-26","passed","2026-06-26","Verify ad blocks within the mobile viewport range (320–575px) for different user roles","advertisement.test.js","",""
"","13031","Check video block & footer banner for regular user - Nightreign in desktop at 800x800 viewport size","advertisement-tests","2026-06-26","passed","2026-06-26","Verify video ad block & footer banner within the desktop viewport range (768-1023px) for different user roles","advertisement.test.js","",""
"","11667","Check video block & footer banner for regular user - STS 2 in desktop at 1100x800 viewport size","advertisement-tests","2026-06-26","passed","2026-06-26","Verify ad blocks within the desktop viewport range (1024-1232px) for different user roles","advertisement.test.js","",""
"","8403","Check ad blocks for plus user - Hades 2 in mobile at 360x780 viewport size","advertisement-tests","2026-06-26","passed","2026-06-26","Verify ad blocks within the mobile viewport range (320–575px) for different user roles","advertisement.test.js","",""
"","10873","Check video block, footer banner, L vertical banner for unauthorized user - Overwatch in desktop at 1280x800 viewport size","advertisement-tests","2026-06-26","passed","2026-06-26","Verify ad blocks within the desktop viewport range (1233-1411px) for different user roles","advertisement.test.js","",""
"","2","Check ad blocks for regular user - Val in mobile at 360x780 viewport size","advertisement-tests","2026-06-26","skipped","2026-06-26","Verify ad blocks within the mobile viewport range (320–575px) for different user roles","advertisement.test.js","",""
"","7808","Check video block & footer banner for plus user - Monster Hunter Wilds in desktop at 1100x800 viewport size","advertisement-tests","2026-06-26","passed","2026-06-26","Verify ad blocks within the desktop viewport range (1024-1232px) for different user roles","advertisement.test.js","",""
"","12946","Check video block, footer banner, L vertical banner for regular user - Marathon in desktop at 1280x800 viewport size","advertisement-tests","2026-06-26","passed","2026-06-26","Verify ad blocks within the desktop viewport range (1233-1411px) for different user roles","advertisement.test.js","",""
"","10704","Check video block & footer banner for unauthorized user - TFT in mobile at 360x780 viewport size","advertisement-tests","2026-06-26","passed","2026-06-26","Verify ad blocks within the mobile viewport range (320–575px) for different user roles","advertisement.test.js","",""
"","12786","Check video block & footer banner for ad free user - 2XKO in desktop at 1100x800 viewport size","advertisement-tests","2026-06-26","passed","2026-06-26","Verify ad blocks within the desktop viewport range (1024-1232px) for different user roles","advertisement.test.js","",""
"","6674","Check advertisement blocks for regular user - Nightreign in desktop at 640x1024 viewport size","advertisement-tests","2026-06-26","passed","2026-06-26","Verify ad blocks within the desktop viewport range (576-767px) for different user roles","advertisement.test.js","",""
"","15590","Check video block, footer banner, L vertical banner, S vertical banner for ad free user - Diablo 4 in desktop at 1680x1050 viewport size","advertisement-tests","2026-06-26","passed","2026-06-26","Verify ad blocks within the desktop viewport range (>1412px) for different user roles","advertisement.test.js","",""
"","11133","Check video block & footer banner for plus user - Hades 2 in desktop at 1100x800 viewport size","advertisement-tests","2026-06-26","passed","2026-06-26","Verify ad blocks within the desktop viewport range (1024-1232px) for different user roles","advertisement.test.js","",""
"","11698","Check video block, footer banner, L vertical banner for regular user - STS 2 in desktop at 1280x800 viewport size","advertisement-tests","2026-06-26","passed","2026-06-26","Verify ad blocks within the desktop viewport range (1233-1411px) for different user roles","advertisement.test.js","",""
"","6147","Check advertisement blocks for plus user - Deadlock in desktop at 640x1024 viewport size","advertisement-tests","2026-06-26","passed","2026-06-26","Verify ad blocks within the desktop viewport range (576-767px) for different user roles","advertisement.test.js","",""
"","12671","Check video block & footer banner for regular user - Nightreign in desktop at 1100x800 viewport size","advertisement-tests","2026-06-26","passed","2026-06-26","Verify ad blocks within the desktop viewport range (1024-1232px) for different user roles","advertisement.test.js","",""
"","12120","Check video block & footer banner for unauthorized user - Overwatch in mobile at 360x780 viewport size","advertisement-tests","2026-06-26","passed","2026-06-26","Verify ad blocks within the mobile viewport range (320–575px) for different user roles","advertisement.test.js","",""
"","7357","Check advertisement blocks for plus user - Endfield in desktop at 640x1024 viewport size","advertisement-tests","2026-06-26","passed","2026-06-26","Verify ad blocks within the desktop viewport range (576-767px) for different user roles","advertisement.test.js","",""
"","14420","Check ad blocks for regular user - Marathon in mobile at 360x780 viewport size","advertisement-tests","2026-06-26","passed","2026-06-26","Verify ad blocks within the mobile viewport range (320–575px) for different user roles","advertisement.test.js","",""
"","8452","Check ad blocks for plus user - Monster Hunter Wilds in mobile at 360x780 viewport size","advertisement-tests","2026-06-26","passed","2026-06-26","Verify ad blocks within the mobile viewport range (320–575px) for different user roles","advertisement.test.js","",""
"","13405","Check video block, footer banner, L vertical banner for regular user - Overwatch in desktop at 1280x800 viewport size","advertisement-tests","2026-06-26","passed","2026-06-26","Verify ad blocks within the desktop viewport range (1233-1411px) for different user roles","advertisement.test.js","",""
"","11165","Check video block & footer banner for unauthorized user - Overwatch in desktop at 1100x800 viewport size","advertisement-tests","2026-06-26","passed","2026-06-26","Verify ad blocks within the desktop viewport range (1024-1232px) for different user roles","advertisement.test.js","",""
"","8019","Check video block & footer banner for unauthorized user - Nightreign in mobile at 360x780 viewport size","advertisement-tests","2026-06-26","passed","2026-06-26","Verify ad blocks within the mobile viewport range (320–575px) for different user roles","advertisement.test.js","",""
"","14414","Check video block, footer banner, L vertical banner, S vertical banner for regular user - Nightreign in desktop at 1680x1050 viewport size","advertisement-tests","2026-06-26","passed","2026-06-26","Verify ad blocks within the desktop viewport range (>1412px) for different user roles","advertisement.test.js","",""
"","12111","Check video block, footer banner, L vertical banner, S vertical banner for ad free user - PoE in desktop at 1680x1050 viewport size","advertisement-tests","2026-06-26","passed","2026-06-26","Verify ad blocks within the desktop viewport range (>1412px) for different user roles","advertisement.test.js","",""
"","8374","Check video block, footer banner, L vertical banner, S vertical banner for plus user - Endfield in desktop at 1680x1050 viewport size","advertisement-tests","2026-06-26","passed","2026-06-26","Verify ad blocks within the desktop viewport range (>1412px) for different user roles","advertisement.test.js","",""
"","8689","Check video block & footer banner for ad free user - Val in desktop at 1100x800 viewport size","advertisement-tests","2026-06-26","passed","2026-06-26","Verify ad blocks within the desktop viewport range (1024-1232px) for different user roles","advertisement.test.js","",""
"","2309","Check video block & footer banner for plus user - Deadlock in desktop at 1100x800 viewport size","advertisement-tests","2026-06-26","passed","2026-06-26","Verify ad blocks within the desktop viewport range (1024-1232px) for different user roles","advertisement.test.js","",""
"","9221","Check video block & footer banner for ad free user - Overwatch in desktop at 1100x800 viewport size","advertisement-tests","2026-06-26","passed","2026-06-26","Verify ad blocks within the desktop viewport range (1024-1232px) for different user roles","advertisement.test.js","",""
"","8787","Check advertisement blocks for ad free user - Diablo 4 in desktop at 640x1024 viewport size","advertisement-tests","2026-06-26","passed","2026-06-26","Verify ad blocks within the desktop viewport range (576-767px) for different user roles","advertisement.test.js","",""
"","9592","Check video block & footer banner for unauthorized user - The Bazaar in mobile at 360x780 viewport size","advertisement-tests","2026-06-26","passed","2026-06-26","Verify ad blocks within the mobile viewport range (320–575px) for different user roles","advertisement.test.js","",""
"","8005","Check advertisement blocks for plus user - TFT in desktop at 640x1024 viewport size","advertisement-tests","2026-06-26","passed","2026-06-26","Verify ad blocks within the desktop viewport range (576-767px) for different user roles","advertisement.test.js","",""
"","16625","Check video block, footer banner, L vertical banner, S vertical banner for regular user - Endfield in desktop at 1680x1050 viewport size","advertisement-tests","2026-06-26","passed","2026-06-26","Verify ad blocks within the desktop viewport range (>1412px) for different user roles","advertisement.test.js","",""
"","4939","Check advertisement blocks for ad free user - Val in desktop at 640x1024 viewport size","advertisement-tests","2026-06-26","passed","2026-06-26","Verify ad blocks within the desktop viewport range (576-767px) for different user roles","advertisement.test.js","",""
"","17108","Check video block, footer banner, L vertical banner, S vertical banner for regular user - Overwatch in desktop at 1680x1050 viewport size","advertisement-tests","2026-06-26","passed","2026-06-26","Verify ad blocks within the desktop viewport range (>1412px) for different user roles","advertisement.test.js","",""
"","10373","Check video block, footer banner, L vertical banner for ad free user - STS 2 in desktop at 1280x800 viewport size","advertisement-tests","2026-06-26","passed","2026-06-26","Verify ad blocks within the desktop viewport range (1233-1411px) for different user roles","advertisement.test.js","",""
"","12551","Check advertisement blocks for ad free user - TFT in desktop at 800x800 viewport size","advertisement-tests","2026-06-26","passed","2026-06-26","Verify video ad block & footer banner within the desktop viewport range (768-1023px) for different user roles","advertisement.test.js","",""
"","11429","Check video block, footer banner, L vertical banner, S vertical banner for plus user - The Bazaar in desktop at 1680x1050 viewport size","advertisement-tests","2026-06-26","passed","2026-06-26","Verify ad blocks within the desktop viewport range (>1412px) for different user roles","advertisement.test.js","",""
"","9695","Check video block & footer banner for plus user - Marathon in desktop at 1100x800 viewport size","advertisement-tests","2026-06-26","passed","2026-06-26","Verify ad blocks within the desktop viewport range (1024-1232px) for different user roles","advertisement.test.js","",""
"","5554","Check video block & footer banner for ad free user - Hades 2 in desktop at 1100x800 viewport size","advertisement-tests","2026-06-26","passed","2026-06-26","Verify ad blocks within the desktop viewport range (1024-1232px) for different user roles","advertisement.test.js","",""
"","10600","Check video block & footer banner for plus user - Overwatch in desktop at 1100x800 viewport size","advertisement-tests","2026-06-26","passed","2026-06-26","Verify ad blocks within the desktop viewport range (1024-1232px) for different user roles","advertisement.test.js","",""
"","9226","Check video block & footer banner for unauthorized user - PoE in desktop at 800x800 viewport size","advertisement-tests","2026-06-26","passed","2026-06-26","Verify video ad block & footer banner within the desktop viewport range (768-1023px) for different user roles","advertisement.test.js","",""
"","11044","Check advertisement blocks for ad free user - Diablo 4 in desktop at 800x800 viewport size","advertisement-tests","2026-06-26","passed","2026-06-26","Verify video ad block & footer banner within the desktop viewport range (768-1023px) for different user roles","advertisement.test.js","",""
"","9004","Check advertisement blocks for plus user - ZZZ in desktop at 800x800 viewport size","advertisement-tests","2026-06-26","passed","2026-06-26","Verify video ad block & footer banner within the desktop viewport range (768-1023px) for different user roles","advertisement.test.js","",""
"","9111","Check ad blocks for plus user - Deadlock in mobile at 360x780 viewport size","advertisement-tests","2026-06-26","passed","2026-06-26","Verify ad blocks within the mobile viewport range (320–575px) for different user roles","advertisement.test.js","",""
"","15609","Check video block & footer banner for ad free user - LoL in desktop at 1100x800 viewport size","advertisement-tests","2026-06-26","passed","2026-06-26","Verify ad blocks within the desktop viewport range (1024-1232px) for different user roles","advertisement.test.js","",""
"","7444","Check advertisement blocks for plus user - Deadlock in desktop at 800x800 viewport size","advertisement-tests","2026-06-26","passed","2026-06-26","Verify video ad block & footer banner within the desktop viewport range (768-1023px) for different user roles","advertisement.test.js","",""
"","9389","Check advertisement blocks for plus user - LoL in desktop at 640x1024 viewport size","advertisement-tests","2026-06-26","passed","2026-06-26","Verify ad blocks within the desktop viewport range (576-767px) for different user roles","advertisement.test.js","",""
"","10297","Check video block & footer banner for regular user - 2XKO in desktop at 1100x800 viewport size","advertisement-tests","2026-06-26","passed","2026-06-26","Verify ad blocks within the desktop viewport range (1024-1232px) for different user roles","advertisement.test.js","",""
"","921","setup add free user","user-roles-setup","2026-06-26","passed","2026-06-26","","setup/userRoles.setup.test.js","",""
"","11476","Check video block & footer banner for regular user - Deadlock in desktop at 800x800 viewport size","advertisement-tests","2026-06-26","passed","2026-06-26","Verify video ad block & footer banner within the desktop viewport range (768-1023px) for different user roles","advertisement.test.js","",""
"","9204","Check video block & footer banner for unauthorized user - LoL in mobile at 360x780 viewport size","advertisement-tests","2026-06-26","passed","2026-06-26","Verify ad blocks within the mobile viewport range (320–575px) for different user roles","advertisement.test.js","",""
"","5824","Check video block, footer banner, L vertical banner for ad free user - 2XKO in desktop at 1280x800 viewport size","advertisement-tests","2026-06-26","passed","2026-06-26","Verify ad blocks within the desktop viewport range (1233-1411px) for different user roles","advertisement.test.js","",""
"","2988","Check video block, footer banner, L vertical banner for plus user - Marvel Rivals in desktop at 1280x800 viewport size","advertisement-tests","2026-06-26","passed","2026-06-26","Verify ad blocks within the desktop viewport range (1233-1411px) for different user roles","advertisement.test.js","",""
"","6286","Check video block & footer banner for ad free user - Deadlock in desktop at 1100x800 viewport size","advertisement-tests","2026-06-26","passed","2026-06-26","Verify ad blocks within the desktop viewport range (1024-1232px) for different user roles","advertisement.test.js","",""
"","10857","Check video block, footer banner, L vertical banner, S vertical banner for plus user - Deadlock in desktop at 1680x1050 viewport size","advertisement-tests","2026-06-26","passed","2026-06-26","Verify ad blocks within the desktop viewport range (>1412px) for different user roles","advertisement.test.js","",""
"","7269","Check advertisement blocks for plus user - 2XKO in desktop at 800x800 viewport size","advertisement-tests","2026-06-26","passed","2026-06-26","Verify video ad block & footer banner within the desktop viewport range (768-1023px) for different user roles","advertisement.test.js","",""
"","6114","Check advertisement blocks for plus user - STS 2 in desktop at 640x1024 viewport size","advertisement-tests","2026-06-26","passed","2026-06-26","Verify ad blocks within the desktop viewport range (576-767px) for different user roles","advertisement.test.js","",""
"","14632","Check video block & footer banner for regular user - Diablo 4 in desktop at 1100x800 viewport size","advertisement-tests","2026-06-26","passed","2026-06-26","Verify ad blocks within the desktop viewport range (1024-1232px) for different user roles","advertisement.test.js","",""
"","9517","Check video block, footer banner, L vertical banner, S vertical banner for plus user - Borderlands 4 in desktop at 1680x1050 viewport size","advertisement-tests","2026-06-26","passed","2026-06-26","Verify ad blocks within the desktop viewport range (>1412px) for different user roles","advertisement.test.js","",""
"","9791","Check video block, footer banner, L vertical banner for plus user - TFT in desktop at 1280x800 viewport size","advertisement-tests","2026-06-26","passed","2026-06-26","Verify ad blocks within the desktop viewport range (1233-1411px) for different user roles","advertisement.test.js","",""
"","9376","Check video block, footer banner, L vertical banner for unauthorized user - PoE in desktop at 1280x800 viewport size","advertisement-tests","2026-06-26","passed","2026-06-26","Verify ad blocks within the desktop viewport range (1233-1411px) for different user roles","advertisement.test.js","",""
"","8404","Check ad blocks for plus user - PoE 2 in mobile at 360x780 viewport size","advertisement-tests","2026-06-26","passed","2026-06-26","Verify ad blocks within the mobile viewport range (320–575px) for different user roles","advertisement.test.js","",""
"","7747","Check ad blocks for plus user - Marathon in mobile at 360x780 viewport size","advertisement-tests","2026-06-26","passed","2026-06-26","Verify ad blocks within the mobile viewport range (320–575px) for different user roles","advertisement.test.js","",""
"","9271","Check advertisement blocks for regular user - LoL in desktop at 640x1024 viewport size","advertisement-tests","2026-06-26","passed","2026-06-26","Verify ad blocks within the desktop viewport range (576-767px) for different user roles","advertisement.test.js","",""
"","13411","Check video block & footer banner for regular user - Riftbound in desktop at 1100x800 viewport size","advertisement-tests","2026-06-26","passed","2026-06-26","Verify ad blocks within the desktop viewport range (1024-1232px) for different user roles","advertisement.test.js","",""
"","12799","Check video block, footer banner, L vertical banner, S vertical banner for unauthorized user - Overwatch in desktop at 1680x1050 viewport size","advertisement-tests","2026-06-26","passed","2026-06-26","Verify ad blocks within the desktop viewport range (>1412px) for different user roles","advertisement.test.js","",""
"","9784","Check advertisement blocks for unauthorized user - STS 2 in desktop at 640x1024 viewport size","advertisement-tests","2026-06-26","passed","2026-06-26","Verify ad blocks within the desktop viewport range (576-767px) for different user roles","advertisement.test.js","",""
"","10651","Check video block & footer banner for unauthorized user - Riftbound in mobile at 360x780 viewport size","advertisement-tests","2026-06-26","passed","2026-06-26","Verify ad blocks within the mobile viewport range (320–575px) for different user roles","advertisement.test.js","",""
"","9407","Check video block, footer banner, L vertical banner, S vertical banner for plus user - PoE in desktop at 1680x1050 viewport size","advertisement-tests","2026-06-26","passed","2026-06-26","Verify ad blocks within the desktop viewport range (>1412px) for different user roles","advertisement.test.js","",""
"","9654","Check video block, footer banner, L vertical banner for regular user - Riftbound in desktop at 1280x800 viewport size","advertisement-tests","2026-06-26","passed","2026-06-26","Verify ad blocks within the desktop viewport range (1233-1411px) for different user roles","advertisement.test.js","",""
"","6936","Check advertisement blocks for ad free user - Riftbound in desktop at 640x1024 viewport size","advertisement-tests","2026-06-26","passed","2026-06-26","Verify ad blocks within the desktop viewport range (576-767px) for different user roles","advertisement.test.js","",""
"","10214","Check video block & footer banner for regular user - Riftbound in desktop at 800x800 viewport size","advertisement-tests","2026-06-26","passed","2026-06-26","Verify video ad block & footer banner within the desktop viewport range (768-1023px) for different user roles","advertisement.test.js","",""
"","8906","Check advertisement blocks for plus user - Overwatch in desktop at 800x800 viewport size","advertisement-tests","2026-06-26","passed","2026-06-26","Verify video ad block & footer banner within the desktop viewport range (768-1023px) for different user roles","advertisement.test.js","",""
"","11942","Check video block & footer banner for regular user - ZZZ in desktop at 800x800 viewport size","advertisement-tests","2026-06-26","passed","2026-06-26","Verify video ad block & footer banner within the desktop viewport range (768-1023px) for different user roles","advertisement.test.js","",""
"","8547","Check advertisement blocks for ad free user - Deadlock in desktop at 800x800 viewport size","advertisement-tests","2026-06-26","passed","2026-06-26","Verify video ad block & footer banner within the desktop viewport range (768-1023px) for different user roles","advertisement.test.js","",""
"","10271","Check advertisement blocks for unauthorized user - Diablo 4 in desktop at 640x1024 viewport size","advertisement-tests","2026-06-26","passed","2026-06-26","Verify ad blocks within the desktop viewport range (576-767px) for different user roles","advertisement.test.js","",""
"","2805","Check video block & footer banner for plus user - PoE in desktop at 1100x800 viewport size","advertisement-tests","2026-06-26","passed","2026-06-26","Verify ad blocks within the desktop viewport range (1024-1232px) for different user roles","advertisement.test.js","",""
"","11543","Check video block & footer banner for unauthorized user - Marathon in desktop at 1100x800 viewport size","advertisement-tests","2026-06-26","passed","2026-06-26","Verify ad blocks within the desktop viewport range (1024-1232px) for different user roles","advertisement.test.js","",""
"","9120","Check advertisement blocks for regular user - Borderlands 4 in desktop at 640x1024 viewport size","advertisement-tests","2026-06-26","passed","2026-06-26","Verify ad blocks within the desktop viewport range (576-767px) for different user roles","advertisement.test.js","",""
"","11714","Check video block & footer banner for regular user - Monster Hunter Wilds in desktop at 800x800 viewport size","advertisement-tests","2026-06-26","passed","2026-06-26","Verify video ad block & footer banner within the desktop viewport range (768-1023px) for different user roles","advertisement.test.js","",""
"","7343","Check video block & footer banner for ad free user - Marathon in desktop at 1100x800 viewport size","advertisement-tests","2026-06-26","passed","2026-06-26","Verify ad blocks within the desktop viewport range (1024-1232px) for different user roles","advertisement.test.js","",""
"","11381","Check advertisement blocks for regular user - ZZZ in desktop at 640x1024 viewport size","advertisement-tests","2026-06-26","passed","2026-06-26","Verify ad blocks within the desktop viewport range (576-767px) for different user roles","advertisement.test.js","",""
"","9981","Check video block, footer banner, L vertical banner for unauthorized user - LoL in desktop at 1280x800 viewport size","advertisement-tests","2026-06-26","passed","2026-06-26","Verify ad blocks within the desktop viewport range (1233-1411px) for different user roles","advertisement.test.js","",""
"","10142","Check video block & footer banner for ad free user - PoE in desktop at 1100x800 viewport size","advertisement-tests","2026-06-26","passed","2026-06-26","Verify ad blocks within the desktop viewport range (1024-1232px) for different user roles","advertisement.test.js","",""
"","15980","Check ad blocks for regular user - Endfield in mobile at 360x780 viewport size","advertisement-tests","2026-06-26","passed","2026-06-26","Verify ad blocks within the mobile viewport range (320–575px) for different user roles","advertisement.test.js","",""
"","8875","Check advertisement blocks for plus user - TFT in desktop at 800x800 viewport size","advertisement-tests","2026-06-26","passed","2026-06-26","Verify video ad block & footer banner within the desktop viewport range (768-1023px) for different user roles","advertisement.test.js","",""
"","10590","Check video block, footer banner, L vertical banner for ad free user - Riftbound in desktop at 1280x800 viewport size","advertisement-tests","2026-06-26","passed","2026-06-26","Verify ad blocks within the desktop viewport range (1233-1411px) for different user roles","advertisement.test.js","",""
"","10847","Check video block, footer banner, L vertical banner for unauthorized user - Endfield in desktop at 1280x800 viewport size","advertisement-tests","2026-06-26","passed","2026-06-26","Verify ad blocks within the desktop viewport range (1233-1411px) for different user roles","advertisement.test.js","",""
"","8165","Check video block, footer banner, L vertical banner for plus user - Val in desktop at 1280x800 viewport size","advertisement-tests","2026-06-26","passed","2026-06-26","Verify ad blocks within the desktop viewport range (1233-1411px) for different user roles","advertisement.test.js","",""
"","9844","Check advertisement blocks for plus user - Borderlands 4 in desktop at 800x800 viewport size","advertisement-tests","2026-06-26","passed","2026-06-26","Verify video ad block & footer banner within the desktop viewport range (768-1023px) for different user roles","advertisement.test.js","",""
"","11231","Check video block & footer banner for plus user - ZZZ in desktop at 1100x800 viewport size","advertisement-tests","2026-06-26","passed","2026-06-26","Verify ad blocks within the desktop viewport range (1024-1232px) for different user roles","advertisement.test.js","",""
"","8844","Check advertisement blocks for regular user - Riftbound in desktop at 640x1024 viewport size","advertisement-tests","2026-06-26","passed","2026-06-26","Verify ad blocks within the desktop viewport range (576-767px) for different user roles","advertisement.test.js","",""
"","9678","Check video block & footer banner for unauthorized user - Monster Hunter Wilds in desktop at 800x800 viewport size","advertisement-tests","2026-06-26","passed","2026-06-26","Verify video ad block & footer banner within the desktop viewport range (768-1023px) for different user roles","advertisement.test.js","",""
"","6992","Check advertisement blocks for plus user - Marvel Rivals in desktop at 800x800 viewport size","advertisement-tests","2026-06-26","passed","2026-06-26","Verify video ad block & footer banner within the desktop viewport range (768-1023px) for different user roles","advertisement.test.js","",""
"","11497","Check video block & footer banner for ad free user - Marvel Rivals in desktop at 1100x800 viewport size","advertisement-tests","2026-06-26","passed","2026-06-26","Verify ad blocks within the desktop viewport range (1024-1232px) for different user roles","advertisement.test.js","",""
"","11231","Check advertisement blocks for regular user - Marathon in desktop at 640x1024 viewport size","advertisement-tests","2026-06-26","passed","2026-06-26","Verify ad blocks within the desktop viewport range (576-767px) for different user roles","advertisement.test.js","",""
"","10460","Check video block, footer banner, L vertical banner for unauthorized user - TFT in desktop at 1280x800 viewport size","advertisement-tests","2026-06-26","passed","2026-06-26","Verify ad blocks within the desktop viewport range (1233-1411px) for different user roles","advertisement.test.js","",""
"","2216","Check video block & footer banner for plus user - Val in desktop at 1100x800 viewport size","advertisement-tests","2026-06-26","passed","2026-06-26","Verify ad blocks within the desktop viewport range (1024-1232px) for different user roles","advertisement.test.js","",""
"","8701","Check ad blocks for ad free user - Borderlands 4 in mobile at 360x780 viewport size","advertisement-tests","2026-06-26","passed","2026-06-26","Verify ad blocks within the mobile viewport range (320–575px) for different user roles","advertisement.test.js","",""
"","12959","Check video block & footer banner for unauthorized user - Diablo 4 in mobile at 360x780 viewport size","advertisement-tests","2026-06-26","passed","2026-06-26","Verify ad blocks within the mobile viewport range (320–575px) for different user roles","advertisement.test.js","",""
"","8304","Check ad blocks for ad free user - Hades 2 in mobile at 360x780 viewport size","advertisement-tests","2026-06-26","passed","2026-06-26","Verify ad blocks within the mobile viewport range (320–575px) for different user roles","advertisement.test.js","",""
"","14574","Check video block & footer banner for regular user - ZZZ in desktop at 1100x800 viewport size","advertisement-tests","2026-06-26","passed","2026-06-26","Verify ad blocks within the desktop viewport range (1024-1232px) for different user roles","advertisement.test.js","",""
"","7963","Check advertisement blocks for ad free user - STS 2 in desktop at 800x800 viewport size","advertisement-tests","2026-06-26","passed","2026-06-26","Verify video ad block & footer banner within the desktop viewport range (768-1023px) for different user roles","advertisement.test.js","",""
"","8086","Check video block & footer banner for unauthorized user - Riftbound in desktop at 800x800 viewport size","advertisement-tests","2026-06-26","passed","2026-06-26","Verify video ad block & footer banner within the desktop viewport range (768-1023px) for different user roles","advertisement.test.js","",""
"","8124","Check ad blocks for ad free user - Marathon in mobile at 360x780 viewport size","advertisement-tests","2026-06-26","passed","2026-06-26","Verify ad blocks within the mobile viewport range (320–575px) for different user roles","advertisement.test.js","",""
"","6923","Check advertisement blocks for ad free user - Endfield in desktop at 640x1024 viewport size","advertisement-tests","2026-06-26","passed","2026-06-26","Verify ad blocks within the desktop viewport range (576-767px) for different user roles","advertisement.test.js","",""
"","9487","Check advertisement blocks for ad free user - Overwatch in desktop at 800x800 viewport size","advertisement-tests","2026-06-26","passed","2026-06-26","Verify video ad block & footer banner within the desktop viewport range (768-1023px) for different user roles","advertisement.test.js","",""
"","24858","Check video block & footer banner for plus user - STS 2 in desktop at 1100x800 viewport size","advertisement-tests","2026-06-26","failed","2026-06-26","Verify ad blocks within the desktop viewport range (1024-1232px) for different user roles","advertisement.test.js","",""
"","5479","Check video block, footer banner, L vertical banner for ad free user - Overwatch in desktop at 1280x800 viewport size","advertisement-tests","2026-06-26","passed","2026-06-26","Verify ad blocks within the desktop viewport range (1233-1411px) for different user roles","advertisement.test.js","",""
"","15397","Check video block, footer banner, L vertical banner for regular user - Diablo 4 in desktop at 1280x800 viewport size","advertisement-tests","2026-06-26","passed","2026-06-26","Verify ad blocks within the desktop viewport range (1233-1411px) for different user roles","advertisement.test.js","",""
"","9996","Check video block, footer banner, L vertical banner, S vertical banner for unauthorized user - Riftbound in desktop at 1680x1050 viewport size","advertisement-tests","2026-06-26","passed","2026-06-26","Verify ad blocks within the desktop viewport range (>1412px) for different user roles","advertisement.test.js","",""
"","1664","Check video block & footer banner for plus user - TFT in desktop at 1100x800 viewport size","advertisement-tests","2026-06-26","passed","2026-06-26","Verify ad blocks within the desktop viewport range (1024-1232px) for different user roles","advertisement.test.js","",""
"","11470","Check video block, footer banner, L vertical banner for regular user - Borderlands 4 in desktop at 1280x800 viewport size","advertisement-tests","2026-06-26","passed","2026-06-26","Verify ad blocks within the desktop viewport range (1233-1411px) for different user roles","advertisement.test.js","",""
"","9936","Check video block, footer banner, L vertical banner for plus user - LoL in desktop at 1280x800 viewport size","advertisement-tests","2026-06-26","passed","2026-06-26","Verify ad blocks within the desktop viewport range (1233-1411px) for different user roles","advertisement.test.js","",""
"","14382","Check video block, footer banner, L vertical banner, S vertical banner for ad free user - Hades 2 in desktop at 1680x1050 viewport size","advertisement-tests","2026-06-26","passed","2026-06-26","Verify ad blocks within the desktop viewport range (>1412px) for different user roles","advertisement.test.js","",""
"","6027","Check ad blocks for plus user - Marvel Rivals in mobile at 360x780 viewport size","advertisement-tests","2026-06-26","passed","2026-06-26","Verify ad blocks within the mobile viewport range (320–575px) for different user roles","advertisement.test.js","",""
"","7722","Check video block, footer banner, L vertical banner for unauthorized user - Borderlands 4 in desktop at 1280x800 viewport size","advertisement-tests","2026-06-26","passed","2026-06-26","Verify ad blocks within the desktop viewport range (1233-1411px) for different user roles","advertisement.test.js","",""
"","9236","Check video block, footer banner, L vertical banner for regular user - Marvel Rivals in desktop at 1280x800 viewport size","advertisement-tests","2026-06-26","passed","2026-06-26","Verify ad blocks within the desktop viewport range (1233-1411px) for different user roles","advertisement.test.js","",""
"","10490","Check video block & footer banner for unauthorized user - Marvel Rivals in desktop at 1100x800 viewport size","advertisement-tests","2026-06-26","passed","2026-06-26","Verify ad blocks within the desktop viewport range (1024-1232px) for different user roles","advertisement.test.js","",""
"","9164","Check video block & footer banner for unauthorized user - ZZZ in desktop at 800x800 viewport size","advertisement-tests","2026-06-26","passed","2026-06-26","Verify video ad block & footer banner within the desktop viewport range (768-1023px) for different user roles","advertisement.test.js","",""
"","11504","Check video block & footer banner for unauthorized user - Diablo 4 in desktop at 1100x800 viewport size","advertisement-tests","2026-06-26","passed","2026-06-26","Verify ad blocks within the desktop viewport range (1024-1232px) for different user roles","advertisement.test.js","",""
"","11674","Check video block & footer banner for unauthorized user - Overwatch in desktop at 800x800 viewport size","advertisement-tests","2026-06-26","passed","2026-06-26","Verify video ad block & footer banner within the desktop viewport range (768-1023px) for different user roles","advertisement.test.js","",""
"","5669","Check video block, footer banner, L vertical banner for ad free user - Deadlock in desktop at 1280x800 viewport size","advertisement-tests","2026-06-26","passed","2026-06-26","Verify ad blocks within the desktop viewport range (1233-1411px) for different user roles","advertisement.test.js","",""
"","12099","Check video block & footer banner for unauthorized user - Borderlands 4 in mobile at 360x780 viewport size","advertisement-tests","2026-06-26","passed","2026-06-26","Verify ad blocks within the mobile viewport range (320–575px) for different user roles","advertisement.test.js","",""
"","9188","Check video block, footer banner, L vertical banner for regular user - 2XKO in desktop at 1280x800 viewport size","advertisement-tests","2026-06-26","passed","2026-06-26","Verify ad blocks within the desktop viewport range (1233-1411px) for different user roles","advertisement.test.js","",""
"","11763","Check video block & footer banner for plus user - Diablo 4 in desktop at 1100x800 viewport size","advertisement-tests","2026-06-26","passed","2026-06-26","Verify ad blocks within the desktop viewport range (1024-1232px) for different user roles","advertisement.test.js","",""
"","9531","Check video block, footer banner, L vertical banner for unauthorized user - Marathon in desktop at 1280x800 viewport size","advertisement-tests","2026-06-26","passed","2026-06-26","Verify ad blocks within the desktop viewport range (1233-1411px) for different user roles","advertisement.test.js","",""
"","9790","Check video block, footer banner, L vertical banner for unauthorized user - PoE 2 in desktop at 1280x800 viewport size","advertisement-tests","2026-06-26","passed","2026-06-26","Verify ad blocks within the desktop viewport range (1233-1411px) for different user roles","advertisement.test.js","",""
"","10101","Check advertisement blocks for plus user - The Bazaar in desktop at 800x800 viewport size","advertisement-tests","2026-06-26","passed","2026-06-26","Verify video ad block & footer banner within the desktop viewport range (768-1023px) for different user roles","advertisement.test.js","",""
"","16115","Check video block, footer banner, L vertical banner, S vertical banner for ad free user - The Bazaar in desktop at 1680x1050 viewport size","advertisement-tests","2026-06-26","passed","2026-06-26","Verify ad blocks within the desktop viewport range (>1412px) for different user roles","advertisement.test.js","",""
"","12737","Check video block, footer banner, L vertical banner for ad free user - LoL in desktop at 1280x800 viewport size","advertisement-tests","2026-06-26","passed","2026-06-26","Verify ad blocks within the desktop viewport range (1233-1411px) for different user roles","advertisement.test.js","",""
"","12404","Check video block & footer banner for regular user - Marvel Rivals in desktop at 1100x800 viewport size","advertisement-tests","2026-06-26","passed","2026-06-26","Verify ad blocks within the desktop viewport range (1024-1232px) for different user roles","advertisement.test.js","",""
"","2368","Check video block, footer banner, L vertical banner for ad free user - Monster Hunter Wilds in desktop at 1280x800 viewport size","advertisement-tests","2026-06-26","passed","2026-06-26","Verify ad blocks within the desktop viewport range (1233-1411px) for different user roles","advertisement.test.js","",""
"","9039","Check video block, footer banner, L vertical banner, S vertical banner for plus user - PoE 2 in desktop at 1680x1050 viewport size","advertisement-tests","2026-06-26","passed","2026-06-26","Verify ad blocks within the desktop viewport range (>1412px) for different user roles","advertisement.test.js","",""
"","8569","Check ad blocks for ad free user - STS 2 in mobile at 360x780 viewport size","advertisement-tests","2026-06-26","passed","2026-06-26","Verify ad blocks within the mobile viewport range (320–575px) for different user roles","advertisement.test.js","",""
"","15369","Check video block, footer banner, L vertical banner, S vertical banner for regular user - The Bazaar in desktop at 1680x1050 viewport size","advertisement-tests","2026-06-26","passed","2026-06-26","Verify ad blocks within the desktop viewport range (>1412px) for different user roles","advertisement.test.js","",""
"","16079","Check video block, footer banner, L vertical banner, S vertical banner for regular user - Diablo 4 in desktop at 1680x1050 viewport size","advertisement-tests","2026-06-26","passed","2026-06-26","Verify ad blocks within the desktop viewport range (>1412px) for different user roles","advertisement.test.js","",""
"","8530","Check ad blocks for plus user - PoE in mobile at 360x780 viewport size","advertisement-tests","2026-06-26","passed","2026-06-26","Verify ad blocks within the mobile viewport range (320–575px) for different user roles","advertisement.test.js","",""
"","8841","Check video block, footer banner, L vertical banner for regular user - Val in desktop at 1280x800 viewport size","advertisement-tests","2026-06-26","passed","2026-06-26","Verify ad blocks within the desktop viewport range (1233-1411px) for different user roles","advertisement.test.js","",""
"","17124","Check video block & footer banner for regular user - Marathon in desktop at 1100x800 viewport size","advertisement-tests","2026-06-26","passed","2026-06-26","Verify ad blocks within the desktop viewport range (1024-1232px) for different user roles","advertisement.test.js","",""
"","12037","Check video block, footer banner, L vertical banner for regular user - TFT in desktop at 1280x800 viewport size","advertisement-tests","2026-06-26","passed","2026-06-26","Verify ad blocks within the desktop viewport range (1233-1411px) for different user roles","advertisement.test.js","",""
"","7947","Check advertisement blocks for plus user - Monster Hunter Wilds in desktop at 640x1024 viewport size","advertisement-tests","2026-06-26","passed","2026-06-26","Verify ad blocks within the desktop viewport range (576-767px) for different user roles","advertisement.test.js","",""
