"DESCRIPTION","DURATION IN MS","NAME","PARENT SUITE","START TIME","STATUS","STOP TIME","SUB SUITE","SUITE","TEST CLASS","TEST METHOD"
"","7021","Check advertisement blocks for plus user - Monster Hunter Wilds in desktop at 640x1024 viewport size","advertisement-tests","2026-05-29","passed","2026-05-29","Verify ad blocks within the desktop viewport range (576-767px) for different user roles","advertisement.test.js","",""
"","10578","Check video block & footer banner for unauthorized user - Monster Hunter Wilds in desktop at 1100x800 viewport size","advertisement-tests","2026-05-29","passed","2026-05-29","Verify ad blocks within the desktop viewport range (1024-1232px) for different user roles","advertisement.test.js","",""
"","6067","Check advertisement blocks for ad free user - Monster Hunter Wilds in desktop at 640x1024 viewport size","advertisement-tests","2026-05-29","passed","2026-05-29","Verify ad blocks within the desktop viewport range (576-767px) for different user roles","advertisement.test.js","",""
"","5378","Check video block & footer banner for unauthorized user - Nightreign in mobile at 360x780 viewport size","advertisement-tests","2026-05-29","passed","2026-05-29","Verify ad blocks within the mobile viewport range (320–575px) for different user roles","advertisement.test.js","",""
"","19521","Check video block, footer banner, L vertical banner, S vertical banner for ad free user - LoL in desktop at 1680x1050 viewport size","advertisement-tests","2026-05-29","passed","2026-05-29","Verify ad blocks within the desktop viewport range (>1412px) for different user roles","advertisement.test.js","",""
"","6359","Check ad blocks for plus user - Overwatch in mobile at 360x780 viewport size","advertisement-tests","2026-05-29","passed","2026-05-29","Verify ad blocks within the mobile viewport range (320–575px) for different user roles","advertisement.test.js","",""
"","8825","Check video block & footer banner for ad free user - Overwatch in desktop at 1100x800 viewport size","advertisement-tests","2026-05-29","passed","2026-05-29","Verify ad blocks within the desktop viewport range (1024-1232px) for different user roles","advertisement.test.js","",""
"","25213","Check ad blocks for regular user - Monster Hunter Wilds in mobile at 360x780 viewport size","advertisement-tests","2026-05-29","passed","2026-05-29","Verify ad blocks within the mobile viewport range (320–575px) for different user roles","advertisement.test.js","",""
"","16168","Check video block, footer banner, L vertical banner, S vertical banner for regular user - Diablo 4 in desktop at 1680x1050 viewport size","advertisement-tests","2026-05-29","passed","2026-05-29","Verify ad blocks within the desktop viewport range (>1412px) for different user roles","advertisement.test.js","",""
"","8539","Check video block & footer banner for unauthorized user - Endfield in desktop at 800x800 viewport size","advertisement-tests","2026-05-29","passed","2026-05-29","Verify video ad block & footer banner within the desktop viewport range (768-1023px) for different user roles","advertisement.test.js","",""
"","9446","Check video block, footer banner, L vertical banner, S vertical banner for unauthorized user - PoE in desktop at 1680x1050 viewport size","advertisement-tests","2026-05-29","passed","2026-05-29","Verify ad blocks within the desktop viewport range (>1412px) for different user roles","advertisement.test.js","",""
"","5498","Check video block & footer banner for ad free user - Endfield in desktop at 1100x800 viewport size","advertisement-tests","2026-05-29","passed","2026-05-29","Verify ad blocks within the desktop viewport range (1024-1232px) for different user roles","advertisement.test.js","",""
"","9996","Check video block & footer banner for regular user - ZZZ in desktop at 800x800 viewport size","advertisement-tests","2026-05-29","passed","2026-05-29","Verify video ad block & footer banner within the desktop viewport range (768-1023px) for different user roles","advertisement.test.js","",""
"","4745","Check advertisement blocks for ad free user - Borderlands 4 in desktop at 640x1024 viewport size","advertisement-tests","2026-05-29","passed","2026-05-29","Verify ad blocks within the desktop viewport range (576-767px) for different user roles","advertisement.test.js","",""
"","14660","Check video block & footer banner for regular user - Endfield in desktop at 1100x800 viewport size","advertisement-tests","2026-05-29","passed","2026-05-29","Verify ad blocks within the desktop viewport range (1024-1232px) for different user roles","advertisement.test.js","",""
"","8108","Check ad blocks for plus user - The Bazaar in mobile at 360x780 viewport size","advertisement-tests","2026-05-29","passed","2026-05-29","Verify ad blocks within the mobile viewport range (320–575px) for different user roles","advertisement.test.js","",""
"","7345","Check advertisement blocks for plus user - Marvel Rivals in desktop at 640x1024 viewport size","advertisement-tests","2026-05-29","passed","2026-05-29","Verify ad blocks within the desktop viewport range (576-767px) for different user roles","advertisement.test.js","",""
"","6776","Check advertisement blocks for ad free user - Riftbound in desktop at 800x800 viewport size","advertisement-tests","2026-05-29","passed","2026-05-29","Verify video ad block & footer banner within the desktop viewport range (768-1023px) for different user roles","advertisement.test.js","",""
"","9243","Check video block & footer banner for unauthorized user - 2XKO in desktop at 1100x800 viewport size","advertisement-tests","2026-05-29","passed","2026-05-29","Verify ad blocks within the desktop viewport range (1024-1232px) for different user roles","advertisement.test.js","",""
"","2754","Check video block, footer banner, L vertical banner for unauthorized user - LoL in desktop at 1280x800 viewport size","advertisement-tests","2026-05-29","passed","2026-05-29","Verify ad blocks within the desktop viewport range (1233-1411px) for different user roles","advertisement.test.js","",""
"","13083","Check video block & footer banner for regular user - Val in desktop at 1100x800 viewport size","advertisement-tests","2026-05-29","passed","2026-05-29","Verify ad blocks within the desktop viewport range (1024-1232px) for different user roles","advertisement.test.js","",""
"","11058","Check video block, footer banner, L vertical banner for ad free user - PoE in desktop at 1280x800 viewport size","advertisement-tests","2026-05-29","passed","2026-05-29","Verify ad blocks within the desktop viewport range (1233-1411px) for different user roles","advertisement.test.js","",""
"","18312","Check ad blocks for regular user - ZZZ in mobile at 360x780 viewport size","advertisement-tests","2026-05-29","passed","2026-05-29","Verify ad blocks within the mobile viewport range (320–575px) for different user roles","advertisement.test.js","",""
"","11637","Check video block, footer banner, L vertical banner, S vertical banner for ad free user - 2XKO in desktop at 1680x1050 viewport size","advertisement-tests","2026-05-29","passed","2026-05-29","Verify ad blocks within the desktop viewport range (>1412px) for different user roles","advertisement.test.js","",""
"","8235","Check advertisement blocks for plus user - 2XKO in desktop at 800x800 viewport size","advertisement-tests","2026-05-29","passed","2026-05-29","Verify video ad block & footer banner within the desktop viewport range (768-1023px) for different user roles","advertisement.test.js","",""
"","6858","Check ad blocks for ad free user - 2XKO in mobile at 360x780 viewport size","advertisement-tests","2026-05-29","passed","2026-05-29","Verify ad blocks within the mobile viewport range (320–575px) for different user roles","advertisement.test.js","",""
"","6932","Check video block, footer banner, L vertical banner for ad free user - PoE 2 in desktop at 1280x800 viewport size","advertisement-tests","2026-05-29","passed","2026-05-29","Verify ad blocks within the desktop viewport range (1233-1411px) for different user roles","advertisement.test.js","",""
"","14316","Check video block, footer banner, L vertical banner, S vertical banner for plus user - Monster Hunter Wilds in desktop at 1680x1050 viewport size","advertisement-tests","2026-05-29","passed","2026-05-29","Verify ad blocks within the desktop viewport range (>1412px) for different user roles","advertisement.test.js","",""
"","3130","Check video block, footer banner, L vertical banner for ad free user - Hades 2 in desktop at 1280x800 viewport size","advertisement-tests","2026-05-29","passed","2026-05-29","Verify ad blocks within the desktop viewport range (1233-1411px) for different user roles","advertisement.test.js","",""
"","10824","Check video block, footer banner, L vertical banner for unauthorized user - Hades 2 in desktop at 1280x800 viewport size","advertisement-tests","2026-05-29","passed","2026-05-29","Verify ad blocks within the desktop viewport range (1233-1411px) for different user roles","advertisement.test.js","",""
"","8081","Check advertisement blocks for ad free user - Endfield in desktop at 800x800 viewport size","advertisement-tests","2026-05-29","passed","2026-05-29","Verify video ad block & footer banner within the desktop viewport range (768-1023px) for different user roles","advertisement.test.js","",""
"","6182","Check video block & footer banner for plus user - ZZZ in desktop at 1100x800 viewport size","advertisement-tests","2026-05-29","passed","2026-05-29","Verify ad blocks within the desktop viewport range (1024-1232px) for different user roles","advertisement.test.js","",""
"","3578","Check video block, footer banner, L vertical banner for plus user - Endfield in desktop at 1280x800 viewport size","advertisement-tests","2026-05-29","passed","2026-05-29","Verify ad blocks within the desktop viewport range (1233-1411px) for different user roles","advertisement.test.js","",""
"","6681","Check advertisement blocks for plus user - ZZZ in desktop at 640x1024 viewport size","advertisement-tests","2026-05-29","passed","2026-05-29","Verify ad blocks within the desktop viewport range (576-767px) for different user roles","advertisement.test.js","",""
"","7565","Check advertisement blocks for plus user - Marathon in desktop at 800x800 viewport size","advertisement-tests","2026-05-29","passed","2026-05-29","Verify video ad block & footer banner within the desktop viewport range (768-1023px) for different user roles","advertisement.test.js","",""
"","19529","Check ad blocks for regular user - PoE 2 in mobile at 360x780 viewport size","advertisement-tests","2026-05-29","passed","2026-05-29","Verify ad blocks within the mobile viewport range (320–575px) for different user roles","advertisement.test.js","",""
"","7543","Check advertisement blocks for plus user - ZZZ in desktop at 800x800 viewport size","advertisement-tests","2026-05-29","passed","2026-05-29","Verify video ad block & footer banner within the desktop viewport range (768-1023px) for different user roles","advertisement.test.js","",""
"","16199","Check video block, footer banner, L vertical banner, S vertical banner for regular user - Overwatch in desktop at 1680x1050 viewport size","advertisement-tests","2026-05-29","passed","2026-05-29","Verify ad blocks within the desktop viewport range (>1412px) for different user roles","advertisement.test.js","",""
"","8994","Check advertisement blocks for regular user - ZZZ in desktop at 640x1024 viewport size","advertisement-tests","2026-05-29","passed","2026-05-29","Verify ad blocks within the desktop viewport range (576-767px) for different user roles","advertisement.test.js","",""
"","8945","Check video block & footer banner for unauthorized user - Endfield in mobile at 360x780 viewport size","advertisement-tests","2026-05-29","passed","2026-05-29","Verify ad blocks within the mobile viewport range (320–575px) for different user roles","advertisement.test.js","",""
"","11667","Check advertisement blocks for regular user - LoL in desktop at 640x1024 viewport size","advertisement-tests","2026-05-29","passed","2026-05-29","Verify ad blocks within the desktop viewport range (576-767px) for different user roles","advertisement.test.js","",""
"","11301","Check ad blocks for ad free user - Overwatch in mobile at 360x780 viewport size","advertisement-tests","2026-05-29","passed","2026-05-29","Verify ad blocks within the mobile viewport range (320–575px) for different user roles","advertisement.test.js","",""
"","10504","Check video block, footer banner, L vertical banner, S vertical banner for plus user - Marathon in desktop at 1680x1050 viewport size","advertisement-tests","2026-05-29","passed","2026-05-29","Verify ad blocks within the desktop viewport range (>1412px) for different user roles","advertisement.test.js","",""
"","11810","Check video block & footer banner for unauthorized user - Marathon in desktop at 800x800 viewport size","advertisement-tests","2026-05-29","passed","2026-05-29","Verify video ad block & footer banner within the desktop viewport range (768-1023px) for different user roles","advertisement.test.js","",""
"","11330","Check video block & footer banner for regular user - Endfield in desktop at 800x800 viewport size","advertisement-tests","2026-05-29","passed","2026-05-29","Verify video ad block & footer banner within the desktop viewport range (768-1023px) for different user roles","advertisement.test.js","",""
"","8419","Check video block & footer banner for plus user - Endfield in desktop at 1100x800 viewport size","advertisement-tests","2026-05-29","passed","2026-05-29","Verify ad blocks within the desktop viewport range (1024-1232px) for different user roles","advertisement.test.js","",""
"","7617","Check ad blocks for plus user - Diablo 4 in mobile at 360x780 viewport size","advertisement-tests","2026-05-29","passed","2026-05-29","Verify ad blocks within the mobile viewport range (320–575px) for different user roles","advertisement.test.js","",""
"","10942","Check ad blocks for ad free user - STS 2 in mobile at 360x780 viewport size","advertisement-tests","2026-05-29","passed","2026-05-29","Verify ad blocks within the mobile viewport range (320–575px) for different user roles","advertisement.test.js","",""
"","12448","Check video block, footer banner, L vertical banner, S vertical banner for regular user - Hades 2 in desktop at 1680x1050 viewport size","advertisement-tests","2026-05-29","passed","2026-05-29","Verify ad blocks within the desktop viewport range (>1412px) for different user roles","advertisement.test.js","",""
"","10287","Check video block & footer banner for regular user - Borderlands 4 in desktop at 1100x800 viewport size","advertisement-tests","2026-05-29","passed","2026-05-29","Verify ad blocks within the desktop viewport range (1024-1232px) for different user roles","advertisement.test.js","",""
"","10401","Check video block, footer banner, L vertical banner, S vertical banner for unauthorized user - ZZZ in desktop at 1680x1050 viewport size","advertisement-tests","2026-05-29","passed","2026-05-29","Verify ad blocks within the desktop viewport range (>1412px) for different user roles","advertisement.test.js","",""
"","15072","Check video block, footer banner, L vertical banner for regular user - Marvel Rivals in desktop at 1280x800 viewport size","advertisement-tests","2026-05-29","passed","2026-05-29","Verify ad blocks within the desktop viewport range (1233-1411px) for different user roles","advertisement.test.js","",""
"","23077","Check video block & footer banner for unauthorized user - Riftbound in mobile at 360x780 viewport size","advertisement-tests","2026-05-29","passed","2026-05-29","Verify ad blocks within the mobile viewport range (320–575px) for different user roles","advertisement.test.js","",""
"","16597","Check ad blocks for regular user - 2XKO in mobile at 360x780 viewport size","advertisement-tests","2026-05-29","passed","2026-05-29","Verify ad blocks within the mobile viewport range (320–575px) for different user roles","advertisement.test.js","",""
"","15079","Check video block, footer banner, L vertical banner for regular user - Diablo 4 in desktop at 1280x800 viewport size","advertisement-tests","2026-05-29","passed","2026-05-29","Verify ad blocks within the desktop viewport range (1233-1411px) for different user roles","advertisement.test.js","",""
"","7818","Check video block & footer banner for unauthorized user - Deadlock in mobile at 360x780 viewport size","advertisement-tests","2026-05-29","passed","2026-05-29","Verify ad blocks within the mobile viewport range (320–575px) for different user roles","advertisement.test.js","",""
"","9387","Check video block, footer banner, L vertical banner for unauthorized user - Diablo 4 in desktop at 1280x800 viewport size","advertisement-tests","2026-05-29","passed","2026-05-29","Verify ad blocks within the desktop viewport range (1233-1411px) for different user roles","advertisement.test.js","",""
"","11879","Check video block & footer banner for unauthorized user - PoE 2 in mobile at 360x780 viewport size","advertisement-tests","2026-05-29","passed","2026-05-29","Verify ad blocks within the mobile viewport range (320–575px) for different user roles","advertisement.test.js","",""
"","774","Check advertisement blocks for unauthorized user - Val in desktop at 640x1024 viewport size","advertisement-tests","2026-05-29","skipped","2026-05-29","Verify ad blocks within the desktop viewport range (576-767px) for different user roles","advertisement.test.js","",""
"","17467","Check video block, footer banner, L vertical banner, S vertical banner for regular user - Marathon in desktop at 1680x1050 viewport size","advertisement-tests","2026-05-29","passed","2026-05-29","Verify ad blocks within the desktop viewport range (>1412px) for different user roles","advertisement.test.js","",""
"","10689","Check video block, footer banner, L vertical banner, S vertical banner for ad free user - PoE in desktop at 1680x1050 viewport size","advertisement-tests","2026-05-29","passed","2026-05-29","Verify ad blocks within the desktop viewport range (>1412px) for different user roles","advertisement.test.js","",""
"","7445","Check video block, footer banner, L vertical banner for unauthorized user - 2XKO in desktop at 1280x800 viewport size","advertisement-tests","2026-05-29","passed","2026-05-29","Verify ad blocks within the desktop viewport range (1233-1411px) for different user roles","advertisement.test.js","",""
"","10495","Check advertisement blocks for ad free user - TFT in desktop at 640x1024 viewport size","advertisement-tests","2026-05-29","passed","2026-05-29","Verify ad blocks within the desktop viewport range (576-767px) for different user roles","advertisement.test.js","",""
"","7791","Check video block & footer banner for plus user - The Bazaar in desktop at 1100x800 viewport size","advertisement-tests","2026-05-29","passed","2026-05-29","Verify ad blocks within the desktop viewport range (1024-1232px) for different user roles","advertisement.test.js","",""
"","5473","Check video block, footer banner, L vertical banner for ad free user - Deadlock in desktop at 1280x800 viewport size","advertisement-tests","2026-05-29","passed","2026-05-29","Verify ad blocks within the desktop viewport range (1233-1411px) for different user roles","advertisement.test.js","",""
"","8098","Check advertisement blocks for ad free user - Overwatch in desktop at 800x800 viewport size","advertisement-tests","2026-05-29","passed","2026-05-29","Verify video ad block & footer banner within the desktop viewport range (768-1023px) for different user roles","advertisement.test.js","",""
"","8824","Check video block & footer banner for regular user - Borderlands 4 in desktop at 800x800 viewport size","advertisement-tests","2026-05-29","passed","2026-05-29","Verify video ad block & footer banner within the desktop viewport range (768-1023px) for different user roles","advertisement.test.js","",""
"","8580","Check video block, footer banner, L vertical banner, S vertical banner for unauthorized user - LoL in desktop at 1680x1050 viewport size","advertisement-tests","2026-05-29","passed","2026-05-29","Verify ad blocks within the desktop viewport range (>1412px) for different user roles","advertisement.test.js","",""
"","9732","Check video block, footer banner, L vertical banner for unauthorized user - Borderlands 4 in desktop at 1280x800 viewport size","advertisement-tests","2026-05-29","passed","2026-05-29","Verify ad blocks within the desktop viewport range (1233-1411px) for different user roles","advertisement.test.js","",""
"","2682","Check video block, footer banner, L vertical banner for unauthorized user - Val in desktop at 1280x800 viewport size","advertisement-tests","2026-05-29","passed","2026-05-29","Verify ad blocks within the desktop viewport range (1233-1411px) for different user roles","advertisement.test.js","",""
"","8639","Check video block & footer banner for unauthorized user - Riftbound in desktop at 1100x800 viewport size","advertisement-tests","2026-05-29","passed","2026-05-29","Verify ad blocks within the desktop viewport range (1024-1232px) for different user roles","advertisement.test.js","",""
"","7836","Check video block & footer banner for unauthorized user - PoE 2 in desktop at 800x800 viewport size","advertisement-tests","2026-05-29","passed","2026-05-29","Verify video ad block & footer banner within the desktop viewport range (768-1023px) for different user roles","advertisement.test.js","",""
"","10347","Check video block, footer banner, L vertical banner, S vertical banner for ad free user - Deadlock in desktop at 1680x1050 viewport size","advertisement-tests","2026-05-29","passed","2026-05-29","Verify ad blocks within the desktop viewport range (>1412px) for different user roles","advertisement.test.js","",""
"","13865","Check video block, footer banner, L vertical banner, S vertical banner for regular user - Nightreign in desktop at 1680x1050 viewport size","advertisement-tests","2026-05-29","passed","2026-05-29","Verify ad blocks within the desktop viewport range (>1412px) for different user roles","advertisement.test.js","",""
"","23853","Check video block & footer banner for ad free user - Diablo 4 in desktop at 1100x800 viewport size","advertisement-tests","2026-05-29","failed","2026-05-29","Verify ad blocks within the desktop viewport range (1024-1232px) for different user roles","advertisement.test.js","",""
"","16681","Check video block, footer banner, L vertical banner for ad free user - LoL in desktop at 1280x800 viewport size","advertisement-tests","2026-05-29","passed","2026-05-29","Verify ad blocks within the desktop viewport range (1233-1411px) for different user roles","advertisement.test.js","",""
"","10059","Check video block, footer banner, L vertical banner, S vertical banner for unauthorized user - Borderlands 4 in desktop at 1680x1050 viewport size","advertisement-tests","2026-05-29","passed","2026-05-29","Verify ad blocks within the desktop viewport range (>1412px) for different user roles","advertisement.test.js","",""
"","9139","Check video block & footer banner for ad free user - STS 2 in desktop at 1100x800 viewport size","advertisement-tests","2026-05-29","passed","2026-05-29","Verify ad blocks within the desktop viewport range (1024-1232px) for different user roles","advertisement.test.js","",""
"","8512","Check video block, footer banner, L vertical banner, S vertical banner for plus user - TFT in desktop at 1680x1050 viewport size","advertisement-tests","2026-05-29","passed","2026-05-29","Verify ad blocks within the desktop viewport range (>1412px) for different user roles","advertisement.test.js","",""
"","16057","Check ad blocks for regular user - STS 2 in mobile at 360x780 viewport size","advertisement-tests","2026-05-29","passed","2026-05-29","Verify ad blocks within the mobile viewport range (320–575px) for different user roles","advertisement.test.js","",""
"","6104","Check advertisement blocks for ad free user - Marathon in desktop at 800x800 viewport size","advertisement-tests","2026-05-29","passed","2026-05-29","Verify video ad block & footer banner within the desktop viewport range (768-1023px) for different user roles","advertisement.test.js","",""
"","2837","Check video block, footer banner, L vertical banner for ad free user - Monster Hunter Wilds in desktop at 1280x800 viewport size","advertisement-tests","2026-05-29","passed","2026-05-29","Verify ad blocks within the desktop viewport range (1233-1411px) for different user roles","advertisement.test.js","",""
"","803","setup regular user","user-roles-setup","2026-05-29","passed","2026-05-29","","setup/userRoles.setup.test.js","",""
"","14472","Check video block & footer banner for unauthorized user - Marvel Rivals in mobile at 360x780 viewport size","advertisement-tests","2026-05-29","passed","2026-05-29","Verify ad blocks within the mobile viewport range (320–575px) for different user roles","advertisement.test.js","",""
"","10164","Check video block & footer banner for unauthorized user - Nightreign in desktop at 1100x800 viewport size","advertisement-tests","2026-05-29","passed","2026-05-29","Verify ad blocks within the desktop viewport range (1024-1232px) for different user roles","advertisement.test.js","",""
"","3410","Check advertisement blocks for plus user - Nightreign in desktop at 640x1024 viewport size","advertisement-tests","2026-05-29","passed","2026-05-29","Verify ad blocks within the desktop viewport range (576-767px) for different user roles","advertisement.test.js","",""
"","12789","Check video block, footer banner, L vertical banner for regular user - Hades 2 in desktop at 1280x800 viewport size","advertisement-tests","2026-05-29","passed","2026-05-29","Verify ad blocks within the desktop viewport range (1233-1411px) for different user roles","advertisement.test.js","",""
"","9846","Check video block, footer banner, L vertical banner, S vertical banner for regular user - Marvel Rivals in desktop at 1680x1050 viewport size","advertisement-tests","2026-05-29","passed","2026-05-29","Verify ad blocks within the desktop viewport range (>1412px) for different user roles","advertisement.test.js","",""
"","8135","Check video block & footer banner for unauthorized user - Val in desktop at 800x800 viewport size","advertisement-tests","2026-05-29","passed","2026-05-29","Verify video ad block & footer banner within the desktop viewport range (768-1023px) for different user roles","advertisement.test.js","",""
"","8975","Check advertisement blocks for ad free user - Marvel Rivals in desktop at 800x800 viewport size","advertisement-tests","2026-05-29","passed","2026-05-29","Verify video ad block & footer banner within the desktop viewport range (768-1023px) for different user roles","advertisement.test.js","",""
"","6939","Check advertisement blocks for ad free user - PoE 2 in desktop at 640x1024 viewport size","advertisement-tests","2026-05-29","passed","2026-05-29","Verify ad blocks within the desktop viewport range (576-767px) for different user roles","advertisement.test.js","",""
"","3152","Check video block & footer banner for plus user - Marvel Rivals in desktop at 1100x800 viewport size","advertisement-tests","2026-05-29","passed","2026-05-29","Verify ad blocks within the desktop viewport range (1024-1232px) for different user roles","advertisement.test.js","",""
"","11843","Check video block & footer banner for regular user - TFT in desktop at 800x800 viewport size","advertisement-tests","2026-05-29","passed","2026-05-29","Verify video ad block & footer banner within the desktop viewport range (768-1023px) for different user roles","advertisement.test.js","",""
"","10126","Check video block, footer banner, L vertical banner for regular user - PoE in desktop at 1280x800 viewport size","advertisement-tests","2026-05-29","passed","2026-05-29","Verify ad blocks within the desktop viewport range (1233-1411px) for different user roles","advertisement.test.js","",""
"","743","setup plus user","user-roles-setup","2026-05-29","passed","2026-05-29","","setup/userRoles.setup.test.js","",""
"","8727","Check video block & footer banner for regular user - Deadlock in desktop at 800x800 viewport size","advertisement-tests","2026-05-29","passed","2026-05-29","Verify video ad block & footer banner within the desktop viewport range (768-1023px) for different user roles","advertisement.test.js","",""
"","11799","Check ad blocks for plus user - ZZZ in mobile at 360x780 viewport size","advertisement-tests","2026-05-29","passed","2026-05-29","Verify ad blocks within the mobile viewport range (320–575px) for different user roles","advertisement.test.js","",""
"","6338","Check video block & footer banner for ad free user - The Bazaar in desktop at 1100x800 viewport size","advertisement-tests","2026-05-29","passed","2026-05-29","Verify ad blocks within the desktop viewport range (1024-1232px) for different user roles","advertisement.test.js","",""
"","7600","Check video block & footer banner for unauthorized user - Val in desktop at 1100x800 viewport size","advertisement-tests","2026-05-29","passed","2026-05-29","Verify ad blocks within the desktop viewport range (1024-1232px) for different user roles","advertisement.test.js","",""
"","8849","Check advertisement blocks for regular user - Borderlands 4 in desktop at 640x1024 viewport size","advertisement-tests","2026-05-29","passed","2026-05-29","Verify ad blocks within the desktop viewport range (576-767px) for different user roles","advertisement.test.js","",""
"","5838","Check video block & footer banner for ad free user - Marathon in desktop at 1100x800 viewport size","advertisement-tests","2026-05-29","passed","2026-05-29","Verify ad blocks within the desktop viewport range (1024-1232px) for different user roles","advertisement.test.js","",""
"","8617","Check video block & footer banner for unauthorized user - 2XKO in desktop at 800x800 viewport size","advertisement-tests","2026-05-29","passed","2026-05-29","Verify video ad block & footer banner within the desktop viewport range (768-1023px) for different user roles","advertisement.test.js","",""
"","7018","Check video block, footer banner, L vertical banner for unauthorized user - TFT in desktop at 1280x800 viewport size","advertisement-tests","2026-05-29","passed","2026-05-29","Verify ad blocks within the desktop viewport range (1233-1411px) for different user roles","advertisement.test.js","",""
"","11888","Check video block, footer banner, L vertical banner for regular user - ZZZ in desktop at 1280x800 viewport size","advertisement-tests","2026-05-29","passed","2026-05-29","Verify ad blocks within the desktop viewport range (1233-1411px) for different user roles","advertisement.test.js","",""
"","2707","Check advertisement blocks for regular user - Val in desktop at 640x1024 viewport size","advertisement-tests","2026-05-29","passed","2026-05-29","Verify ad blocks within the desktop viewport range (576-767px) for different user roles","advertisement.test.js","",""
"","23127","Check video block, footer banner, L vertical banner for ad free user - The Bazaar in desktop at 1280x800 viewport size","advertisement-tests","2026-05-29","failed","2026-05-29","Verify ad blocks within the desktop viewport range (1233-1411px) for different user roles","advertisement.test.js","",""
"","15164","Check video block, footer banner, L vertical banner, S vertical banner for ad free user - Nightreign in desktop at 1680x1050 viewport size","advertisement-tests","2026-05-29","passed","2026-05-29","Verify ad blocks within the desktop viewport range (>1412px) for different user roles","advertisement.test.js","",""
"","6731","Check video block & footer banner for plus user - Monster Hunter Wilds in desktop at 1100x800 viewport size","advertisement-tests","2026-05-29","passed","2026-05-29","Verify ad blocks within the desktop viewport range (1024-1232px) for different user roles","advertisement.test.js","",""
"","9763","Check ad blocks for plus user - Marathon in mobile at 360x780 viewport size","advertisement-tests","2026-05-29","passed","2026-05-29","Verify ad blocks within the mobile viewport range (320–575px) for different user roles","advertisement.test.js","",""
"","11187","Check video block, footer banner, L vertical banner, S vertical banner for regular user - Riftbound in desktop at 1680x1050 viewport size","advertisement-tests","2026-05-29","passed","2026-05-29","Verify ad blocks within the desktop viewport range (>1412px) for different user roles","advertisement.test.js","",""
"","11855","Check video block, footer banner, L vertical banner, S vertical banner for regular user - ZZZ in desktop at 1680x1050 viewport size","advertisement-tests","2026-05-29","passed","2026-05-29","Verify ad blocks within the desktop viewport range (>1412px) for different user roles","advertisement.test.js","",""
"","8784","Check video block, footer banner, L vertical banner, S vertical banner for plus user - Overwatch in desktop at 1680x1050 viewport size","advertisement-tests","2026-05-29","passed","2026-05-29","Verify ad blocks within the desktop viewport range (>1412px) for different user roles","advertisement.test.js","",""
"","9152","Check video block & footer banner for unauthorized user - Hades 2 in desktop at 1100x800 viewport size","advertisement-tests","2026-05-29","passed","2026-05-29","Verify ad blocks within the desktop viewport range (1024-1232px) for different user roles","advertisement.test.js","",""
"","2179","Check video block & footer banner for plus user - Hades 2 in desktop at 1100x800 viewport size","advertisement-tests","2026-05-29","passed","2026-05-29","Verify ad blocks within the desktop viewport range (1024-1232px) for different user roles","advertisement.test.js","",""
"","10374","Check video block & footer banner for unauthorized user - ZZZ in desktop at 1100x800 viewport size","advertisement-tests","2026-05-29","passed","2026-05-29","Verify ad blocks within the desktop viewport range (1024-1232px) for different user roles","advertisement.test.js","",""
"","7407","Check advertisement blocks for ad free user - PoE in desktop at 640x1024 viewport size","advertisement-tests","2026-05-29","passed","2026-05-29","Verify ad blocks within the desktop viewport range (576-767px) for different user roles","advertisement.test.js","",""
"","7233","Check advertisement blocks for plus user - Deadlock in desktop at 640x1024 viewport size","advertisement-tests","2026-05-29","passed","2026-05-29","Verify ad blocks within the desktop viewport range (576-767px) for different user roles","advertisement.test.js","",""
"","2955","Check video block & footer banner for ad free user - Deadlock in desktop at 1100x800 viewport size","advertisement-tests","2026-05-29","passed","2026-05-29","Verify ad blocks within the desktop viewport range (1024-1232px) for different user roles","advertisement.test.js","",""
"","12777","Check advertisement blocks for regular user - Monster Hunter Wilds in desktop at 640x1024 viewport size","advertisement-tests","2026-05-29","passed","2026-05-29","Verify ad blocks within the desktop viewport range (576-767px) for different user roles","advertisement.test.js","",""
"","10638","Check video block, footer banner, L vertical banner for regular user - STS 2 in desktop at 1280x800 viewport size","advertisement-tests","2026-05-29","passed","2026-05-29","Verify ad blocks within the desktop viewport range (1233-1411px) for different user roles","advertisement.test.js","",""
"","8646","Check video block, footer banner, L vertical banner, S vertical banner for unauthorized user - Nightreign in desktop at 1680x1050 viewport size","advertisement-tests","2026-05-29","passed","2026-05-29","Verify ad blocks within the desktop viewport range (>1412px) for different user roles","advertisement.test.js","",""
"","5916","Check ad blocks for ad free user - The Bazaar in mobile at 360x780 viewport size","advertisement-tests","2026-05-29","passed","2026-05-29","Verify ad blocks within the mobile viewport range (320–575px) for different user roles","advertisement.test.js","",""
"","9378","Check video block, footer banner, L vertical banner for unauthorized user - Marathon in desktop at 1280x800 viewport size","advertisement-tests","2026-05-29","passed","2026-05-29","Verify ad blocks within the desktop viewport range (1233-1411px) for different user roles","advertisement.test.js","",""
"","6766","Check video block, footer banner, L vertical banner, S vertical banner for plus user - STS 2 in desktop at 1680x1050 viewport size","advertisement-tests","2026-05-29","passed","2026-05-29","Verify ad blocks within the desktop viewport range (>1412px) for different user roles","advertisement.test.js","",""
"","10569","Check advertisement blocks for regular user - Endfield in desktop at 640x1024 viewport size","advertisement-tests","2026-05-29","passed","2026-05-29","Verify ad blocks within the desktop viewport range (576-767px) for different user roles","advertisement.test.js","",""
"","569","Check video block & footer banner for unauthorized user - Val in mobile at 360x780 viewport size","advertisement-tests","2026-05-29","skipped","2026-05-29","Verify ad blocks within the mobile viewport range (320–575px) for different user roles","advertisement.test.js","",""
"","6281","Check advertisement blocks for plus user - Nightreign in desktop at 800x800 viewport size","advertisement-tests","2026-05-29","passed","2026-05-29","Verify video ad block & footer banner within the desktop viewport range (768-1023px) for different user roles","advertisement.test.js","",""
"","7318","Check advertisement blocks for ad free user - 2XKO in desktop at 640x1024 viewport size","advertisement-tests","2026-05-29","passed","2026-05-29","Verify ad blocks within the desktop viewport range (576-767px) for different user roles","advertisement.test.js","",""
"","12948","Check video block, footer banner, L vertical banner for regular user - Riftbound in desktop at 1280x800 viewport size","advertisement-tests","2026-05-29","passed","2026-05-29","Verify ad blocks within the desktop viewport range (1233-1411px) for different user roles","advertisement.test.js","",""
"","7987","Check advertisement blocks for plus user - The Bazaar in desktop at 640x1024 viewport size","advertisement-tests","2026-05-29","passed","2026-05-29","Verify ad blocks within the desktop viewport range (576-767px) for different user roles","advertisement.test.js","",""
"","8102","Check advertisement blocks for unauthorized user - Marathon in desktop at 640x1024 viewport size","advertisement-tests","2026-05-29","passed","2026-05-29","Verify ad blocks within the desktop viewport range (576-767px) for different user roles","advertisement.test.js","",""
"","18669","Check ad blocks for ad free user - TFT in mobile at 360x780 viewport size","advertisement-tests","2026-05-29","passed","2026-05-29","Verify ad blocks within the mobile viewport range (320–575px) for different user roles","advertisement.test.js","",""
"","9596","Check video block, footer banner, L vertical banner for unauthorized user - Endfield in desktop at 1280x800 viewport size","advertisement-tests","2026-05-29","passed","2026-05-29","Verify ad blocks within the desktop viewport range (1233-1411px) for different user roles","advertisement.test.js","",""
"","4369","Check video block, footer banner, L vertical banner for ad free user - Riftbound in desktop at 1280x800 viewport size","advertisement-tests","2026-05-29","passed","2026-05-29","Verify ad blocks within the desktop viewport range (1233-1411px) for different user roles","advertisement.test.js","",""
"","8588","Check advertisement blocks for unauthorized user - Riftbound in desktop at 640x1024 viewport size","advertisement-tests","2026-05-29","passed","2026-05-29","Verify ad blocks within the desktop viewport range (576-767px) for different user roles","advertisement.test.js","",""
"","823","setup add free user","user-roles-setup","2026-05-29","passed","2026-05-29","","setup/userRoles.setup.test.js","",""
"","11327","Check video block & footer banner for regular user - Monster Hunter Wilds in desktop at 1100x800 viewport size","advertisement-tests","2026-05-29","passed","2026-05-29","Verify ad blocks within the desktop viewport range (1024-1232px) for different user roles","advertisement.test.js","",""
"","8331","Check video block, footer banner, L vertical banner for plus user - PoE 2 in desktop at 1280x800 viewport size","advertisement-tests","2026-05-29","passed","2026-05-29","Verify ad blocks within the desktop viewport range (1233-1411px) for different user roles","advertisement.test.js","",""
"","10421","Check advertisement blocks for regular user - Diablo 4 in desktop at 640x1024 viewport size","advertisement-tests","2026-05-29","passed","2026-05-29","Verify ad blocks within the desktop viewport range (576-767px) for different user roles","advertisement.test.js","",""
"","1833","Check video block & footer banner for plus user - Val in desktop at 1100x800 viewport size","advertisement-tests","2026-05-29","passed","2026-05-29","Verify ad blocks within the desktop viewport range (1024-1232px) for different user roles","advertisement.test.js","",""
"","9585","Check video block & footer banner for unauthorized user - Marvel Rivals in desktop at 800x800 viewport size","advertisement-tests","2026-05-29","passed","2026-05-29","Verify video ad block & footer banner within the desktop viewport range (768-1023px) for different user roles","advertisement.test.js","",""
"","6526","Check video block, footer banner, L vertical banner for plus user - 2XKO in desktop at 1280x800 viewport size","advertisement-tests","2026-05-29","passed","2026-05-29","Verify ad blocks within the desktop viewport range (1233-1411px) for different user roles","advertisement.test.js","",""
"","11280","Check video block, footer banner, L vertical banner, S vertical banner for unauthorized user - STS 2 in desktop at 1680x1050 viewport size","advertisement-tests","2026-05-29","passed","2026-05-29","Verify ad blocks within the desktop viewport range (>1412px) for different user roles","advertisement.test.js","",""
"","12285","Check video block, footer banner, L vertical banner for regular user - Borderlands 4 in desktop at 1280x800 viewport size","advertisement-tests","2026-05-29","passed","2026-05-29","Verify ad blocks within the desktop viewport range (1233-1411px) for different user roles","advertisement.test.js","",""
"","8302","Check video block & footer banner for ad free user - ZZZ in desktop at 1100x800 viewport size","advertisement-tests","2026-05-29","passed","2026-05-29","Verify ad blocks within the desktop viewport range (1024-1232px) for different user roles","advertisement.test.js","",""
"","6232","Check video block & footer banner for ad free user - Marvel Rivals in desktop at 1100x800 viewport size","advertisement-tests","2026-05-29","passed","2026-05-29","Verify ad blocks within the desktop viewport range (1024-1232px) for different user roles","advertisement.test.js","",""
"","13895","Check advertisement blocks for regular user - TFT in desktop at 640x1024 viewport size","advertisement-tests","2026-05-29","passed","2026-05-29","Verify ad blocks within the desktop viewport range (576-767px) for different user roles","advertisement.test.js","",""
"","19387","Check video block & footer banner for unauthorized user - TFT in mobile at 360x780 viewport size","advertisement-tests","2026-05-29","passed","2026-05-29","Verify ad blocks within the mobile viewport range (320–575px) for different user roles","advertisement.test.js","",""
"","13560","Check video block & footer banner for regular user - Nightreign in desktop at 1100x800 viewport size","advertisement-tests","2026-05-29","passed","2026-05-29","Verify ad blocks within the desktop viewport range (1024-1232px) for different user roles","advertisement.test.js","",""
"","7885","Check video block, footer banner, L vertical banner for plus user - Riftbound in desktop at 1280x800 viewport size","advertisement-tests","2026-05-29","passed","2026-05-29","Verify ad blocks within the desktop viewport range (1233-1411px) for different user roles","advertisement.test.js","",""
"","12868","Check video block, footer banner, L vertical banner, S vertical banner for regular user - Deadlock in desktop at 1680x1050 viewport size","advertisement-tests","2026-05-29","passed","2026-05-29","Verify ad blocks within the desktop viewport range (>1412px) for different user roles","advertisement.test.js","",""
"","6608","Check advertisement blocks for ad free user - STS 2 in desktop at 640x1024 viewport size","advertisement-tests","2026-05-29","passed","2026-05-29","Verify ad blocks within the desktop viewport range (576-767px) for different user roles","advertisement.test.js","",""
"","9353","Check video block & footer banner for unauthorized user - Borderlands 4 in mobile at 360x780 viewport size","advertisement-tests","2026-05-29","passed","2026-05-29","Verify ad blocks within the mobile viewport range (320–575px) for different user roles","advertisement.test.js","",""
"","10955","Check video block, footer banner, L vertical banner, S vertical banner for ad free user - The Bazaar in desktop at 1680x1050 viewport size","advertisement-tests","2026-05-29","passed","2026-05-29","Verify ad blocks within the desktop viewport range (>1412px) for different user roles","advertisement.test.js","",""
"","5797","Check advertisement blocks for plus user - TFT in desktop at 800x800 viewport size","advertisement-tests","2026-05-29","passed","2026-05-29","Verify video ad block & footer banner within the desktop viewport range (768-1023px) for different user roles","advertisement.test.js","",""
"","15704","Check video block, footer banner, L vertical banner, S vertical banner for regular user - The Bazaar in desktop at 1680x1050 viewport size","advertisement-tests","2026-05-29","passed","2026-05-29","Verify ad blocks within the desktop viewport range (>1412px) for different user roles","advertisement.test.js","",""
"","11142","Check advertisement blocks for regular user - PoE 2 in desktop at 640x1024 viewport size","advertisement-tests","2026-05-29","passed","2026-05-29","Verify ad blocks within the desktop viewport range (576-767px) for different user roles","advertisement.test.js","",""
"","14580","Check video block, footer banner, L vertical banner for unauthorized user - STS 2 in desktop at 1280x800 viewport size","advertisement-tests","2026-05-29","passed","2026-05-29","Verify ad blocks within the desktop viewport range (1233-1411px) for different user roles","advertisement.test.js","",""
"","19890","Check ad blocks for regular user - Overwatch in mobile at 360x780 viewport size","advertisement-tests","2026-05-29","passed","2026-05-29","Verify ad blocks within the mobile viewport range (320–575px) for different user roles","advertisement.test.js","",""
"","13124","Check video block, footer banner, L vertical banner, S vertical banner for plus user - Borderlands 4 in desktop at 1680x1050 viewport size","advertisement-tests","2026-05-29","passed","2026-05-29","Verify ad blocks within the desktop viewport range (>1412px) for different user roles","advertisement.test.js","",""
"","6976","Check advertisement blocks for plus user - Hades 2 in desktop at 640x1024 viewport size","advertisement-tests","2026-05-29","passed","2026-05-29","Verify ad blocks within the desktop viewport range (576-767px) for different user roles","advertisement.test.js","",""
"","12537","Check video block & footer banner for unauthorized user - ZZZ in mobile at 360x780 viewport size","advertisement-tests","2026-05-29","passed","2026-05-29","Verify ad blocks within the mobile viewport range (320–575px) for different user roles","advertisement.test.js","",""
"","9304","Check advertisement blocks for unauthorized user - The Bazaar in desktop at 640x1024 viewport size","advertisement-tests","2026-05-29","passed","2026-05-29","Verify ad blocks within the desktop viewport range (576-767px) for different user roles","advertisement.test.js","",""
"","9863","Check video block, footer banner, L vertical banner for regular user - Deadlock in desktop at 1280x800 viewport size","advertisement-tests","2026-05-29","passed","2026-05-29","Verify ad blocks within the desktop viewport range (1233-1411px) for different user roles","advertisement.test.js","",""
"","11669","Check video block & footer banner for regular user - 2XKO in desktop at 1100x800 viewport size","advertisement-tests","2026-05-29","passed","2026-05-29","Verify ad blocks within the desktop viewport range (1024-1232px) for different user roles","advertisement.test.js","",""
"","9280","Check video block & footer banner for unauthorized user - Marathon in mobile at 360x780 viewport size","advertisement-tests","2026-05-29","passed","2026-05-29","Verify ad blocks within the mobile viewport range (320–575px) for different user roles","advertisement.test.js","",""
"","9816","Check video block & footer banner for unauthorized user - Deadlock in desktop at 1100x800 viewport size","advertisement-tests","2026-05-29","passed","2026-05-29","Verify ad blocks within the desktop viewport range (1024-1232px) for different user roles","advertisement.test.js","",""
"","9602","Check advertisement blocks for regular user - The Bazaar in desktop at 640x1024 viewport size","advertisement-tests","2026-05-29","passed","2026-05-29","Verify ad blocks within the desktop viewport range (576-767px) for different user roles","advertisement.test.js","",""
"","9382","Check video block, footer banner, L vertical banner for unauthorized user - Riftbound in desktop at 1280x800 viewport size","advertisement-tests","2026-05-29","passed","2026-05-29","Verify ad blocks within the desktop viewport range (1233-1411px) for different user roles","advertisement.test.js","",""
"","12186","Check video block, footer banner, L vertical banner for regular user - Nightreign in desktop at 1280x800 viewport size","advertisement-tests","2026-05-29","passed","2026-05-29","Verify ad blocks within the desktop viewport range (1233-1411px) for different user roles","advertisement.test.js","",""
"","8282","Check advertisement blocks for plus user - LoL in desktop at 640x1024 viewport size","advertisement-tests","2026-05-29","passed","2026-05-29","Verify ad blocks within the desktop viewport range (576-767px) for different user roles","advertisement.test.js","",""
"","3132","Check video block, footer banner, L vertical banner for ad free user - Nightreign in desktop at 1280x800 viewport size","advertisement-tests","2026-05-29","passed","2026-05-29","Verify ad blocks within the desktop viewport range (1233-1411px) for different user roles","advertisement.test.js","",""
"","11095","Check video block & footer banner for unauthorized user - Diablo 4 in desktop at 1100x800 viewport size","advertisement-tests","2026-05-29","passed","2026-05-29","Verify ad blocks within the desktop viewport range (1024-1232px) for different user roles","advertisement.test.js","",""
"","13652","Check video block, footer banner, L vertical banner, S vertical banner for regular user - PoE 2 in desktop at 1680x1050 viewport size","advertisement-tests","2026-05-29","passed","2026-05-29","Verify ad blocks within the desktop viewport range (>1412px) for different user roles","advertisement.test.js","",""
"","16561","Check video block, footer banner, L vertical banner for regular user - TFT in desktop at 1280x800 viewport size","advertisement-tests","2026-05-29","passed","2026-05-29","Verify ad blocks within the desktop viewport range (1233-1411px) for different user roles","advertisement.test.js","",""
"","7","Check ad blocks for regular user - Val in mobile at 360x780 viewport size","advertisement-tests","2026-05-29","skipped","2026-05-29","Verify ad blocks within the mobile viewport range (320–575px) for different user roles","advertisement.test.js","",""
"","6924","Check ad blocks for plus user - TFT in mobile at 360x780 viewport size","advertisement-tests","2026-05-29","passed","2026-05-29","Verify ad blocks within the mobile viewport range (320–575px) for different user roles","advertisement.test.js","",""
"","3942","Check advertisement blocks for plus user - Val in desktop at 800x800 viewport size","advertisement-tests","2026-05-29","passed","2026-05-29","Verify video ad block & footer banner within the desktop viewport range (768-1023px) for different user roles","advertisement.test.js","",""
"","9318","Check video block, footer banner, L vertical banner, S vertical banner for unauthorized user - 2XKO in desktop at 1680x1050 viewport size","advertisement-tests","2026-05-29","passed","2026-05-29","Verify ad blocks within the desktop viewport range (>1412px) for different user roles","advertisement.test.js","",""
"","4256","Check video block & footer banner for ad free user - PoE in desktop at 1100x800 viewport size","advertisement-tests","2026-05-29","passed","2026-05-29","Verify ad blocks within the desktop viewport range (1024-1232px) for different user roles","advertisement.test.js","",""
"","9408","Check video block & footer banner for regular user - LoL in desktop at 800x800 viewport size","advertisement-tests","2026-05-29","passed","2026-05-29","Verify video ad block & footer banner within the desktop viewport range (768-1023px) for different user roles","advertisement.test.js","",""
"","17665","Check ad blocks for ad free user - LoL in mobile at 360x780 viewport size","advertisement-tests","2026-05-29","passed","2026-05-29","Verify ad blocks within the mobile viewport range (320–575px) for different user roles","advertisement.test.js","",""
"","8703","Check video block & footer banner for regular user - Val in desktop at 800x800 viewport size","advertisement-tests","2026-05-29","passed","2026-05-29","Verify video ad block & footer banner within the desktop viewport range (768-1023px) for different user roles","advertisement.test.js","",""
"","9643","Check advertisement blocks for regular user - Deadlock in desktop at 640x1024 viewport size","advertisement-tests","2026-05-29","passed","2026-05-29","Verify ad blocks within the desktop viewport range (576-767px) for different user roles","advertisement.test.js","",""
"","6624","Check ad blocks for plus user - Endfield in mobile at 360x780 viewport size","advertisement-tests","2026-05-29","passed","2026-05-29","Verify ad blocks within the mobile viewport range (320–575px) for different user roles","advertisement.test.js","",""
"","7488","Check advertisement blocks for ad free user - Borderlands 4 in desktop at 800x800 viewport size","advertisement-tests","2026-05-29","passed","2026-05-29","Verify video ad block & footer banner within the desktop viewport range (768-1023px) for different user roles","advertisement.test.js","",""
"","10086","Check video block & footer banner for unauthorized user - Monster Hunter Wilds in desktop at 800x800 viewport size","advertisement-tests","2026-05-29","passed","2026-05-29","Verify video ad block & footer banner within the desktop viewport range (768-1023px) for different user roles","advertisement.test.js","",""
"","10784","Check video block & footer banner for regular user - The Bazaar in desktop at 1100x800 viewport size","advertisement-tests","2026-05-29","passed","2026-05-29","Verify ad blocks within the desktop viewport range (1024-1232px) for different user roles","advertisement.test.js","",""
"","13758","Check video block & footer banner for regular user - Marvel Rivals in desktop at 1100x800 viewport size","advertisement-tests","2026-05-29","passed","2026-05-29","Verify ad blocks within the desktop viewport range (1024-1232px) for different user roles","advertisement.test.js","",""
"","2731","Check advertisement blocks for plus user - Val in desktop at 640x1024 viewport size","advertisement-tests","2026-05-29","passed","2026-05-29","Verify ad blocks within the desktop viewport range (576-767px) for different user roles","advertisement.test.js","",""
"","10660","Check video block, footer banner, L vertical banner, S vertical banner for unauthorized user - Endfield in desktop at 1680x1050 viewport size","advertisement-tests","2026-05-29","passed","2026-05-29","Verify ad blocks within the desktop viewport range (>1412px) for different user roles","advertisement.test.js","",""
"","10213","Check video block, footer banner, L vertical banner, S vertical banner for plus user - The Bazaar in desktop at 1680x1050 viewport size","advertisement-tests","2026-05-29","passed","2026-05-29","Verify ad blocks within the desktop viewport range (>1412px) for different user roles","advertisement.test.js","",""
"","11339","Check video block & footer banner for regular user - LoL in desktop at 1100x800 viewport size","advertisement-tests","2026-05-29","passed","2026-05-29","Verify ad blocks within the desktop viewport range (1024-1232px) for different user roles","advertisement.test.js","",""
"","6710","Check video block, footer banner, L vertical banner for plus user - Marvel Rivals in desktop at 1280x800 viewport size","advertisement-tests","2026-05-29","passed","2026-05-29","Verify ad blocks within the desktop viewport range (1233-1411px) for different user roles","advertisement.test.js","",""
"","6659","Check advertisement blocks for ad free user - PoE in desktop at 800x800 viewport size","advertisement-tests","2026-05-29","passed","2026-05-29","Verify video ad block & footer banner within the desktop viewport range (768-1023px) for different user roles","advertisement.test.js","",""
"","14147","Check video block, footer banner, L vertical banner, S vertical banner for plus user - Marvel Rivals in desktop at 1680x1050 viewport size","advertisement-tests","2026-05-29","passed","2026-05-29","Verify ad blocks within the desktop viewport range (>1412px) for different user roles","advertisement.test.js","",""
"","11078","Check video block & footer banner for unauthorized user - Diablo 4 in desktop at 800x800 viewport size","advertisement-tests","2026-05-29","passed","2026-05-29","Verify video ad block & footer banner within the desktop viewport range (768-1023px) for different user roles","advertisement.test.js","",""
"","9382","Check video block & footer banner for unauthorized user - STS 2 in mobile at 360x780 viewport size","advertisement-tests","2026-05-29","passed","2026-05-29","Verify ad blocks within the mobile viewport range (320–575px) for different user roles","advertisement.test.js","",""
"","12405","Check video block & footer banner for regular user - Hades 2 in desktop at 1100x800 viewport size","advertisement-tests","2026-05-29","passed","2026-05-29","Verify ad blocks within the desktop viewport range (1024-1232px) for different user roles","advertisement.test.js","",""
"","17970","Check video block, footer banner, L vertical banner, S vertical banner for regular user - Endfield in desktop at 1680x1050 viewport size","advertisement-tests","2026-05-29","passed","2026-05-29","Verify ad blocks within the desktop viewport range (>1412px) for different user roles","advertisement.test.js","",""
"","2","Check ad blocks for ad free user - Val in mobile at 360x780 viewport size","advertisement-tests","2026-05-29","skipped","2026-05-29","Verify ad blocks within the mobile viewport range (320–575px) for different user roles","advertisement.test.js","",""
"","12718","Check video block, footer banner, L vertical banner, S vertical banner for unauthorized user - Deadlock in desktop at 1680x1050 viewport size","advertisement-tests","2026-05-29","passed","2026-05-29","Verify ad blocks within the desktop viewport range (>1412px) for different user roles","advertisement.test.js","",""
"","7759","Check video block, footer banner, L vertical banner for unauthorized user - PoE in desktop at 1280x800 viewport size","advertisement-tests","2026-05-29","passed","2026-05-29","Verify ad blocks within the desktop viewport range (1233-1411px) for different user roles","advertisement.test.js","",""
"","7519","Check advertisement blocks for ad free user - Deadlock in desktop at 800x800 viewport size","advertisement-tests","2026-05-29","passed","2026-05-29","Verify video ad block & footer banner within the desktop viewport range (768-1023px) for different user roles","advertisement.test.js","",""
"","17713","Check ad blocks for regular user - TFT in mobile at 360x780 viewport size","advertisement-tests","2026-05-29","passed","2026-05-29","Verify ad blocks within the mobile viewport range (320–575px) for different user roles","advertisement.test.js","",""
"","12199","Check video block, footer banner, L vertical banner, S vertical banner for plus user - Deadlock in desktop at 1680x1050 viewport size","advertisement-tests","2026-05-29","passed","2026-05-29","Verify ad blocks within the desktop viewport range (>1412px) for different user roles","advertisement.test.js","",""
"","9310","Check advertisement blocks for unauthorized user - Borderlands 4 in desktop at 640x1024 viewport size","advertisement-tests","2026-05-29","passed","2026-05-29","Verify ad blocks within the desktop viewport range (576-767px) for different user roles","advertisement.test.js","",""
"","11979","Check video block & footer banner for regular user - Riftbound in desktop at 800x800 viewport size","advertisement-tests","2026-05-29","passed","2026-05-29","Verify video ad block & footer banner within the desktop viewport range (768-1023px) for different user roles","advertisement.test.js","",""
"","10044","Check video block & footer banner for unauthorized user - PoE in desktop at 1100x800 viewport size","advertisement-tests","2026-05-29","passed","2026-05-29","Verify ad blocks within the desktop viewport range (1024-1232px) for different user roles","advertisement.test.js","",""
"","10695","Check advertisement blocks for regular user - Marvel Rivals in desktop at 640x1024 viewport size","advertisement-tests","2026-05-29","passed","2026-05-29","Verify ad blocks within the desktop viewport range (576-767px) for different user roles","advertisement.test.js","",""
"","7824","Check advertisement blocks for ad free user - The Bazaar in desktop at 640x1024 viewport size","advertisement-tests","2026-05-29","passed","2026-05-29","Verify ad blocks within the desktop viewport range (576-767px) for different user roles","advertisement.test.js","",""
"","13373","Check video block, footer banner, L vertical banner, S vertical banner for plus user - 2XKO in desktop at 1680x1050 viewport size","advertisement-tests","2026-05-29","passed","2026-05-29","Verify ad blocks within the desktop viewport range (>1412px) for different user roles","advertisement.test.js","",""
"","13850","Check video block, footer banner, L vertical banner for ad free user - TFT in desktop at 1280x800 viewport size","advertisement-tests","2026-05-29","passed","2026-05-29","Verify ad blocks within the desktop viewport range (1233-1411px) for different user roles","advertisement.test.js","",""
"","7018","Check advertisement blocks for ad free user - Val in desktop at 800x800 viewport size","advertisement-tests","2026-05-29","passed","2026-05-29","Verify video ad block & footer banner within the desktop viewport range (768-1023px) for different user roles","advertisement.test.js","",""
"","9657","Check video block, footer banner, L vertical banner, S vertical banner for unauthorized user - Hades 2 in desktop at 1680x1050 viewport size","advertisement-tests","2026-05-29","passed","2026-05-29","Verify ad blocks within the desktop viewport range (>1412px) for different user roles","advertisement.test.js","",""
"","5873","Check advertisement blocks for ad free user - Nightreign in desktop at 640x1024 viewport size","advertisement-tests","2026-05-29","passed","2026-05-29","Verify ad blocks within the desktop viewport range (576-767px) for different user roles","advertisement.test.js","",""
"","18536","Check ad blocks for regular user - The Bazaar in mobile at 360x780 viewport size","advertisement-tests","2026-05-29","passed","2026-05-29","Verify ad blocks within the mobile viewport range (320–575px) for different user roles","advertisement.test.js","",""
"","10685","Check video block & footer banner for unauthorized user - Overwatch in desktop at 1100x800 viewport size","advertisement-tests","2026-05-29","passed","2026-05-29","Verify ad blocks within the desktop viewport range (1024-1232px) for different user roles","advertisement.test.js","",""
"","8540","Check video block, footer banner, L vertical banner, S vertical banner for ad free user - PoE 2 in desktop at 1680x1050 viewport size","advertisement-tests","2026-05-29","passed","2026-05-29","Verify ad blocks within the desktop viewport range (>1412px) for different user roles","advertisement.test.js","",""
"","11701","Check advertisement blocks for unauthorized user - PoE 2 in desktop at 640x1024 viewport size","advertisement-tests","2026-05-29","passed","2026-05-29","Verify ad blocks within the desktop viewport range (576-767px) for different user roles","advertisement.test.js","",""
"","9441","Check video block, footer banner, L vertical banner for ad free user - ZZZ in desktop at 1280x800 viewport size","advertisement-tests","2026-05-29","passed","2026-05-29","Verify ad blocks within the desktop viewport range (1233-1411px) for different user roles","advertisement.test.js","",""
"","6444","Check advertisement blocks for ad free user - Deadlock in desktop at 640x1024 viewport size","advertisement-tests","2026-05-29","passed","2026-05-29","Verify ad blocks within the desktop viewport range (576-767px) for different user roles","advertisement.test.js","",""
"","4358","Check video block & footer banner for ad free user - Hades 2 in desktop at 1100x800 viewport size","advertisement-tests","2026-05-29","passed","2026-05-29","Verify ad blocks within the desktop viewport range (1024-1232px) for different user roles","advertisement.test.js","",""
"","12685","Check video block & footer banner for regular user - The Bazaar in desktop at 800x800 viewport size","advertisement-tests","2026-05-29","passed","2026-05-29","Verify video ad block & footer banner within the desktop viewport range (768-1023px) for different user roles","advertisement.test.js","",""
"","9265","Check video block & footer banner for unauthorized user - Deadlock in desktop at 800x800 viewport size","advertisement-tests","2026-05-29","passed","2026-05-29","Verify video ad block & footer banner within the desktop viewport range (768-1023px) for different user roles","advertisement.test.js","",""
"","2170","Check video block, footer banner, L vertical banner for ad free user - Overwatch in desktop at 1280x800 viewport size","advertisement-tests","2026-05-29","passed","2026-05-29","Verify ad blocks within the desktop viewport range (1233-1411px) for different user roles","advertisement.test.js","",""
"","9289","Check video block & footer banner for unauthorized user - TFT in desktop at 800x800 viewport size","advertisement-tests","2026-05-29","passed","2026-05-29","Verify video ad block & footer banner within the desktop viewport range (768-1023px) for different user roles","advertisement.test.js","",""
"","8225","Check video block & footer banner for unauthorized user - The Bazaar in mobile at 360x780 viewport size","advertisement-tests","2026-05-29","passed","2026-05-29","Verify ad blocks within the mobile viewport range (320–575px) for different user roles","advertisement.test.js","",""
"","8992","Check advertisement blocks for regular user - Hades 2 in desktop at 640x1024 viewport size","advertisement-tests","2026-05-29","passed","2026-05-29","Verify ad blocks within the desktop viewport range (576-767px) for different user roles","advertisement.test.js","",""
"","8214","Check ad blocks for ad free user - Hades 2 in mobile at 360x780 viewport size","advertisement-tests","2026-05-29","passed","2026-05-29","Verify ad blocks within the mobile viewport range (320–575px) for different user roles","advertisement.test.js","",""
"","8834","Check video block, footer banner, L vertical banner for plus user - PoE in desktop at 1280x800 viewport size","advertisement-tests","2026-05-29","passed","2026-05-29","Verify ad blocks within the desktop viewport range (1233-1411px) for different user roles","advertisement.test.js","",""
"","11338","Check video block & footer banner for regular user - Hades 2 in desktop at 800x800 viewport size","advertisement-tests","2026-05-29","passed","2026-05-29","Verify video ad block & footer banner within the desktop viewport range (768-1023px) for different user roles","advertisement.test.js","",""
"","3991","Check video block, footer banner, L vertical banner for plus user - Hades 2 in desktop at 1280x800 viewport size","advertisement-tests","2026-05-29","passed","2026-05-29","Verify ad blocks within the desktop viewport range (1233-1411px) for different user roles","advertisement.test.js","",""
"","19286","Check video block, footer banner, L vertical banner, S vertical banner for ad free user - TFT in desktop at 1680x1050 viewport size","advertisement-tests","2026-05-29","passed","2026-05-29","Verify ad blocks within the desktop viewport range (>1412px) for different user roles","advertisement.test.js","",""
"","10946","Check video block & footer banner for unauthorized user - The Bazaar in desktop at 1100x800 viewport size","advertisement-tests","2026-05-29","passed","2026-05-29","Verify ad blocks within the desktop viewport range (1024-1232px) for different user roles","advertisement.test.js","",""
"","4035","Check video block, footer banner, L vertical banner for plus user - Overwatch in desktop at 1280x800 viewport size","advertisement-tests","2026-05-29","passed","2026-05-29","Verify ad blocks within the desktop viewport range (1233-1411px) for different user roles","advertisement.test.js","",""
"","7740","Check advertisement blocks for plus user - PoE 2 in desktop at 800x800 viewport size","advertisement-tests","2026-05-29","passed","2026-05-29","Verify video ad block & footer banner within the desktop viewport range (768-1023px) for different user roles","advertisement.test.js","",""
"","3513","Check video block, footer banner, L vertical banner for ad free user - Borderlands 4 in desktop at 1280x800 viewport size","advertisement-tests","2026-05-29","passed","2026-05-29","Verify ad blocks within the desktop viewport range (1233-1411px) for different user roles","advertisement.test.js","",""
"","9011","Check advertisement blocks for unauthorized user - Hades 2 in desktop at 640x1024 viewport size","advertisement-tests","2026-05-29","passed","2026-05-29","Verify ad blocks within the desktop viewport range (576-767px) for different user roles","advertisement.test.js","",""
"","10782","Check advertisement blocks for ad free user - LoL in desktop at 800x800 viewport size","advertisement-tests","2026-05-29","passed","2026-05-29","Verify video ad block & footer banner within the desktop viewport range (768-1023px) for different user roles","advertisement.test.js","",""
"","9441","Check advertisement blocks for unauthorized user - Endfield in desktop at 640x1024 viewport size","advertisement-tests","2026-05-29","passed","2026-05-29","Verify ad blocks within the desktop viewport range (576-767px) for different user roles","advertisement.test.js","",""
"","10490","Check advertisement blocks for unauthorized user - Overwatch in desktop at 640x1024 viewport size","advertisement-tests","2026-05-29","passed","2026-05-29","Verify ad blocks within the desktop viewport range (576-767px) for different user roles","advertisement.test.js","",""
"","8313","Check video block & footer banner for unauthorized user - Hades 2 in desktop at 800x800 viewport size","advertisement-tests","2026-05-29","passed","2026-05-29","Verify video ad block & footer banner within the desktop viewport range (768-1023px) for different user roles","advertisement.test.js","",""
"","1502","Check video block & footer banner for plus user - TFT in desktop at 1100x800 viewport size","advertisement-tests","2026-05-29","passed","2026-05-29","Verify ad blocks within the desktop viewport range (1024-1232px) for different user roles","advertisement.test.js","",""
"","8995","Check video block, footer banner, L vertical banner, S vertical banner for regular user - Val in desktop at 1680x1050 viewport size","advertisement-tests","2026-05-29","passed","2026-05-29","Verify ad blocks within the desktop viewport range (>1412px) for different user roles","advertisement.test.js","",""
"","10398","Check video block & footer banner for unauthorized user - PoE 2 in desktop at 1100x800 viewport size","advertisement-tests","2026-05-29","passed","2026-05-29","Verify ad blocks within the desktop viewport range (1024-1232px) for different user roles","advertisement.test.js","",""
"","11559","Check video block, footer banner, L vertical banner, S vertical banner for unauthorized user - Overwatch in desktop at 1680x1050 viewport size","advertisement-tests","2026-05-29","passed","2026-05-29","Verify ad blocks within the desktop viewport range (>1412px) for different user roles","advertisement.test.js","",""
"","8446","Check ad blocks for ad free user - Marathon in mobile at 360x780 viewport size","advertisement-tests","2026-05-29","passed","2026-05-29","Verify ad blocks within the mobile viewport range (320–575px) for different user roles","advertisement.test.js","",""
"","10639","Check video block & footer banner for unauthorized user - Overwatch in desktop at 800x800 viewport size","advertisement-tests","2026-05-29","passed","2026-05-29","Verify video ad block & footer banner within the desktop viewport range (768-1023px) for different user roles","advertisement.test.js","",""
"","17600","Check video block, footer banner, L vertical banner, S vertical banner for ad free user - Marvel Rivals in desktop at 1680x1050 viewport size","advertisement-tests","2026-05-29","passed","2026-05-29","Verify ad blocks within the desktop viewport range (>1412px) for different user roles","advertisement.test.js","",""
"","13094","Check video block, footer banner, L vertical banner, S vertical banner for unauthorized user - PoE 2 in desktop at 1680x1050 viewport size","advertisement-tests","2026-05-29","passed","2026-05-29","Verify ad blocks within the desktop viewport range (>1412px) for different user roles","advertisement.test.js","",""
"","14513","Check video block & footer banner for regular user - PoE in desktop at 800x800 viewport size","advertisement-tests","2026-05-29","passed","2026-05-29","Verify video ad block & footer banner within the desktop viewport range (768-1023px) for different user roles","advertisement.test.js","",""
"","9604","Check video block & footer banner for plus user - Nightreign in desktop at 1100x800 viewport size","advertisement-tests","2026-05-29","passed","2026-05-29","Verify ad blocks within the desktop viewport range (1024-1232px) for different user roles","advertisement.test.js","",""
"","10685","Check video block & footer banner for unauthorized user - STS 2 in desktop at 1100x800 viewport size","advertisement-tests","2026-05-29","passed","2026-05-29","Verify ad blocks within the desktop viewport range (1024-1232px) for different user roles","advertisement.test.js","",""
"","8357","Check advertisement blocks for plus user - LoL in desktop at 800x800 viewport size","advertisement-tests","2026-05-29","passed","2026-05-29","Verify video ad block & footer banner within the desktop viewport range (768-1023px) for different user roles","advertisement.test.js","",""
"","16591","Check video block & footer banner for regular user - TFT in desktop at 1100x800 viewport size","advertisement-tests","2026-05-29","passed","2026-05-29","Verify ad blocks within the desktop viewport range (1024-1232px) for different user roles","advertisement.test.js","",""
"","9342","Check video block & footer banner for unauthorized user - Borderlands 4 in desktop at 800x800 viewport size","advertisement-tests","2026-05-29","passed","2026-05-29","Verify video ad block & footer banner within the desktop viewport range (768-1023px) for different user roles","advertisement.test.js","",""
"","11986","Check video block & footer banner for unauthorized user - Diablo 4 in mobile at 360x780 viewport size","advertisement-tests","2026-05-29","passed","2026-05-29","Verify ad blocks within the mobile viewport range (320–575px) for different user roles","advertisement.test.js","",""
"","15938","Check ad blocks for regular user - Marathon in mobile at 360x780 viewport size","advertisement-tests","2026-05-29","passed","2026-05-29","Verify ad blocks within the mobile viewport range (320–575px) for different user roles","advertisement.test.js","",""
"","6135","Check video block & footer banner for ad free user - Nightreign in desktop at 1100x800 viewport size","advertisement-tests","2026-05-29","passed","2026-05-29","Verify ad blocks within the desktop viewport range (1024-1232px) for different user roles","advertisement.test.js","",""
"","11159","Check video block, footer banner, L vertical banner for regular user - PoE 2 in desktop at 1280x800 viewport size","advertisement-tests","2026-05-29","passed","2026-05-29","Verify ad blocks within the desktop viewport range (1233-1411px) for different user roles","advertisement.test.js","",""
"","5142","Check advertisement blocks for plus user - STS 2 in desktop at 800x800 viewport size","advertisement-tests","2026-05-29","passed","2026-05-29","Verify video ad block & footer banner within the desktop viewport range (768-1023px) for different user roles","advertisement.test.js","",""
"","9818","Check video block, footer banner, L vertical banner for ad free user - Marvel Rivals in desktop at 1280x800 viewport size","advertisement-tests","2026-05-29","passed","2026-05-29","Verify ad blocks within the desktop viewport range (1233-1411px) for different user roles","advertisement.test.js","",""
"","13792","Check video block & footer banner for regular user - Riftbound in desktop at 1100x800 viewport size","advertisement-tests","2026-05-29","passed","2026-05-29","Verify ad blocks within the desktop viewport range (1024-1232px) for different user roles","advertisement.test.js","",""
"","8363","Check advertisement blocks for unauthorized user - 2XKO in desktop at 640x1024 viewport size","advertisement-tests","2026-05-29","passed","2026-05-29","Verify ad blocks within the desktop viewport range (576-767px) for different user roles","advertisement.test.js","",""
"","11776","Check video block, footer banner, L vertical banner for regular user - Monster Hunter Wilds in desktop at 1280x800 viewport size","advertisement-tests","2026-05-29","passed","2026-05-29","Verify ad blocks within the desktop viewport range (1233-1411px) for different user roles","advertisement.test.js","",""
"","7931","Check advertisement blocks for plus user - Overwatch in desktop at 800x800 viewport size","advertisement-tests","2026-05-29","passed","2026-05-29","Verify video ad block & footer banner within the desktop viewport range (768-1023px) for different user roles","advertisement.test.js","",""
"","10277","Check video block & footer banner for unauthorized user - Overwatch in mobile at 360x780 viewport size","advertisement-tests","2026-05-29","passed","2026-05-29","Verify ad blocks within the mobile viewport range (320–575px) for different user roles","advertisement.test.js","",""
"","13211","Check video block, footer banner, L vertical banner, S vertical banner for plus user - Diablo 4 in desktop at 1680x1050 viewport size","advertisement-tests","2026-05-29","passed","2026-05-29","Verify ad blocks within the desktop viewport range (>1412px) for different user roles","advertisement.test.js","",""
"","5604","Check video block, footer banner, L vertical banner for plus user - The Bazaar in desktop at 1280x800 viewport size","advertisement-tests","2026-05-29","passed","2026-05-29","Verify ad blocks within the desktop viewport range (1233-1411px) for different user roles","advertisement.test.js","",""
"","13080","Check video block, footer banner, L vertical banner, S vertical banner for plus user - PoE 2 in desktop at 1680x1050 viewport size","advertisement-tests","2026-05-29","passed","2026-05-29","Verify ad blocks within the desktop viewport range (>1412px) for different user roles","advertisement.test.js","",""
"","9691","Check video block & footer banner for unauthorized user - Monster Hunter Wilds in mobile at 360x780 viewport size","advertisement-tests","2026-05-29","passed","2026-05-29","Verify ad blocks within the mobile viewport range (320–575px) for different user roles","advertisement.test.js","",""
"","4924","Check video block, footer banner, L vertical banner for plus user - Borderlands 4 in desktop at 1280x800 viewport size","advertisement-tests","2026-05-29","passed","2026-05-29","Verify ad blocks within the desktop viewport range (1233-1411px) for different user roles","advertisement.test.js","",""
"","7839","Check advertisement blocks for ad free user - Hades 2 in desktop at 800x800 viewport size","advertisement-tests","2026-05-29","passed","2026-05-29","Verify video ad block & footer banner within the desktop viewport range (768-1023px) for different user roles","advertisement.test.js","",""
"","6496","Check video block & footer banner for plus user - PoE in desktop at 1100x800 viewport size","advertisement-tests","2026-05-29","passed","2026-05-29","Verify ad blocks within the desktop viewport range (1024-1232px) for different user roles","advertisement.test.js","",""
"","4998","Check advertisement blocks for plus user - PoE 2 in desktop at 640x1024 viewport size","advertisement-tests","2026-05-29","passed","2026-05-29","Verify ad blocks within the desktop viewport range (576-767px) for different user roles","advertisement.test.js","",""
"","13978","Check video block, footer banner, L vertical banner, S vertical banner for regular user - PoE in desktop at 1680x1050 viewport size","advertisement-tests","2026-05-29","passed","2026-05-29","Verify ad blocks within the desktop viewport range (>1412px) for different user roles","advertisement.test.js","",""
"","9224","Check advertisement blocks for plus user - Monster Hunter Wilds in desktop at 800x800 viewport size","advertisement-tests","2026-05-29","passed","2026-05-29","Verify video ad block & footer banner within the desktop viewport range (768-1023px) for different user roles","advertisement.test.js","",""
"","4694","Check video block & footer banner for plus user - LoL in desktop at 1100x800 viewport size","advertisement-tests","2026-05-29","passed","2026-05-29","Verify ad blocks within the desktop viewport range (1024-1232px) for different user roles","advertisement.test.js","",""
"","11736","Check video block, footer banner, L vertical banner, S vertical banner for ad free user - Marathon in desktop at 1680x1050 viewport size","advertisement-tests","2026-05-29","passed","2026-05-29","Verify ad blocks within the desktop viewport range (>1412px) for different user roles","advertisement.test.js","",""
"","19132","Check ad blocks for regular user - PoE in mobile at 360x780 viewport size","advertisement-tests","2026-05-29","passed","2026-05-29","Verify ad blocks within the mobile viewport range (320–575px) for different user roles","advertisement.test.js","",""
"","9149","Check advertisement blocks for unauthorized user - PoE in desktop at 640x1024 viewport size","advertisement-tests","2026-05-29","passed","2026-05-29","Verify ad blocks within the desktop viewport range (576-767px) for different user roles","advertisement.test.js","",""
"","7974","Check advertisement blocks for plus user - Deadlock in desktop at 800x800 viewport size","advertisement-tests","2026-05-29","passed","2026-05-29","Verify video ad block & footer banner within the desktop viewport range (768-1023px) for different user roles","advertisement.test.js","",""
"","6051","Check advertisement blocks for ad free user - Overwatch in desktop at 640x1024 viewport size","advertisement-tests","2026-05-29","passed","2026-05-29","Verify ad blocks within the desktop viewport range (576-767px) for different user roles","advertisement.test.js","",""
"","10548","Check advertisement blocks for unauthorized user - Monster Hunter Wilds in desktop at 640x1024 viewport size","advertisement-tests","2026-05-29","passed","2026-05-29","Verify ad blocks within the desktop viewport range (576-767px) for different user roles","advertisement.test.js","",""
"","15540","Check video block & footer banner for regular user - PoE in desktop at 1100x800 viewport size","advertisement-tests","2026-05-29","passed","2026-05-29","Verify ad blocks within the desktop viewport range (1024-1232px) for different user roles","advertisement.test.js","",""
"","10516","Check video block, footer banner, L vertical banner, S vertical banner for unauthorized user - Riftbound in desktop at 1680x1050 viewport size","advertisement-tests","2026-05-29","passed","2026-05-29","Verify ad blocks within the desktop viewport range (>1412px) for different user roles","advertisement.test.js","",""
"","10048","Check video block & footer banner for unauthorized user - Marvel Rivals in desktop at 1100x800 viewport size","advertisement-tests","2026-05-29","passed","2026-05-29","Verify ad blocks within the desktop viewport range (1024-1232px) for different user roles","advertisement.test.js","",""
"","9223","Check video block & footer banner for ad free user - 2XKO in desktop at 1100x800 viewport size","advertisement-tests","2026-05-29","passed","2026-05-29","Verify ad blocks within the desktop viewport range (1024-1232px) for different user roles","advertisement.test.js","",""
"","10694","Check video block, footer banner, L vertical banner for ad free user - Val in desktop at 1280x800 viewport size","advertisement-tests","2026-05-29","passed","2026-05-29","Verify ad blocks within the desktop viewport range (1233-1411px) for different user roles","advertisement.test.js","",""
"","8442","Check advertisement blocks for unauthorized user - Marvel Rivals in desktop at 640x1024 viewport size","advertisement-tests","2026-05-29","passed","2026-05-29","Verify ad blocks within the desktop viewport range (576-767px) for different user roles","advertisement.test.js","",""
"","6801","Check ad blocks for ad free user - Endfield in mobile at 360x780 viewport size","advertisement-tests","2026-05-29","passed","2026-05-29","Verify ad blocks within the mobile viewport range (320–575px) for different user roles","advertisement.test.js","",""
"","10583","Check video block & footer banner for regular user - Nightreign in desktop at 800x800 viewport size","advertisement-tests","2026-05-29","passed","2026-05-29","Verify video ad block & footer banner within the desktop viewport range (768-1023px) for different user roles","advertisement.test.js","",""
"","11357","Check video block, footer banner, L vertical banner, S vertical banner for plus user - LoL in desktop at 1680x1050 viewport size","advertisement-tests","2026-05-29","passed","2026-05-29","Verify ad blocks within the desktop viewport range (>1412px) for different user roles","advertisement.test.js","",""
"","13790","Check video block, footer banner, L vertical banner, S vertical banner for regular user - Borderlands 4 in desktop at 1680x1050 viewport size","advertisement-tests","2026-05-29","passed","2026-05-29","Verify ad blocks within the desktop viewport range (>1412px) for different user roles","advertisement.test.js","",""
"","14446","Check video block & footer banner for regular user - Monster Hunter Wilds in desktop at 800x800 viewport size","advertisement-tests","2026-05-29","passed","2026-05-29","Verify video ad block & footer banner within the desktop viewport range (768-1023px) for different user roles","advertisement.test.js","",""
"","6285","Check ad blocks for plus user - 2XKO in mobile at 360x780 viewport size","advertisement-tests","2026-05-29","passed","2026-05-29","Verify ad blocks within the mobile viewport range (320–575px) for different user roles","advertisement.test.js","",""
"","10649","Check video block & footer banner for unauthorized user - The Bazaar in desktop at 800x800 viewport size","advertisement-tests","2026-05-29","passed","2026-05-29","Verify video ad block & footer banner within the desktop viewport range (768-1023px) for different user roles","advertisement.test.js","",""
"","11504","Check video block & footer banner for regular user - ZZZ in desktop at 1100x800 viewport size","advertisement-tests","2026-05-29","passed","2026-05-29","Verify ad blocks within the desktop viewport range (1024-1232px) for different user roles","advertisement.test.js","",""
"","7613","Check advertisement blocks for ad free user - Marvel Rivals in desktop at 640x1024 viewport size","advertisement-tests","2026-05-29","passed","2026-05-29","Verify ad blocks within the desktop viewport range (576-767px) for different user roles","advertisement.test.js","",""
"","11640","Check video block & footer banner for regular user - Overwatch in desktop at 800x800 viewport size","advertisement-tests","2026-05-29","passed","2026-05-29","Verify video ad block & footer banner within the desktop viewport range (768-1023px) for different user roles","advertisement.test.js","",""
"","18690","Check ad blocks for regular user - LoL in mobile at 360x780 viewport size","advertisement-tests","2026-05-29","passed","2026-05-29","Verify ad blocks within the mobile viewport range (320–575px) for different user roles","advertisement.test.js","",""
"","9908","Check advertisement blocks for unauthorized user - TFT in desktop at 640x1024 viewport size","advertisement-tests","2026-05-29","passed","2026-05-29","Verify ad blocks within the desktop viewport range (576-767px) for different user roles","advertisement.test.js","",""
"","7487","Check video block, footer banner, L vertical banner for unauthorized user - ZZZ in desktop at 1280x800 viewport size","advertisement-tests","2026-05-29","passed","2026-05-29","Verify ad blocks within the desktop viewport range (1233-1411px) for different user roles","advertisement.test.js","",""
"","7205","Check video block & footer banner for plus user - Diablo 4 in desktop at 1100x800 viewport size","advertisement-tests","2026-05-29","passed","2026-05-29","Verify ad blocks within the desktop viewport range (1024-1232px) for different user roles","advertisement.test.js","",""
"","13246","Check video block, footer banner, L vertical banner for regular user - The Bazaar in desktop at 1280x800 viewport size","advertisement-tests","2026-05-29","passed","2026-05-29","Verify ad blocks within the desktop viewport range (1233-1411px) for different user roles","advertisement.test.js","",""
"","13698","Check video block & footer banner for ad free user - LoL in desktop at 1100x800 viewport size","advertisement-tests","2026-05-29","passed","2026-05-29","Verify ad blocks within the desktop viewport range (1024-1232px) for different user roles","advertisement.test.js","",""
"","10000","Check video block & footer banner for unauthorized user - LoL in desktop at 1100x800 viewport size","advertisement-tests","2026-05-29","passed","2026-05-29","Verify ad blocks within the desktop viewport range (1024-1232px) for different user roles","advertisement.test.js","",""
"","2362","Check video block, footer banner, L vertical banner for plus user - TFT in desktop at 1280x800 viewport size","advertisement-tests","2026-05-29","passed","2026-05-29","Verify ad blocks within the desktop viewport range (1233-1411px) for different user roles","advertisement.test.js","",""
"","7836","Check advertisement blocks for plus user - Diablo 4 in desktop at 800x800 viewport size","advertisement-tests","2026-05-29","passed","2026-05-29","Verify video ad block & footer banner within the desktop viewport range (768-1023px) for different user roles","advertisement.test.js","",""
"","7463","Check ad blocks for plus user - Monster Hunter Wilds in mobile at 360x780 viewport size","advertisement-tests","2026-05-29","passed","2026-05-29","Verify ad blocks within the mobile viewport range (320–575px) for different user roles","advertisement.test.js","",""
"","10661","Check advertisement blocks for regular user - PoE in desktop at 640x1024 viewport size","advertisement-tests","2026-05-29","passed","2026-05-29","Verify ad blocks within the desktop viewport range (576-767px) for different user roles","advertisement.test.js","",""
"","6443","Check advertisement blocks for plus user - STS 2 in desktop at 640x1024 viewport size","advertisement-tests","2026-05-29","passed","2026-05-29","Verify ad blocks within the desktop viewport range (576-767px) for different user roles","advertisement.test.js","",""
"","10857","Check ad blocks for plus user - PoE in mobile at 360x780 viewport size","advertisement-tests","2026-05-29","passed","2026-05-29","Verify ad blocks within the mobile viewport range (320–575px) for different user roles","advertisement.test.js","",""
"","6911","Check advertisement blocks for ad free user - Marathon in desktop at 640x1024 viewport size","advertisement-tests","2026-05-29","passed","2026-05-29","Verify ad blocks within the desktop viewport range (576-767px) for different user roles","advertisement.test.js","",""
"","15199","Check video block, footer banner, L vertical banner, S vertical banner for ad free user - Monster Hunter Wilds in desktop at 1680x1050 viewport size","advertisement-tests","2026-05-29","passed","2026-05-29","Verify ad blocks within the desktop viewport range (>1412px) for different user roles","advertisement.test.js","",""
"","11037","Check advertisement blocks for unauthorized user - ZZZ in desktop at 640x1024 viewport size","advertisement-tests","2026-05-29","passed","2026-05-29","Verify ad blocks within the desktop viewport range (576-767px) for different user roles","advertisement.test.js","",""
"","6511","Check advertisement blocks for plus user - Riftbound in desktop at 800x800 viewport size","advertisement-tests","2026-05-29","passed","2026-05-29","Verify video ad block & footer banner within the desktop viewport range (768-1023px) for different user roles","advertisement.test.js","",""
"","7622","Check video block, footer banner, L vertical banner, S vertical banner for plus user - Riftbound in desktop at 1680x1050 viewport size","advertisement-tests","2026-05-29","passed","2026-05-29","Verify ad blocks within the desktop viewport range (>1412px) for different user roles","advertisement.test.js","",""
"","12556","Check video block, footer banner, L vertical banner, S vertical banner for unauthorized user - The Bazaar in desktop at 1680x1050 viewport size","advertisement-tests","2026-05-29","passed","2026-05-29","Verify ad blocks within the desktop viewport range (>1412px) for different user roles","advertisement.test.js","",""
"","12476","Check video block & footer banner for regular user - PoE 2 in desktop at 800x800 viewport size","advertisement-tests","2026-05-29","passed","2026-05-29","Verify video ad block & footer banner within the desktop viewport range (768-1023px) for different user roles","advertisement.test.js","",""
"","9698","Check video block & footer banner for regular user - Marathon in desktop at 800x800 viewport size","advertisement-tests","2026-05-29","passed","2026-05-29","Verify video ad block & footer banner within the desktop viewport range (768-1023px) for different user roles","advertisement.test.js","",""
"","13083","Check video block, footer banner, L vertical banner for regular user - Overwatch in desktop at 1280x800 viewport size","advertisement-tests","2026-05-29","passed","2026-05-29","Verify ad blocks within the desktop viewport range (1233-1411px) for different user roles","advertisement.test.js","",""
"","7624","Check advertisement blocks for plus user - Diablo 4 in desktop at 640x1024 viewport size","advertisement-tests","2026-05-29","passed","2026-05-29","Verify ad blocks within the desktop viewport range (576-767px) for different user roles","advertisement.test.js","",""
"","13568","Check video block, footer banner, L vertical banner, S vertical banner for regular user - Monster Hunter Wilds in desktop at 1680x1050 viewport size","advertisement-tests","2026-05-29","passed","2026-05-29","Verify ad blocks within the desktop viewport range (>1412px) for different user roles","advertisement.test.js","",""
"","9677","Check video block & footer banner for unauthorized user - STS 2 in desktop at 800x800 viewport size","advertisement-tests","2026-05-29","passed","2026-05-29","Verify video ad block & footer banner within the desktop viewport range (768-1023px) for different user roles","advertisement.test.js","",""
"","8905","Check video block, footer banner, L vertical banner for unauthorized user - The Bazaar in desktop at 1280x800 viewport size","advertisement-tests","2026-05-29","passed","2026-05-29","Verify ad blocks within the desktop viewport range (1233-1411px) for different user roles","advertisement.test.js","",""
"","10182","Check video block & footer banner for regular user - Marvel Rivals in desktop at 800x800 viewport size","advertisement-tests","2026-05-29","passed","2026-05-29","Verify video ad block & footer banner within the desktop viewport range (768-1023px) for different user roles","advertisement.test.js","",""
"","3393","Check video block & footer banner for ad free user - Borderlands 4 in desktop at 1100x800 viewport size","advertisement-tests","2026-05-29","passed","2026-05-29","Verify ad blocks within the desktop viewport range (1024-1232px) for different user roles","advertisement.test.js","",""
"","6855","Check advertisement blocks for plus user - 2XKO in desktop at 640x1024 viewport size","advertisement-tests","2026-05-29","passed","2026-05-29","Verify ad blocks within the desktop viewport range (576-767px) for different user roles","advertisement.test.js","",""
"","13035","Check video block & footer banner for regular user - Deadlock in desktop at 1100x800 viewport size","advertisement-tests","2026-05-29","passed","2026-05-29","Verify ad blocks within the desktop viewport range (1024-1232px) for different user roles","advertisement.test.js","",""
"","7948","Check advertisement blocks for ad free user - PoE 2 in desktop at 800x800 viewport size","advertisement-tests","2026-05-29","passed","2026-05-29","Verify video ad block & footer banner within the desktop viewport range (768-1023px) for different user roles","advertisement.test.js","",""
"","9756","Check video block, footer banner, L vertical banner, S vertical banner for plus user - Endfield in desktop at 1680x1050 viewport size","advertisement-tests","2026-05-29","passed","2026-05-29","Verify ad blocks within the desktop viewport range (>1412px) for different user roles","advertisement.test.js","",""
"","5354","Check video block, footer banner, L vertical banner for plus user - ZZZ in desktop at 1280x800 viewport size","advertisement-tests","2026-05-29","passed","2026-05-29","Verify ad blocks within the desktop viewport range (1233-1411px) for different user roles","advertisement.test.js","",""
"","13843","Check video block, footer banner, L vertical banner for regular user - Marathon in desktop at 1280x800 viewport size","advertisement-tests","2026-05-29","passed","2026-05-29","Verify ad blocks within the desktop viewport range (1233-1411px) for different user roles","advertisement.test.js","",""
"","9849","Check advertisement blocks for ad free user - Diablo 4 in desktop at 800x800 viewport size","advertisement-tests","2026-05-29","passed","2026-05-29","Verify video ad block & footer banner within the desktop viewport range (768-1023px) for different user roles","advertisement.test.js","",""
"","2000","Check video block, footer banner, L vertical banner for plus user - LoL in desktop at 1280x800 viewport size","advertisement-tests","2026-05-29","passed","2026-05-29","Verify ad blocks within the desktop viewport range (1233-1411px) for different user roles","advertisement.test.js","",""
"","14916","Check video block & footer banner for regular user - Overwatch in desktop at 1100x800 viewport size","advertisement-tests","2026-05-29","passed","2026-05-29","Verify ad blocks within the desktop viewport range (1024-1232px) for different user roles","advertisement.test.js","",""
"","6504","Check advertisement blocks for ad free user - Endfield in desktop at 640x1024 viewport size","advertisement-tests","2026-05-29","passed","2026-05-29","Verify ad blocks within the desktop viewport range (576-767px) for different user roles","advertisement.test.js","",""
"","4589","Check video block, footer banner, L vertical banner for plus user - STS 2 in desktop at 1280x800 viewport size","advertisement-tests","2026-05-29","passed","2026-05-29","Verify ad blocks within the desktop viewport range (1233-1411px) for different user roles","advertisement.test.js","",""
"","10038","Check video block, footer banner, L vertical banner, S vertical banner for unauthorized user - Marathon in desktop at 1680x1050 viewport size","advertisement-tests","2026-05-29","passed","2026-05-29","Verify ad blocks within the desktop viewport range (>1412px) for different user roles","advertisement.test.js","",""
"","2853","Check advertisement blocks for ad free user - Val in desktop at 640x1024 viewport size","advertisement-tests","2026-05-29","passed","2026-05-29","Verify ad blocks within the desktop viewport range (576-767px) for different user roles","advertisement.test.js","",""
"","8330","Check advertisement blocks for ad free user - ZZZ in desktop at 640x1024 viewport size","advertisement-tests","2026-05-29","passed","2026-05-29","Verify ad blocks within the desktop viewport range (576-767px) for different user roles","advertisement.test.js","",""
"","5548","Check video block & footer banner for plus user - Overwatch in desktop at 1100x800 viewport size","advertisement-tests","2026-05-29","passed","2026-05-29","Verify ad blocks within the desktop viewport range (1024-1232px) for different user roles","advertisement.test.js","",""
"","11018","Check advertisement blocks for unauthorized user - STS 2 in desktop at 640x1024 viewport size","advertisement-tests","2026-05-29","passed","2026-05-29","Verify ad blocks within the desktop viewport range (576-767px) for different user roles","advertisement.test.js","",""
"","1986","Check video block & footer banner for plus user - STS 2 in desktop at 1100x800 viewport size","advertisement-tests","2026-05-29","passed","2026-05-29","Verify ad blocks within the desktop viewport range (1024-1232px) for different user roles","advertisement.test.js","",""
"","6532","Check advertisement blocks for plus user - Borderlands 4 in desktop at 640x1024 viewport size","advertisement-tests","2026-05-29","passed","2026-05-29","Verify ad blocks within the desktop viewport range (576-767px) for different user roles","advertisement.test.js","",""
"","9558","Check video block, footer banner, L vertical banner for unauthorized user - PoE 2 in desktop at 1280x800 viewport size","advertisement-tests","2026-05-29","passed","2026-05-29","Verify ad blocks within the desktop viewport range (1233-1411px) for different user roles","advertisement.test.js","",""
"","2845","Check video block, footer banner, L vertical banner for plus user - Val in desktop at 1280x800 viewport size","advertisement-tests","2026-05-29","passed","2026-05-29","Verify ad blocks within the desktop viewport range (1233-1411px) for different user roles","advertisement.test.js","",""
"","3593","Check video block, footer banner, L vertical banner for plus user - Marathon in desktop at 1280x800 viewport size","advertisement-tests","2026-05-29","passed","2026-05-29","Verify ad blocks within the desktop viewport range (1233-1411px) for different user roles","advertisement.test.js","",""
"","9250","Check advertisement blocks for regular user - Riftbound in desktop at 640x1024 viewport size","advertisement-tests","2026-05-29","passed","2026-05-29","Verify ad blocks within the desktop viewport range (576-767px) for different user roles","advertisement.test.js","",""
"","15524","Check video block, footer banner, L vertical banner, S vertical banner for ad free user - Riftbound in desktop at 1680x1050 viewport size","advertisement-tests","2026-05-29","passed","2026-05-29","Verify ad blocks within the desktop viewport range (>1412px) for different user roles","advertisement.test.js","",""
"","6775","Check video block, footer banner, L vertical banner for plus user - Diablo 4 in desktop at 1280x800 viewport size","advertisement-tests","2026-05-29","passed","2026-05-29","Verify ad blocks within the desktop viewport range (1233-1411px) for different user roles","advertisement.test.js","",""
"","7642","Check video block, footer banner, L vertical banner for ad free user - 2XKO in desktop at 1280x800 viewport size","advertisement-tests","2026-05-29","passed","2026-05-29","Verify ad blocks within the desktop viewport range (1233-1411px) for different user roles","advertisement.test.js","",""
"","4259","Check advertisement blocks for unauthorized user - Nightreign in desktop at 640x1024 viewport size","advertisement-tests","2026-05-29","passed","2026-05-29","Verify ad blocks within the desktop viewport range (576-767px) for different user roles","advertisement.test.js","",""
"","13516","Check video block & footer banner for ad free user - TFT in desktop at 1100x800 viewport size","advertisement-tests","2026-05-29","passed","2026-05-29","Verify ad blocks within the desktop viewport range (1024-1232px) for different user roles","advertisement.test.js","",""
"","7194","Check ad blocks for ad free user - Nightreign in mobile at 360x780 viewport size","advertisement-tests","2026-05-29","passed","2026-05-29","Verify ad blocks within the mobile viewport range (320–575px) for different user roles","advertisement.test.js","",""
"","2128","Check video block & footer banner for plus user - Deadlock in desktop at 1100x800 viewport size","advertisement-tests","2026-05-29","passed","2026-05-29","Verify ad blocks within the desktop viewport range (1024-1232px) for different user roles","advertisement.test.js","",""
"","9300","Check advertisement blocks for ad free user - LoL in desktop at 640x1024 viewport size","advertisement-tests","2026-05-29","passed","2026-05-29","Verify ad blocks within the desktop viewport range (576-767px) for different user roles","advertisement.test.js","",""
"","13711","Check video block, footer banner, L vertical banner, S vertical banner for ad free user - Val in desktop at 1680x1050 viewport size","advertisement-tests","2026-05-29","passed","2026-05-29","Verify ad blocks within the desktop viewport range (>1412px) for different user roles","advertisement.test.js","",""
"","10839","Check video block & footer banner for unauthorized user - Nightreign in desktop at 800x800 viewport size","advertisement-tests","2026-05-29","passed","2026-05-29","Verify video ad block & footer banner within the desktop viewport range (768-1023px) for different user roles","advertisement.test.js","",""
"","11068","Check video block, footer banner, L vertical banner, S vertical banner for ad free user - STS 2 in desktop at 1680x1050 viewport size","advertisement-tests","2026-05-29","passed","2026-05-29","Verify ad blocks within the desktop viewport range (>1412px) for different user roles","advertisement.test.js","",""
"","10339","Check video block & footer banner for unauthorized user - Endfield in desktop at 1100x800 viewport size","advertisement-tests","2026-05-29","passed","2026-05-29","Verify ad blocks within the desktop viewport range (1024-1232px) for different user roles","advertisement.test.js","",""
"","8560","Check advertisement blocks for unauthorized user - Deadlock in desktop at 640x1024 viewport size","advertisement-tests","2026-05-29","passed","2026-05-29","Verify ad blocks within the desktop viewport range (576-767px) for different user roles","advertisement.test.js","",""
"","8133","Check video block & footer banner for ad free user - Riftbound in desktop at 1100x800 viewport size","advertisement-tests","2026-05-29","passed","2026-05-29","Verify ad blocks within the desktop viewport range (1024-1232px) for different user roles","advertisement.test.js","",""
"","5181","Check advertisement blocks for regular user - Nightreign in desktop at 640x1024 viewport size","advertisement-tests","2026-05-29","passed","2026-05-29","Verify ad blocks within the desktop viewport range (576-767px) for different user roles","advertisement.test.js","",""
"","6520","Check advertisement blocks for ad free user - Riftbound in desktop at 640x1024 viewport size","advertisement-tests","2026-05-29","passed","2026-05-29","Verify ad blocks within the desktop viewport range (576-767px) for different user roles","advertisement.test.js","",""
"","12818","Check video block & footer banner for regular user - Diablo 4 in desktop at 1100x800 viewport size","advertisement-tests","2026-05-29","passed","2026-05-29","Verify ad blocks within the desktop viewport range (1024-1232px) for different user roles","advertisement.test.js","",""
"","10453","Check advertisement blocks for plus user - Hades 2 in desktop at 800x800 viewport size","advertisement-tests","2026-05-29","passed","2026-05-29","Verify video ad block & footer banner within the desktop viewport range (768-1023px) for different user roles","advertisement.test.js","",""
"","7166","Check ad blocks for ad free user - Monster Hunter Wilds in mobile at 360x780 viewport size","advertisement-tests","2026-05-29","passed","2026-05-29","Verify ad blocks within the mobile viewport range (320–575px) for different user roles","advertisement.test.js","",""
"","6059","Check advertisement blocks for plus user - Endfield in desktop at 640x1024 viewport size","advertisement-tests","2026-05-29","passed","2026-05-29","Verify ad blocks within the desktop viewport range (576-767px) for different user roles","advertisement.test.js","",""
"","11013","Check video block, footer banner, L vertical banner, S vertical banner for unauthorized user - Val in desktop at 1680x1050 viewport size","advertisement-tests","2026-05-29","passed","2026-05-29","Verify ad blocks within the desktop viewport range (>1412px) for different user roles","advertisement.test.js","",""
"","22416","Check ad blocks for regular user - Deadlock in mobile at 360x780 viewport size","advertisement-tests","2026-05-29","passed","2026-05-29","Verify ad blocks within the mobile viewport range (320–575px) for different user roles","advertisement.test.js","",""
"","8084","Check ad blocks for regular user - Nightreign in mobile at 360x780 viewport size","advertisement-tests","2026-05-29","passed","2026-05-29","Verify ad blocks within the mobile viewport range (320–575px) for different user roles","advertisement.test.js","",""
"","9665","Check video block, footer banner, L vertical banner, S vertical banner for regular user - 2XKO in desktop at 1680x1050 viewport size","advertisement-tests","2026-05-29","passed","2026-05-29","Verify ad blocks within the desktop viewport range (>1412px) for different user roles","advertisement.test.js","",""
"","9903","Check video block & footer banner for unauthorized user - ZZZ in desktop at 800x800 viewport size","advertisement-tests","2026-05-29","passed","2026-05-29","Verify video ad block & footer banner within the desktop viewport range (768-1023px) for different user roles","advertisement.test.js","",""
"","8735","Check video block, footer banner, L vertical banner for unauthorized user - Nightreign in desktop at 1280x800 viewport size","advertisement-tests","2026-05-29","passed","2026-05-29","Verify ad blocks within the desktop viewport range (1233-1411px) for different user roles","advertisement.test.js","",""
"","10538","Check video block, footer banner, L vertical banner, S vertical banner for unauthorized user - Diablo 4 in desktop at 1680x1050 viewport size","advertisement-tests","2026-05-29","passed","2026-05-29","Verify ad blocks within the desktop viewport range (>1412px) for different user roles","advertisement.test.js","",""
"","7270","Check advertisement blocks for plus user - PoE in desktop at 640x1024 viewport size","advertisement-tests","2026-05-29","passed","2026-05-29","Verify ad blocks within the desktop viewport range (576-767px) for different user roles","advertisement.test.js","",""
"","11543","Check video block & footer banner for regular user - STS 2 in desktop at 1100x800 viewport size","advertisement-tests","2026-05-29","passed","2026-05-29","Verify ad blocks within the desktop viewport range (1024-1232px) for different user roles","advertisement.test.js","",""
"","10464","Check video block, footer banner, L vertical banner for ad free user - Diablo 4 in desktop at 1280x800 viewport size","advertisement-tests","2026-05-29","passed","2026-05-29","Verify ad blocks within the desktop viewport range (1233-1411px) for different user roles","advertisement.test.js","",""
"","1880","Check video block, footer banner, L vertical banner for ad free user - Marathon in desktop at 1280x800 viewport size","advertisement-tests","2026-05-29","passed","2026-05-29","Verify ad blocks within the desktop viewport range (1233-1411px) for different user roles","advertisement.test.js","",""
"","4896","Check advertisement blocks for plus user - TFT in desktop at 640x1024 viewport size","advertisement-tests","2026-05-29","passed","2026-05-29","Verify ad blocks within the desktop viewport range (576-767px) for different user roles","advertisement.test.js","",""
"","5559","Check advertisement blocks for plus user - Riftbound in desktop at 640x1024 viewport size","advertisement-tests","2026-05-29","passed","2026-05-29","Verify ad blocks within the desktop viewport range (576-767px) for different user roles","advertisement.test.js","",""
"","13736","Check video block & footer banner for unauthorized user - LoL in mobile at 360x780 viewport size","advertisement-tests","2026-05-29","passed","2026-05-29","Verify ad blocks within the mobile viewport range (320–575px) for different user roles","advertisement.test.js","",""
"","10474","Check video block, footer banner, L vertical banner for unauthorized user - Overwatch in desktop at 1280x800 viewport size","advertisement-tests","2026-05-29","passed","2026-05-29","Verify ad blocks within the desktop viewport range (1233-1411px) for different user roles","advertisement.test.js","",""
"","8786","Check video block, footer banner, L vertical banner, S vertical banner for regular user - LoL in desktop at 1680x1050 viewport size","advertisement-tests","2026-05-29","passed","2026-05-29","Verify ad blocks within the desktop viewport range (>1412px) for different user roles","advertisement.test.js","",""
"","5973","Check advertisement blocks for plus user - Endfield in desktop at 800x800 viewport size","advertisement-tests","2026-05-29","passed","2026-05-29","Verify video ad block & footer banner within the desktop viewport range (768-1023px) for different user roles","advertisement.test.js","",""
"","7086","Check ad blocks for plus user - STS 2 in mobile at 360x780 viewport size","advertisement-tests","2026-05-29","passed","2026-05-29","Verify ad blocks within the mobile viewport range (320–575px) for different user roles","advertisement.test.js","",""
"","8430","Check video block, footer banner, L vertical banner, S vertical banner for unauthorized user - Monster Hunter Wilds in desktop at 1680x1050 viewport size","advertisement-tests","2026-05-29","passed","2026-05-29","Verify ad blocks within the desktop viewport range (>1412px) for different user roles","advertisement.test.js","",""
"","15126","Check video block, footer banner, L vertical banner for regular user - LoL in desktop at 1280x800 viewport size","advertisement-tests","2026-05-29","passed","2026-05-29","Verify ad blocks within the desktop viewport range (1233-1411px) for different user roles","advertisement.test.js","",""
"","3109","Check video block & footer banner for plus user - PoE 2 in desktop at 1100x800 viewport size","advertisement-tests","2026-05-29","passed","2026-05-29","Verify ad blocks within the desktop viewport range (1024-1232px) for different user roles","advertisement.test.js","",""
"","8993","Check video block & footer banner for unauthorized user - Riftbound in desktop at 800x800 viewport size","advertisement-tests","2026-05-29","passed","2026-05-29","Verify video ad block & footer banner within the desktop viewport range (768-1023px) for different user roles","advertisement.test.js","",""
"","9126","Check ad blocks for plus user - Marvel Rivals in mobile at 360x780 viewport size","advertisement-tests","2026-05-29","passed","2026-05-29","Verify ad blocks within the mobile viewport range (320–575px) for different user roles","advertisement.test.js","",""
"","6111","Check ad blocks for ad free user - Marvel Rivals in mobile at 360x780 viewport size","advertisement-tests","2026-05-29","passed","2026-05-29","Verify ad blocks within the mobile viewport range (320–575px) for different user roles","advertisement.test.js","",""
"","5802","Check video block & footer banner for ad free user - Monster Hunter Wilds in desktop at 1100x800 viewport size","advertisement-tests","2026-05-29","passed","2026-05-29","Verify ad blocks within the desktop viewport range (1024-1232px) for different user roles","advertisement.test.js","",""
"","7960","Check ad blocks for plus user - LoL in mobile at 360x780 viewport size","advertisement-tests","2026-05-29","passed","2026-05-29","Verify ad blocks within the mobile viewport range (320–575px) for different user roles","advertisement.test.js","",""
"","11183","Check ad blocks for plus user - Riftbound in mobile at 360x780 viewport size","advertisement-tests","2026-05-29","passed","2026-05-29","Verify ad blocks within the mobile viewport range (320–575px) for different user roles","advertisement.test.js","",""
"","8259","Check advertisement blocks for ad free user - Nightreign in desktop at 800x800 viewport size","advertisement-tests","2026-05-29","passed","2026-05-29","Verify video ad block & footer banner within the desktop viewport range (768-1023px) for different user roles","advertisement.test.js","",""
"","16666","Check video block & footer banner for regular user - PoE 2 in desktop at 1100x800 viewport size","advertisement-tests","2026-05-29","passed","2026-05-29","Verify ad blocks within the desktop viewport range (1024-1232px) for different user roles","advertisement.test.js","",""
"","10968","Check video block & footer banner for unauthorized user - TFT in desktop at 1100x800 viewport size","advertisement-tests","2026-05-29","passed","2026-05-29","Verify ad blocks within the desktop viewport range (1024-1232px) for different user roles","advertisement.test.js","",""
"","9506","Check advertisement blocks for unauthorized user - Diablo 4 in desktop at 640x1024 viewport size","advertisement-tests","2026-05-29","passed","2026-05-29","Verify ad blocks within the desktop viewport range (576-767px) for different user roles","advertisement.test.js","",""
"","23156","Check video block & footer banner for plus user - Marathon in desktop at 1100x800 viewport size","advertisement-tests","2026-05-29","failed","2026-05-29","Verify ad blocks within the desktop viewport range (1024-1232px) for different user roles","advertisement.test.js","",""
"","17614","Check ad blocks for regular user - Riftbound in mobile at 360x780 viewport size","advertisement-tests","2026-05-29","passed","2026-05-29","Verify ad blocks within the mobile viewport range (320–575px) for different user roles","advertisement.test.js","",""
"","4418","Check video block, footer banner, L vertical banner for plus user - Nightreign in desktop at 1280x800 viewport size","advertisement-tests","2026-05-29","passed","2026-05-29","Verify ad blocks within the desktop viewport range (1233-1411px) for different user roles","advertisement.test.js","",""
"","10829","Check video block & footer banner for regular user - STS 2 in desktop at 800x800 viewport size","advertisement-tests","2026-05-29","passed","2026-05-29","Verify video ad block & footer banner within the desktop viewport range (768-1023px) for different user roles","advertisement.test.js","",""
"","11306","Check video block & footer banner for unauthorized user - Hades 2 in mobile at 360x780 viewport size","advertisement-tests","2026-05-29","passed","2026-05-29","Verify ad blocks within the mobile viewport range (320–575px) for different user roles","advertisement.test.js","",""
"","7279","Check ad blocks for ad free user - Borderlands 4 in mobile at 360x780 viewport size","advertisement-tests","2026-05-29","passed","2026-05-29","Verify ad blocks within the mobile viewport range (320–575px) for different user roles","advertisement.test.js","",""
"","10901","Check video block, footer banner, L vertical banner for regular user - 2XKO in desktop at 1280x800 viewport size","advertisement-tests","2026-05-29","passed","2026-05-29","Verify ad blocks within the desktop viewport range (1233-1411px) for different user roles","advertisement.test.js","",""
"","10323","Check video block, footer banner, L vertical banner for unauthorized user - Monster Hunter Wilds in desktop at 1280x800 viewport size","advertisement-tests","2026-05-29","passed","2026-05-29","Verify ad blocks within the desktop viewport range (1233-1411px) for different user roles","advertisement.test.js","",""
"","9852","Check ad blocks for plus user - Borderlands 4 in mobile at 360x780 viewport size","advertisement-tests","2026-05-29","passed","2026-05-29","Verify ad blocks within the mobile viewport range (320–575px) for different user roles","advertisement.test.js","",""
"","7246","Check advertisement blocks for plus user - Overwatch in desktop at 640x1024 viewport size","advertisement-tests","2026-05-29","passed","2026-05-29","Verify ad blocks within the desktop viewport range (576-767px) for different user roles","advertisement.test.js","",""
"","10844","Check video block, footer banner, L vertical banner, S vertical banner for plus user - Val in desktop at 1680x1050 viewport size","advertisement-tests","2026-05-29","passed","2026-05-29","Verify ad blocks within the desktop viewport range (>1412px) for different user roles","advertisement.test.js","",""
"","8226","Check advertisement blocks for plus user - PoE in desktop at 800x800 viewport size","advertisement-tests","2026-05-29","passed","2026-05-29","Verify video ad block & footer banner within the desktop viewport range (768-1023px) for different user roles","advertisement.test.js","",""
"","8883","Check ad blocks for plus user - PoE 2 in mobile at 360x780 viewport size","advertisement-tests","2026-05-29","passed","2026-05-29","Verify ad blocks within the mobile viewport range (320–575px) for different user roles","advertisement.test.js","",""
"","14153","Check video block, footer banner, L vertical banner, S vertical banner for ad free user - Overwatch in desktop at 1680x1050 viewport size","advertisement-tests","2026-05-29","passed","2026-05-29","Verify ad blocks within the desktop viewport range (>1412px) for different user roles","advertisement.test.js","",""
"","8948","Check video block & footer banner for ad free user - Val in desktop at 1100x800 viewport size","advertisement-tests","2026-05-29","passed","2026-05-29","Verify ad blocks within the desktop viewport range (1024-1232px) for different user roles","advertisement.test.js","",""
"","7863","Check advertisement blocks for ad free user - The Bazaar in desktop at 800x800 viewport size","advertisement-tests","2026-05-29","passed","2026-05-29","Verify video ad block & footer banner within the desktop viewport range (768-1023px) for different user roles","advertisement.test.js","",""
"","10895","Check video block, footer banner, L vertical banner, S vertical banner for plus user - ZZZ in desktop at 1680x1050 viewport size","advertisement-tests","2026-05-29","passed","2026-05-29","Verify ad blocks within the desktop viewport range (>1412px) for different user roles","advertisement.test.js","",""
"","15394","Check ad blocks for regular user - Diablo 4 in mobile at 360x780 viewport size","advertisement-tests","2026-05-29","passed","2026-05-29","Verify ad blocks within the mobile viewport range (320–575px) for different user roles","advertisement.test.js","",""
"","11988","Check video block, footer banner, L vertical banner for regular user - Val in desktop at 1280x800 viewport size","advertisement-tests","2026-05-29","passed","2026-05-29","Verify ad blocks within the desktop viewport range (1233-1411px) for different user roles","advertisement.test.js","",""
"","13238","Check video block, footer banner, L vertical banner, S vertical banner for ad free user - ZZZ in desktop at 1680x1050 viewport size","advertisement-tests","2026-05-29","passed","2026-05-29","Verify ad blocks within the desktop viewport range (>1412px) for different user roles","advertisement.test.js","",""
"","18415","Check ad blocks for regular user - Hades 2 in mobile at 360x780 viewport size","advertisement-tests","2026-05-29","passed","2026-05-29","Verify ad blocks within the mobile viewport range (320–575px) for different user roles","advertisement.test.js","",""
"","16704","Check video block, footer banner, L vertical banner, S vertical banner for regular user - STS 2 in desktop at 1680x1050 viewport size","advertisement-tests","2026-05-29","passed","2026-05-29","Verify ad blocks within the desktop viewport range (>1412px) for different user roles","advertisement.test.js","",""
"","9331","Check ad blocks for plus user - Deadlock in mobile at 360x780 viewport size","advertisement-tests","2026-05-29","passed","2026-05-29","Verify ad blocks within the mobile viewport range (320–575px) for different user roles","advertisement.test.js","",""
"","11319","Check video block & footer banner for regular user - Diablo 4 in desktop at 800x800 viewport size","advertisement-tests","2026-05-29","passed","2026-05-29","Verify video ad block & footer banner within the desktop viewport range (768-1023px) for different user roles","advertisement.test.js","",""
"","9416","Check advertisement blocks for regular user - 2XKO in desktop at 640x1024 viewport size","advertisement-tests","2026-05-29","passed","2026-05-29","Verify ad blocks within the desktop viewport range (576-767px) for different user roles","advertisement.test.js","",""
"","11533","Check advertisement blocks for regular user - Overwatch in desktop at 640x1024 viewport size","advertisement-tests","2026-05-29","passed","2026-05-29","Verify ad blocks within the desktop viewport range (576-767px) for different user roles","advertisement.test.js","",""
"","5588","Check video block, footer banner, L vertical banner for ad free user - Endfield in desktop at 1280x800 viewport size","advertisement-tests","2026-05-29","passed","2026-05-29","Verify ad blocks within the desktop viewport range (1233-1411px) for different user roles","advertisement.test.js","",""
"","9838","Check video block, footer banner, L vertical banner, S vertical banner for unauthorized user - Marvel Rivals in desktop at 1680x1050 viewport size","advertisement-tests","2026-05-29","passed","2026-05-29","Verify ad blocks within the desktop viewport range (>1412px) for different user roles","advertisement.test.js","",""
"","11081","Check video block, footer banner, L vertical banner, S vertical banner for ad free user - Borderlands 4 in desktop at 1680x1050 viewport size","advertisement-tests","2026-05-29","passed","2026-05-29","Verify ad blocks within the desktop viewport range (>1412px) for different user roles","advertisement.test.js","",""
"","6636","Check advertisement blocks for plus user - Marvel Rivals in desktop at 800x800 viewport size","advertisement-tests","2026-05-29","passed","2026-05-29","Verify video ad block & footer banner within the desktop viewport range (768-1023px) for different user roles","advertisement.test.js","",""
"","6392","Check advertisement blocks for plus user - Marathon in desktop at 640x1024 viewport size","advertisement-tests","2026-05-29","passed","2026-05-29","Verify ad blocks within the desktop viewport range (576-767px) for different user roles","advertisement.test.js","",""
"","10895","Check ad blocks for ad free user - Riftbound in mobile at 360x780 viewport size","advertisement-tests","2026-05-29","passed","2026-05-29","Verify ad blocks within the mobile viewport range (320–575px) for different user roles","advertisement.test.js","",""
"","18212","Check ad blocks for regular user - Borderlands 4 in mobile at 360x780 viewport size","advertisement-tests","2026-05-29","passed","2026-05-29","Verify ad blocks within the mobile viewport range (320–575px) for different user roles","advertisement.test.js","",""
"","1905","Check video block & footer banner for plus user - Borderlands 4 in desktop at 1100x800 viewport size","advertisement-tests","2026-05-29","passed","2026-05-29","Verify ad blocks within the desktop viewport range (1024-1232px) for different user roles","advertisement.test.js","",""
"","2108","Check video block & footer banner for plus user - Riftbound in desktop at 1100x800 viewport size","advertisement-tests","2026-05-29","passed","2026-05-29","Verify ad blocks within the desktop viewport range (1024-1232px) for different user roles","advertisement.test.js","",""
"","5017","Check video block, footer banner, L vertical banner for plus user - Deadlock in desktop at 1280x800 viewport size","advertisement-tests","2026-05-29","passed","2026-05-29","Verify ad blocks within the desktop viewport range (1233-1411px) for different user roles","advertisement.test.js","",""
"","5285","Check video block, footer banner, L vertical banner for plus user - Monster Hunter Wilds in desktop at 1280x800 viewport size","advertisement-tests","2026-05-29","passed","2026-05-29","Verify ad blocks within the desktop viewport range (1233-1411px) for different user roles","advertisement.test.js","",""
"","15294","Check video block, footer banner, L vertical banner, S vertical banner for regular user - TFT in desktop at 1680x1050 viewport size","advertisement-tests","2026-05-29","passed","2026-05-29","Verify ad blocks within the desktop viewport range (>1412px) for different user roles","advertisement.test.js","",""
"","8726","Check advertisement blocks for ad free user - ZZZ in desktop at 800x800 viewport size","advertisement-tests","2026-05-29","passed","2026-05-29","Verify video ad block & footer banner within the desktop viewport range (768-1023px) for different user roles","advertisement.test.js","",""
"","19800","Check ad blocks for regular user - Endfield in mobile at 360x780 viewport size","advertisement-tests","2026-05-29","passed","2026-05-29","Verify ad blocks within the mobile viewport range (320–575px) for different user roles","advertisement.test.js","",""
"","7573","Check ad blocks for ad free user - Deadlock in mobile at 360x780 viewport size","advertisement-tests","2026-05-29","passed","2026-05-29","Verify ad blocks within the mobile viewport range (320–575px) for different user roles","advertisement.test.js","",""
"","6383","Check advertisement blocks for ad free user - Monster Hunter Wilds in desktop at 800x800 viewport size","advertisement-tests","2026-05-29","passed","2026-05-29","Verify video ad block & footer banner within the desktop viewport range (768-1023px) for different user roles","advertisement.test.js","",""
"","23075","Check video block & footer banner for unauthorized user - 2XKO in mobile at 360x780 viewport size","advertisement-tests","2026-05-29","passed","2026-05-29","Verify ad blocks within the mobile viewport range (320–575px) for different user roles","advertisement.test.js","",""
"","10244","Check video block & footer banner for unauthorized user - Marathon in desktop at 1100x800 viewport size","advertisement-tests","2026-05-29","passed","2026-05-29","Verify ad blocks within the desktop viewport range (1024-1232px) for different user roles","advertisement.test.js","",""
"","9494","Check video block & footer banner for regular user - 2XKO in desktop at 800x800 viewport size","advertisement-tests","2026-05-29","passed","2026-05-29","Verify video ad block & footer banner within the desktop viewport range (768-1023px) for different user roles","advertisement.test.js","",""
"","20840","Check ad blocks for regular user - Marvel Rivals in mobile at 360x780 viewport size","advertisement-tests","2026-05-29","passed","2026-05-29","Verify ad blocks within the mobile viewport range (320–575px) for different user roles","advertisement.test.js","",""
"","12941","Check video block, footer banner, L vertical banner, S vertical banner for unauthorized user - TFT in desktop at 1680x1050 viewport size","advertisement-tests","2026-05-29","passed","2026-05-29","Verify ad blocks within the desktop viewport range (>1412px) for different user roles","advertisement.test.js","",""
"","9177","Check advertisement blocks for unauthorized user - LoL in desktop at 640x1024 viewport size","advertisement-tests","2026-05-29","passed","2026-05-29","Verify ad blocks within the desktop viewport range (576-767px) for different user roles","advertisement.test.js","",""
"","8047","Check ad blocks for ad free user - PoE 2 in mobile at 360x780 viewport size","advertisement-tests","2026-05-29","passed","2026-05-29","Verify ad blocks within the mobile viewport range (320–575px) for different user roles","advertisement.test.js","",""
"","6610","Check video block, footer banner, L vertical banner for unauthorized user - Marvel Rivals in desktop at 1280x800 viewport size","advertisement-tests","2026-05-29","passed","2026-05-29","Verify ad blocks within the desktop viewport range (1233-1411px) for different user roles","advertisement.test.js","",""
"","7465","Check ad blocks for ad free user - PoE in mobile at 360x780 viewport size","advertisement-tests","2026-05-29","passed","2026-05-29","Verify ad blocks within the mobile viewport range (320–575px) for different user roles","advertisement.test.js","",""
"","7022","Check advertisement blocks for plus user - The Bazaar in desktop at 800x800 viewport size","advertisement-tests","2026-05-29","passed","2026-05-29","Verify video ad block & footer banner within the desktop viewport range (768-1023px) for different user roles","advertisement.test.js","",""
"","2","Check ad blocks for plus user - Val in mobile at 360x780 viewport size","advertisement-tests","2026-05-29","skipped","2026-05-29","Verify ad blocks within the mobile viewport range (320–575px) for different user roles","advertisement.test.js","",""
"","11028","Check video block, footer banner, L vertical banner, S vertical banner for ad free user - Endfield in desktop at 1680x1050 viewport size","advertisement-tests","2026-05-29","passed","2026-05-29","Verify ad blocks within the desktop viewport range (>1412px) for different user roles","advertisement.test.js","",""
"","15615","Check advertisement blocks for ad free user - TFT in desktop at 800x800 viewport size","advertisement-tests","2026-05-29","passed","2026-05-29","Verify video ad block & footer banner within the desktop viewport range (768-1023px) for different user roles","advertisement.test.js","",""
"","8064","Check advertisement blocks for ad free user - 2XKO in desktop at 800x800 viewport size","advertisement-tests","2026-05-29","passed","2026-05-29","Verify video ad block & footer banner within the desktop viewport range (768-1023px) for different user roles","advertisement.test.js","",""
"","7006","Check ad blocks for ad free user - Diablo 4 in mobile at 360x780 viewport size","advertisement-tests","2026-05-29","passed","2026-05-29","Verify ad blocks within the mobile viewport range (320–575px) for different user roles","advertisement.test.js","",""
"","6270","Check advertisement blocks for ad free user - Hades 2 in desktop at 640x1024 viewport size","advertisement-tests","2026-05-29","passed","2026-05-29","Verify ad blocks within the desktop viewport range (576-767px) for different user roles","advertisement.test.js","",""
"","5756","Check video block & footer banner for ad free user - PoE 2 in desktop at 1100x800 viewport size","advertisement-tests","2026-05-29","passed","2026-05-29","Verify ad blocks within the desktop viewport range (1024-1232px) for different user roles","advertisement.test.js","",""
"","8337","Check advertisement blocks for plus user - Borderlands 4 in desktop at 800x800 viewport size","advertisement-tests","2026-05-29","passed","2026-05-29","Verify video ad block & footer banner within the desktop viewport range (768-1023px) for different user roles","advertisement.test.js","",""
"","7831","Check video block & footer banner for unauthorized user - Borderlands 4 in desktop at 1100x800 viewport size","advertisement-tests","2026-05-29","passed","2026-05-29","Verify ad blocks within the desktop viewport range (1024-1232px) for different user roles","advertisement.test.js","",""
"","9740","Check advertisement blocks for ad free user - STS 2 in desktop at 800x800 viewport size","advertisement-tests","2026-05-29","passed","2026-05-29","Verify video ad block & footer banner within the desktop viewport range (768-1023px) for different user roles","advertisement.test.js","",""
"","6359","Check ad blocks for plus user - Hades 2 in mobile at 360x780 viewport size","advertisement-tests","2026-05-29","passed","2026-05-29","Verify ad blocks within the mobile viewport range (320–575px) for different user roles","advertisement.test.js","",""
"","13091","Check video block, footer banner, L vertical banner, S vertical banner for plus user - Hades 2 in desktop at 1680x1050 viewport size","advertisement-tests","2026-05-29","passed","2026-05-29","Verify ad blocks within the desktop viewport range (>1412px) for different user roles","advertisement.test.js","",""
"","9796","Check advertisement blocks for regular user - Marathon in desktop at 640x1024 viewport size","advertisement-tests","2026-05-29","passed","2026-05-29","Verify ad blocks within the desktop viewport range (576-767px) for different user roles","advertisement.test.js","",""
"","8915","Check video block, footer banner, L vertical banner for unauthorized user - Deadlock in desktop at 1280x800 viewport size","advertisement-tests","2026-05-29","passed","2026-05-29","Verify ad blocks within the desktop viewport range (1233-1411px) for different user roles","advertisement.test.js","",""
"","13213","Check video block, footer banner, L vertical banner, S vertical banner for ad free user - Hades 2 in desktop at 1680x1050 viewport size","advertisement-tests","2026-05-29","passed","2026-05-29","Verify ad blocks within the desktop viewport range (>1412px) for different user roles","advertisement.test.js","",""
"","6667","Check advertisement blocks for ad free user - Diablo 4 in desktop at 640x1024 viewport size","advertisement-tests","2026-05-29","passed","2026-05-29","Verify ad blocks within the desktop viewport range (576-767px) for different user roles","advertisement.test.js","",""
"","10695","Check video block & footer banner for regular user - Marathon in desktop at 1100x800 viewport size","advertisement-tests","2026-05-29","passed","2026-05-29","Verify ad blocks within the desktop viewport range (1024-1232px) for different user roles","advertisement.test.js","",""
"","10696","Check advertisement blocks for regular user - STS 2 in desktop at 640x1024 viewport size","advertisement-tests","2026-05-29","passed","2026-05-29","Verify ad blocks within the desktop viewport range (576-767px) for different user roles","advertisement.test.js","",""
"","9385","Check video block & footer banner for unauthorized user - PoE in mobile at 360x780 viewport size","advertisement-tests","2026-05-29","passed","2026-05-29","Verify ad blocks within the mobile viewport range (320–575px) for different user roles","advertisement.test.js","",""
"","8359","Check ad blocks for plus user - Nightreign in mobile at 360x780 viewport size","advertisement-tests","2026-05-29","passed","2026-05-29","Verify ad blocks within the mobile viewport range (320–575px) for different user roles","advertisement.test.js","",""
"","12883","Check video block, footer banner, L vertical banner, S vertical banner for plus user - Nightreign in desktop at 1680x1050 viewport size","advertisement-tests","2026-05-29","passed","2026-05-29","Verify ad blocks within the desktop viewport range (>1412px) for different user roles","advertisement.test.js","",""
"","10390","Check video block & footer banner for unauthorized user - PoE in desktop at 800x800 viewport size","advertisement-tests","2026-05-29","passed","2026-05-29","Verify video ad block & footer banner within the desktop viewport range (768-1023px) for different user roles","advertisement.test.js","",""
"","10386","Check video block, footer banner, L vertical banner, S vertical banner for plus user - PoE in desktop at 1680x1050 viewport size","advertisement-tests","2026-05-29","passed","2026-05-29","Verify ad blocks within the desktop viewport range (>1412px) for different user roles","advertisement.test.js","",""
"","14236","Check video block, footer banner, L vertical banner, S vertical banner for ad free user - Diablo 4 in desktop at 1680x1050 viewport size","advertisement-tests","2026-05-29","passed","2026-05-29","Verify ad blocks within the desktop viewport range (>1412px) for different user roles","advertisement.test.js","",""
"","15851","Check video block, footer banner, L vertical banner for regular user - Endfield in desktop at 1280x800 viewport size","advertisement-tests","2026-05-29","passed","2026-05-29","Verify ad blocks within the desktop viewport range (1233-1411px) for different user roles","advertisement.test.js","",""
"","7815","Check ad blocks for ad free user - ZZZ in mobile at 360x780 viewport size","advertisement-tests","2026-05-29","passed","2026-05-29","Verify ad blocks within the mobile viewport range (320–575px) for different user roles","advertisement.test.js","",""
"","2327","Check video block & footer banner for plus user - 2XKO in desktop at 1100x800 viewport size","advertisement-tests","2026-05-29","passed","2026-05-29","Verify ad blocks within the desktop viewport range (1024-1232px) for different user roles","advertisement.test.js","",""
"","2003","Check video block, footer banner, L vertical banner for ad free user - STS 2 in desktop at 1280x800 viewport size","advertisement-tests","2026-05-29","passed","2026-05-29","Verify ad blocks within the desktop viewport range (1233-1411px) for different user roles","advertisement.test.js","",""
"","9482","Check video block & footer banner for unauthorized user - LoL in desktop at 800x800 viewport size","advertisement-tests","2026-05-29","passed","2026-05-29","Verify video ad block & footer banner within the desktop viewport range (768-1023px) for different user roles","advertisement.test.js","",""
