"DESCRIPTION","DURATION IN MS","NAME","PARENT SUITE","START TIME","STATUS","STOP TIME","SUB SUITE","SUITE","TEST CLASS","TEST METHOD"
"","11195","Check video block, footer banner, L vertical banner, S vertical banner for unauthorized user - PoE 2 in desktop at 1680x1050 viewport size","advertisement-tests","Fri May 01 06:53:02 UTC 2026","passed","Fri May 01 06:53:13 UTC 2026","Verify ad blocks within the desktop viewport range (>1412px) for different user roles","advertisement.test.js","",""
"","7723","Check video block & footer banner for unauthorized user - 2XKO in mobile at 360x780 viewport size","advertisement-tests","Fri May 01 06:28:59 UTC 2026","passed","Fri May 01 06:29:07 UTC 2026","Verify ad blocks within the mobile viewport range (320–575px) for different user roles","advertisement.test.js","",""
"","6444","Check video block & footer banner for plus user - 2XKO in desktop at 1100x800 viewport size","advertisement-tests","Fri May 01 06:49:07 UTC 2026","passed","Fri May 01 06:49:13 UTC 2026","Verify ad blocks within the desktop viewport range (1024-1232px) for different user roles","advertisement.test.js","",""
"","5201","Check video block, footer banner, L vertical banner for ad free user - PoE 2 in desktop at 1280x800 viewport size","advertisement-tests","Fri May 01 06:51:49 UTC 2026","passed","Fri May 01 06:51:55 UTC 2026","Verify ad blocks within the desktop viewport range (1233-1411px) for different user roles","advertisement.test.js","",""
"","9192","Check video block, footer banner, L vertical banner for unauthorized user - ZZZ in desktop at 1280x800 viewport size","advertisement-tests","Fri May 01 06:49:44 UTC 2026","passed","Fri May 01 06:49:53 UTC 2026","Verify ad blocks within the desktop viewport range (1233-1411px) for different user roles","advertisement.test.js","",""
"","6462","Check video block, footer banner, L vertical banner for ad free user - Endfield in desktop at 1280x800 viewport size","advertisement-tests","Fri May 01 06:51:53 UTC 2026","passed","Fri May 01 06:51:59 UTC 2026","Verify ad blocks within the desktop viewport range (1233-1411px) for different user roles","advertisement.test.js","",""
"","10201","Check video block & footer banner for regular user - Riftbound in desktop at 1100x800 viewport size","advertisement-tests","Fri May 01 06:47:20 UTC 2026","passed","Fri May 01 06:47:30 UTC 2026","Verify ad blocks within the desktop viewport range (1024-1232px) for different user roles","advertisement.test.js","",""
"","11205","Check video block, footer banner, L vertical banner for unauthorized user - Monster Hunter Wilds in desktop at 1280x800 viewport size","advertisement-tests","Fri May 01 06:49:53 UTC 2026","passed","Fri May 01 06:50:04 UTC 2026","Verify ad blocks within the desktop viewport range (1233-1411px) for different user roles","advertisement.test.js","",""
"","4748","Check ad blocks for ad free user - STS 2 in mobile at 360x780 viewport size","advertisement-tests","Fri May 01 06:30:39 UTC 2026","passed","Fri May 01 06:30:43 UTC 2026","Verify ad blocks within the mobile viewport range (320–575px) for different user roles","advertisement.test.js","",""
"","4126","Check advertisement blocks for ad free user - Monster Hunter Wilds in desktop at 800x800 viewport size","advertisement-tests","Fri May 01 06:45:07 UTC 2026","passed","Fri May 01 06:45:11 UTC 2026","Verify video ad block & footer banner within the desktop viewport range (768-1023px) for different user roles","advertisement.test.js","",""
"","3109","Check advertisement blocks for ad free user - Hades 2 in desktop at 800x800 viewport size","advertisement-tests","Fri May 01 06:45:07 UTC 2026","passed","Fri May 01 06:45:10 UTC 2026","Verify video ad block & footer banner within the desktop viewport range (768-1023px) for different user roles","advertisement.test.js","",""
"","1368","Check advertisement blocks for ad free user - Marvel Rivals in desktop at 640x1024 viewport size","advertisement-tests","Fri May 01 06:39:13 UTC 2026","passed","Fri May 01 06:39:14 UTC 2026","Verify ad blocks within the desktop viewport range (576-767px) for different user roles","advertisement.test.js","",""
"","11940","Check video block, footer banner, L vertical banner for regular user - Borderlands 4 in desktop at 1280x800 viewport size","advertisement-tests","Fri May 01 06:50:57 UTC 2026","passed","Fri May 01 06:51:09 UTC 2026","Verify ad blocks within the desktop viewport range (1233-1411px) for different user roles","advertisement.test.js","",""
"","10184","Check video block, footer banner, L vertical banner, S vertical banner for unauthorized user - STS 2 in desktop at 1680x1050 viewport size","advertisement-tests","Fri May 01 06:53:18 UTC 2026","passed","Fri May 01 06:53:28 UTC 2026","Verify ad blocks within the desktop viewport range (>1412px) for different user roles","advertisement.test.js","",""
"","13117","Check video block & footer banner for regular user - Diablo 4 in desktop at 1100x800 viewport size","advertisement-tests","Fri May 01 06:47:32 UTC 2026","passed","Fri May 01 06:47:45 UTC 2026","Verify ad blocks within the desktop viewport range (1024-1232px) for different user roles","advertisement.test.js","",""
"","11085","Check video block & footer banner for regular user - Nightreign in desktop at 1100x800 viewport size","advertisement-tests","Fri May 01 06:47:39 UTC 2026","passed","Fri May 01 06:47:50 UTC 2026","Verify ad blocks within the desktop viewport range (1024-1232px) for different user roles","advertisement.test.js","",""
"","18323","Check advertisement blocks for regular user - TFT in desktop at 640x1024 viewport size","advertisement-tests","Fri May 01 06:34:59 UTC 2026","failed","Fri May 01 06:35:17 UTC 2026","Verify ad blocks within the desktop viewport range (576-767px) for different user roles","advertisement.test.js","",""
"","9402","Check ad blocks for regular user - Borderlands 4 in mobile at 360x780 viewport size","advertisement-tests","Fri May 01 06:29:54 UTC 2026","passed","Fri May 01 06:30:04 UTC 2026","Verify ad blocks within the mobile viewport range (320–575px) for different user roles","advertisement.test.js","",""
"","49453","Check video block, footer banner, L vertical banner, S vertical banner for regular user - Monster Hunter Wilds in desktop at 1680x1050 viewport size","advertisement-tests","Fri May 01 06:56:20 UTC 2026","failed","Fri May 01 06:57:09 UTC 2026","Verify ad blocks within the desktop viewport range (>1412px) for different user roles","advertisement.test.js","",""
"","7447","Check video block & footer banner for unauthorized user - Overwatch in mobile at 360x780 viewport size","advertisement-tests","Fri May 01 06:29:30 UTC 2026","passed","Fri May 01 06:29:38 UTC 2026","Verify ad blocks within the mobile viewport range (320–575px) for different user roles","advertisement.test.js","",""
"","11746","Check video block, footer banner, L vertical banner, S vertical banner for unauthorized user - ZZZ in desktop at 1680x1050 viewport size","advertisement-tests","Fri May 01 06:52:39 UTC 2026","passed","Fri May 01 06:52:51 UTC 2026","Verify ad blocks within the desktop viewport range (>1412px) for different user roles","advertisement.test.js","",""
"","5332","Check ad blocks for ad free user - Riftbound in mobile at 360x780 viewport size","advertisement-tests","Fri May 01 06:30:15 UTC 2026","passed","Fri May 01 06:30:21 UTC 2026","Verify ad blocks within the mobile viewport range (320–575px) for different user roles","advertisement.test.js","",""
"","5116","Check video block, footer banner, L vertical banner for ad free user - Overwatch in desktop at 1280x800 viewport size","advertisement-tests","Fri May 01 06:51:55 UTC 2026","passed","Fri May 01 06:52:00 UTC 2026","Verify ad blocks within the desktop viewport range (1233-1411px) for different user roles","advertisement.test.js","",""
"","11146","Check video block & footer banner for regular user - Monster Hunter Wilds in desktop at 800x800 viewport size","advertisement-tests","Fri May 01 06:44:31 UTC 2026","passed","Fri May 01 06:44:42 UTC 2026","Verify video ad block & footer banner within the desktop viewport range (768-1023px) for different user roles","advertisement.test.js","",""
"","18760","Check advertisement blocks for unauthorized user - Riftbound in desktop at 640x1024 viewport size","advertisement-tests","Fri May 01 06:31:51 UTC 2026","failed","Fri May 01 06:32:09 UTC 2026","Verify ad blocks within the desktop viewport range (576-767px) for different user roles","advertisement.test.js","",""
"","9850","Check video block & footer banner for unauthorized user - LoL in mobile at 360x780 viewport size","advertisement-tests","Fri May 01 06:28:58 UTC 2026","passed","Fri May 01 06:29:08 UTC 2026","Verify ad blocks within the mobile viewport range (320–575px) for different user roles","advertisement.test.js","",""
"","18240","Check advertisement blocks for unauthorized user - Overwatch in desktop at 640x1024 viewport size","advertisement-tests","Fri May 01 06:34:02 UTC 2026","failed","Fri May 01 06:34:21 UTC 2026","Verify ad blocks within the desktop viewport range (576-767px) for different user roles","advertisement.test.js","",""
"","4532","Check video block, footer banner, L vertical banner for plus user - Val in desktop at 1280x800 viewport size","advertisement-tests","Fri May 01 06:52:00 UTC 2026","passed","Fri May 01 06:52:04 UTC 2026","Verify ad blocks within the desktop viewport range (1233-1411px) for different user roles","advertisement.test.js","",""
"","7324","Check video block & footer banner for unauthorized user - Marathon in mobile at 360x780 viewport size","advertisement-tests","Fri May 01 06:29:30 UTC 2026","passed","Fri May 01 06:29:38 UTC 2026","Verify ad blocks within the mobile viewport range (320–575px) for different user roles","advertisement.test.js","",""
"","6472","Check video block & footer banner for unauthorized user - Marvel Rivals in mobile at 360x780 viewport size","advertisement-tests","Fri May 01 06:29:07 UTC 2026","passed","Fri May 01 06:29:13 UTC 2026","Verify ad blocks within the mobile viewport range (320–575px) for different user roles","advertisement.test.js","",""
"","10060","Check video block & footer banner for unauthorized user - ZZZ in desktop at 800x800 viewport size","advertisement-tests","Fri May 01 06:42:27 UTC 2026","passed","Fri May 01 06:42:37 UTC 2026","Verify video ad block & footer banner within the desktop viewport range (768-1023px) for different user roles","advertisement.test.js","",""
"","1893","Check advertisement blocks for ad free user - Riftbound in desktop at 640x1024 viewport size","advertisement-tests","Fri May 01 06:39:09 UTC 2026","passed","Fri May 01 06:39:11 UTC 2026","Verify ad blocks within the desktop viewport range (576-767px) for different user roles","advertisement.test.js","",""
"","5513","Check advertisement blocks for ad free user - STS 2 in desktop at 800x800 viewport size","advertisement-tests","Fri May 01 06:45:20 UTC 2026","passed","Fri May 01 06:45:26 UTC 2026","Verify video ad block & footer banner within the desktop viewport range (768-1023px) for different user roles","advertisement.test.js","",""
"","17644","Check advertisement blocks for regular user - Monster Hunter Wilds in desktop at 640x1024 viewport size","advertisement-tests","Fri May 01 06:36:49 UTC 2026","failed","Fri May 01 06:37:06 UTC 2026","Verify ad blocks within the desktop viewport range (576-767px) for different user roles","advertisement.test.js","",""
"","6595","Check ad blocks for ad free user - The Bazaar in mobile at 360x780 viewport size","advertisement-tests","Fri May 01 06:30:32 UTC 2026","passed","Fri May 01 06:30:39 UTC 2026","Verify ad blocks within the mobile viewport range (320–575px) for different user roles","advertisement.test.js","",""
"","5415","Check advertisement blocks for plus user - Marvel Rivals in desktop at 800x800 viewport size","advertisement-tests","Fri May 01 06:45:30 UTC 2026","passed","Fri May 01 06:45:35 UTC 2026","Verify video ad block & footer banner within the desktop viewport range (768-1023px) for different user roles","advertisement.test.js","",""
"","11318","Check video block & footer banner for unauthorized user - Overwatch in desktop at 1100x800 viewport size","advertisement-tests","Fri May 01 06:46:55 UTC 2026","passed","Fri May 01 06:47:06 UTC 2026","Verify ad blocks within the desktop viewport range (1024-1232px) for different user roles","advertisement.test.js","",""
"","9694","Check video block & footer banner for regular user - Overwatch in desktop at 1100x800 viewport size","advertisement-tests","Fri May 01 06:48:14 UTC 2026","passed","Fri May 01 06:48:24 UTC 2026","Verify ad blocks within the desktop viewport range (1024-1232px) for different user roles","advertisement.test.js","",""
"","9812","Check video block, footer banner, L vertical banner, S vertical banner for unauthorized user - Val in desktop at 1680x1050 viewport size","advertisement-tests","Fri May 01 06:52:25 UTC 2026","passed","Fri May 01 06:52:35 UTC 2026","Verify ad blocks within the desktop viewport range (>1412px) for different user roles","advertisement.test.js","",""
"","9493","Check video block, footer banner, L vertical banner for unauthorized user - Hades 2 in desktop at 1280x800 viewport size","advertisement-tests","Fri May 01 06:49:57 UTC 2026","passed","Fri May 01 06:50:06 UTC 2026","Verify ad blocks within the desktop viewport range (1233-1411px) for different user roles","advertisement.test.js","",""
"","7159","Check video block & footer banner for unauthorized user - Destiny 2 in desktop at 800x800 viewport size","advertisement-tests","Fri May 01 06:42:26 UTC 2026","passed","Fri May 01 06:42:33 UTC 2026","Verify video ad block & footer banner within the desktop viewport range (768-1023px) for different user roles","advertisement.test.js","",""
"","6790","Check video block & footer banner for ad free user - Monster Hunter Wilds in desktop at 1100x800 viewport size","advertisement-tests","Fri May 01 06:48:46 UTC 2026","passed","Fri May 01 06:48:53 UTC 2026","Verify ad blocks within the desktop viewport range (1024-1232px) for different user roles","advertisement.test.js","",""
"","10773","Check video block & footer banner for regular user - Overwatch in desktop at 800x800 viewport size","advertisement-tests","Fri May 01 06:44:31 UTC 2026","passed","Fri May 01 06:44:41 UTC 2026","Verify video ad block & footer banner within the desktop viewport range (768-1023px) for different user roles","advertisement.test.js","",""
"","2698","Check advertisement blocks for ad free user - Deadlock in desktop at 640x1024 viewport size","advertisement-tests","Fri May 01 06:39:21 UTC 2026","passed","Fri May 01 06:39:24 UTC 2026","Verify ad blocks within the desktop viewport range (576-767px) for different user roles","advertisement.test.js","",""
"","5824","Check video block, footer banner, L vertical banner for ad free user - Nightreign in desktop at 1280x800 viewport size","advertisement-tests","Fri May 01 06:51:40 UTC 2026","passed","Fri May 01 06:51:45 UTC 2026","Verify ad blocks within the desktop viewport range (1233-1411px) for different user roles","advertisement.test.js","",""
"","6709","Check ad blocks for ad free user - LoL in mobile at 360x780 viewport size","advertisement-tests","Fri May 01 06:30:11 UTC 2026","passed","Fri May 01 06:30:18 UTC 2026","Verify ad blocks within the mobile viewport range (320–575px) for different user roles","advertisement.test.js","",""
"","3774","Check video block, footer banner, L vertical banner, S vertical banner for ad free user - ZZZ in desktop at 1680x1050 viewport size","advertisement-tests","Fri May 01 07:03:41 UTC 2026","passed","Fri May 01 07:03:45 UTC 2026","Verify ad blocks within the desktop viewport range (>1412px) for different user roles","advertisement.test.js","",""
"","3199","Check advertisement blocks for plus user - Deadlock in desktop at 640x1024 viewport size","advertisement-tests","Fri May 01 06:39:48 UTC 2026","passed","Fri May 01 06:39:51 UTC 2026","Verify ad blocks within the desktop viewport range (576-767px) for different user roles","advertisement.test.js","",""
"","5614","Check advertisement blocks for unauthorized user - Monster Hunter Wilds in desktop at 640x1024 viewport size","advertisement-tests","Fri May 01 06:31:22 UTC 2026","passed","Fri May 01 06:31:28 UTC 2026","Verify ad blocks within the desktop viewport range (576-767px) for different user roles","advertisement.test.js","",""
"","6619","Check video block, footer banner, L vertical banner for plus user - LoL in desktop at 1280x800 viewport size","advertisement-tests","Fri May 01 06:51:59 UTC 2026","passed","Fri May 01 06:52:06 UTC 2026","Verify ad blocks within the desktop viewport range (1233-1411px) for different user roles","advertisement.test.js","",""
"","10440","Check video block & footer banner for unauthorized user - PoE in desktop at 800x800 viewport size","advertisement-tests","Fri May 01 06:42:43 UTC 2026","passed","Fri May 01 06:42:53 UTC 2026","Verify video ad block & footer banner within the desktop viewport range (768-1023px) for different user roles","advertisement.test.js","",""
"","6035","Check video block, footer banner, L vertical banner for plus user - Overwatch in desktop at 1280x800 viewport size","advertisement-tests","Fri May 01 06:52:21 UTC 2026","passed","Fri May 01 06:52:27 UTC 2026","Verify ad blocks within the desktop viewport range (1233-1411px) for different user roles","advertisement.test.js","",""
"","6325","Check video block, footer banner, L vertical banner for ad free user - Monster Hunter Wilds in desktop at 1280x800 viewport size","advertisement-tests","Fri May 01 06:51:43 UTC 2026","passed","Fri May 01 06:51:49 UTC 2026","Verify ad blocks within the desktop viewport range (1233-1411px) for different user roles","advertisement.test.js","",""
"","3001","Check video block, footer banner, L vertical banner, S vertical banner for plus user - Overwatch in desktop at 1680x1050 viewport size","advertisement-tests","Fri May 01 07:05:28 UTC 2026","passed","Fri May 01 07:05:31 UTC 2026","Verify ad blocks within the desktop viewport range (>1412px) for different user roles","advertisement.test.js","",""
"","7953","Check ad blocks for regular user - PoE in mobile at 360x780 viewport size","advertisement-tests","Fri May 01 06:29:59 UTC 2026","passed","Fri May 01 06:30:07 UTC 2026","Verify ad blocks within the mobile viewport range (320–575px) for different user roles","advertisement.test.js","",""
"","3637","Check video block, footer banner, L vertical banner, S vertical banner for ad free user - The Bazaar in desktop at 1680x1050 viewport size","advertisement-tests","Fri May 01 07:04:12 UTC 2026","passed","Fri May 01 07:04:16 UTC 2026","Verify ad blocks within the desktop viewport range (>1412px) for different user roles","advertisement.test.js","",""
"","4199","Check video block, footer banner, L vertical banner, S vertical banner for plus user - Diablo 4 in desktop at 1680x1050 viewport size","advertisement-tests","Fri May 01 07:04:49 UTC 2026","passed","Fri May 01 07:04:54 UTC 2026","Verify ad blocks within the desktop viewport range (>1412px) for different user roles","advertisement.test.js","",""
"","17308","Check advertisement blocks for regular user - 2XKO in desktop at 640x1024 viewport size","advertisement-tests","Fri May 01 06:35:07 UTC 2026","failed","Fri May 01 06:35:24 UTC 2026","Verify ad blocks within the desktop viewport range (576-767px) for different user roles","advertisement.test.js","",""
"","3412","Check video block, footer banner, L vertical banner for plus user - Monster Hunter Wilds in desktop at 1280x800 viewport size","advertisement-tests","Fri May 01 06:52:10 UTC 2026","passed","Fri May 01 06:52:13 UTC 2026","Verify ad blocks within the desktop viewport range (1233-1411px) for different user roles","advertisement.test.js","",""
"","9752","Check video block & footer banner for regular user - Destiny 2 in desktop at 1100x800 viewport size","advertisement-tests","Fri May 01 06:47:40 UTC 2026","passed","Fri May 01 06:47:50 UTC 2026","Verify ad blocks within the desktop viewport range (1024-1232px) for different user roles","advertisement.test.js","",""
"","10450","Check video block, footer banner, L vertical banner for unauthorized user - Endfield in desktop at 1280x800 viewport size","advertisement-tests","Fri May 01 06:50:14 UTC 2026","passed","Fri May 01 06:50:25 UTC 2026","Verify ad blocks within the desktop viewport range (1233-1411px) for different user roles","advertisement.test.js","",""
"","9983","Check video block, footer banner, L vertical banner, S vertical banner for regular user - LoL in desktop at 1680x1050 viewport size","advertisement-tests","Fri May 01 06:53:24 UTC 2026","passed","Fri May 01 06:53:34 UTC 2026","Verify ad blocks within the desktop viewport range (>1412px) for different user roles","advertisement.test.js","",""
"","4604","Check video block, footer banner, L vertical banner, S vertical banner for ad free user - Borderlands 4 in desktop at 1680x1050 viewport size","advertisement-tests","Fri May 01 07:04:01 UTC 2026","passed","Fri May 01 07:04:05 UTC 2026","Verify ad blocks within the desktop viewport range (>1412px) for different user roles","advertisement.test.js","",""
"","6642","Check video block & footer banner for regular user - 2XKO in desktop at 800x800 viewport size","advertisement-tests","Fri May 01 06:43:30 UTC 2026","passed","Fri May 01 06:43:37 UTC 2026","Verify video ad block & footer banner within the desktop viewport range (768-1023px) for different user roles","advertisement.test.js","",""
"","11147","Check video block & footer banner for regular user - STS 2 in desktop at 1100x800 viewport size","advertisement-tests","Fri May 01 06:48:16 UTC 2026","passed","Fri May 01 06:48:28 UTC 2026","Verify ad blocks within the desktop viewport range (1024-1232px) for different user roles","advertisement.test.js","",""
"","4600","Check advertisement blocks for ad free user - Nightreign in desktop at 800x800 viewport size","advertisement-tests","Fri May 01 06:45:04 UTC 2026","passed","Fri May 01 06:45:08 UTC 2026","Verify video ad block & footer banner within the desktop viewport range (768-1023px) for different user roles","advertisement.test.js","",""
"","4641","Check video block & footer banner for ad free user - ZZZ in desktop at 1100x800 viewport size","advertisement-tests","Fri May 01 06:48:41 UTC 2026","passed","Fri May 01 06:48:46 UTC 2026","Verify ad blocks within the desktop viewport range (1024-1232px) for different user roles","advertisement.test.js","",""
"","17913","Check advertisement blocks for unauthorized user - Marathon in desktop at 640x1024 viewport size","advertisement-tests","Fri May 01 06:33:57 UTC 2026","failed","Fri May 01 06:34:15 UTC 2026","Verify ad blocks within the desktop viewport range (576-767px) for different user roles","advertisement.test.js","",""
"","1942","Check video block, footer banner, L vertical banner, S vertical banner for plus user - PoE 2 in desktop at 1680x1050 viewport size","advertisement-tests","Fri May 01 07:05:13 UTC 2026","passed","Fri May 01 07:05:15 UTC 2026","Verify ad blocks within the desktop viewport range (>1412px) for different user roles","advertisement.test.js","",""
"","11575","Check video block, footer banner, L vertical banner for regular user - PoE in desktop at 1280x800 viewport size","advertisement-tests","Fri May 01 06:51:07 UTC 2026","passed","Fri May 01 06:51:19 UTC 2026","Verify ad blocks within the desktop viewport range (1233-1411px) for different user roles","advertisement.test.js","",""
"","10024","Check video block, footer banner, L vertical banner for regular user - Marathon in desktop at 1280x800 viewport size","advertisement-tests","Fri May 01 06:51:17 UTC 2026","passed","Fri May 01 06:51:27 UTC 2026","Verify ad blocks within the desktop viewport range (1233-1411px) for different user roles","advertisement.test.js","",""
"","6742","Check ad blocks for regular user - Destiny 2 in mobile at 360x780 viewport size","advertisement-tests","Fri May 01 06:29:49 UTC 2026","passed","Fri May 01 06:29:56 UTC 2026","Verify ad blocks within the mobile viewport range (320–575px) for different user roles","advertisement.test.js","",""
"","10001","Check video block & footer banner for unauthorized user - Deadlock in desktop at 800x800 viewport size","advertisement-tests","Fri May 01 06:42:38 UTC 2026","passed","Fri May 01 06:42:48 UTC 2026","Verify video ad block & footer banner within the desktop viewport range (768-1023px) for different user roles","advertisement.test.js","",""
"","12153","Check video block, footer banner, L vertical banner, S vertical banner for regular user - Nightreign in desktop at 1680x1050 viewport size","advertisement-tests","Fri May 01 06:53:54 UTC 2026","passed","Fri May 01 06:54:06 UTC 2026","Verify ad blocks within the desktop viewport range (>1412px) for different user roles","advertisement.test.js","",""
"","4139","Check ad blocks for ad free user - ZZZ in mobile at 360x780 viewport size","advertisement-tests","Fri May 01 06:30:21 UTC 2026","passed","Fri May 01 06:30:25 UTC 2026","Verify ad blocks within the mobile viewport range (320–575px) for different user roles","advertisement.test.js","",""
"","3607","Check advertisement blocks for plus user - The Bazaar in desktop at 640x1024 viewport size","advertisement-tests","Fri May 01 06:39:51 UTC 2026","passed","Fri May 01 06:39:55 UTC 2026","Verify ad blocks within the desktop viewport range (576-767px) for different user roles","advertisement.test.js","",""
"","6312","Check video block & footer banner for unauthorized user - ZZZ in mobile at 360x780 viewport size","advertisement-tests","Fri May 01 06:29:08 UTC 2026","passed","Fri May 01 06:29:14 UTC 2026","Verify ad blocks within the mobile viewport range (320–575px) for different user roles","advertisement.test.js","",""
"","18038","Check advertisement blocks for regular user - ZZZ in desktop at 640x1024 viewport size","advertisement-tests","Fri May 01 06:35:59 UTC 2026","failed","Fri May 01 06:36:17 UTC 2026","Verify ad blocks within the desktop viewport range (576-767px) for different user roles","advertisement.test.js","",""
"","23755","Check video block & footer banner for unauthorized user - TFT in desktop at 800x800 viewport size","advertisement-tests","Fri May 01 06:40:58 UTC 2026","failed","Fri May 01 06:41:22 UTC 2026","Verify video ad block & footer banner within the desktop viewport range (768-1023px) for different user roles","advertisement.test.js","",""
"","9012","Check video block, footer banner, L vertical banner for regular user - Destiny 2 in desktop at 1280x800 viewport size","advertisement-tests","Fri May 01 06:50:48 UTC 2026","passed","Fri May 01 06:50:57 UTC 2026","Verify ad blocks within the desktop viewport range (1233-1411px) for different user roles","advertisement.test.js","",""
"","3954","Check advertisement blocks for ad free user - PoE in desktop at 800x800 viewport size","advertisement-tests","Fri May 01 06:45:12 UTC 2026","passed","Fri May 01 06:45:16 UTC 2026","Verify video ad block & footer banner within the desktop viewport range (768-1023px) for different user roles","advertisement.test.js","",""
"","49176","Check video block, footer banner, L vertical banner, S vertical banner for regular user - PoE in desktop at 1680x1050 viewport size","advertisement-tests","Fri May 01 06:59:29 UTC 2026","failed","Fri May 01 07:00:18 UTC 2026","Verify ad blocks within the desktop viewport range (>1412px) for different user roles","advertisement.test.js","",""
"","4046","Check video block & footer banner for plus user - Hades 2 in desktop at 1100x800 viewport size","advertisement-tests","Fri May 01 06:49:16 UTC 2026","passed","Fri May 01 06:49:20 UTC 2026","Verify ad blocks within the desktop viewport range (1024-1232px) for different user roles","advertisement.test.js","",""
"","8054","Check video block & footer banner for regular user - STS 2 in desktop at 800x800 viewport size","advertisement-tests","Fri May 01 06:44:41 UTC 2026","passed","Fri May 01 06:44:49 UTC 2026","Verify video ad block & footer banner within the desktop viewport range (768-1023px) for different user roles","advertisement.test.js","",""
"","18332","Check advertisement blocks for regular user - LoL in desktop at 640x1024 viewport size","advertisement-tests","Fri May 01 06:34:53 UTC 2026","failed","Fri May 01 06:35:12 UTC 2026","Verify ad blocks within the desktop viewport range (576-767px) for different user roles","advertisement.test.js","",""
"","48935","Check video block, footer banner, L vertical banner, S vertical banner for regular user - Deadlock in desktop at 1680x1050 viewport size","advertisement-tests","Fri May 01 06:58:56 UTC 2026","failed","Fri May 01 06:59:45 UTC 2026","Verify ad blocks within the desktop viewport range (>1412px) for different user roles","advertisement.test.js","",""
"","9751","Check video block & footer banner for unauthorized user - Deadlock in desktop at 1100x800 viewport size","advertisement-tests","Fri May 01 06:46:28 UTC 2026","passed","Fri May 01 06:46:38 UTC 2026","Verify ad blocks within the desktop viewport range (1024-1232px) for different user roles","advertisement.test.js","",""
"","4991","Check video block, footer banner, L vertical banner for ad free user - 2XKO in desktop at 1280x800 viewport size","advertisement-tests","Fri May 01 06:51:33 UTC 2026","passed","Fri May 01 06:51:38 UTC 2026","Verify ad blocks within the desktop viewport range (1233-1411px) for different user roles","advertisement.test.js","",""
"","7397","Check video block & footer banner for regular user - ZZZ in desktop at 800x800 viewport size","advertisement-tests","Fri May 01 06:43:43 UTC 2026","passed","Fri May 01 06:43:51 UTC 2026","Verify video ad block & footer banner within the desktop viewport range (768-1023px) for different user roles","advertisement.test.js","",""
"","9250","Check video block, footer banner, L vertical banner for unauthorized user - Destiny 2 in desktop at 1280x800 viewport size","advertisement-tests","Fri May 01 06:49:53 UTC 2026","passed","Fri May 01 06:50:02 UTC 2026","Verify ad blocks within the desktop viewport range (1233-1411px) for different user roles","advertisement.test.js","",""
"","2437","Check video block, footer banner, L vertical banner, S vertical banner for plus user - TFT in desktop at 1680x1050 viewport size","advertisement-tests","Fri May 01 07:04:35 UTC 2026","passed","Fri May 01 07:04:37 UTC 2026","Verify ad blocks within the desktop viewport range (>1412px) for different user roles","advertisement.test.js","",""
"","3509","Check advertisement blocks for ad free user - Destiny 2 in desktop at 800x800 viewport size","advertisement-tests","Fri May 01 06:45:04 UTC 2026","passed","Fri May 01 06:45:07 UTC 2026","Verify video ad block & footer banner within the desktop viewport range (768-1023px) for different user roles","advertisement.test.js","",""
"","17589","Check advertisement blocks for regular user - Borderlands 4 in desktop at 640x1024 viewport size","advertisement-tests","Fri May 01 06:37:01 UTC 2026","failed","Fri May 01 06:37:18 UTC 2026","Verify ad blocks within the desktop viewport range (576-767px) for different user roles","advertisement.test.js","",""
"","4390","Check video block, footer banner, L vertical banner for plus user - Marathon in desktop at 1280x800 viewport size","advertisement-tests","Fri May 01 06:52:20 UTC 2026","passed","Fri May 01 06:52:24 UTC 2026","Verify ad blocks within the desktop viewport range (1233-1411px) for different user roles","advertisement.test.js","",""
"","3596","Check video block & footer banner for ad free user - Val in desktop at 1100x800 viewport size","advertisement-tests","Fri May 01 06:48:28 UTC 2026","passed","Fri May 01 06:48:31 UTC 2026","Verify ad blocks within the desktop viewport range (1024-1232px) for different user roles","advertisement.test.js","",""
"","11320","Check video block & footer banner for regular user - Hades 2 in desktop at 800x800 viewport size","advertisement-tests","Fri May 01 06:44:02 UTC 2026","passed","Fri May 01 06:44:13 UTC 2026","Verify video ad block & footer banner within the desktop viewport range (768-1023px) for different user roles","advertisement.test.js","",""
"","4140","Check video block & footer banner for plus user - Val in desktop at 1100x800 viewport size","advertisement-tests","Fri May 01 06:49:04 UTC 2026","passed","Fri May 01 06:49:08 UTC 2026","Verify ad blocks within the desktop viewport range (1024-1232px) for different user roles","advertisement.test.js","",""
"","6950","Check video block & footer banner for plus user - Diablo 4 in desktop at 1100x800 viewport size","advertisement-tests","Fri May 01 06:49:12 UTC 2026","passed","Fri May 01 06:49:19 UTC 2026","Verify ad blocks within the desktop viewport range (1024-1232px) for different user roles","advertisement.test.js","",""
"","2898","Check video block, footer banner, L vertical banner, S vertical banner for plus user - Riftbound in desktop at 1680x1050 viewport size","advertisement-tests","Fri May 01 07:04:37 UTC 2026","passed","Fri May 01 07:04:40 UTC 2026","Verify ad blocks within the desktop viewport range (>1412px) for different user roles","advertisement.test.js","",""
"","9509","Check video block & footer banner for unauthorized user - Riftbound in desktop at 1100x800 viewport size","advertisement-tests","Fri May 01 06:45:53 UTC 2026","passed","Fri May 01 06:46:02 UTC 2026","Verify ad blocks within the desktop viewport range (1024-1232px) for different user roles","advertisement.test.js","",""
"","3600","Check advertisement blocks for plus user - Hades 2 in desktop at 640x1024 viewport size","advertisement-tests","Fri May 01 06:39:45 UTC 2026","passed","Fri May 01 06:39:49 UTC 2026","Verify ad blocks within the desktop viewport range (576-767px) for different user roles","advertisement.test.js","",""
"","11391","Check video block, footer banner, L vertical banner for regular user - ZZZ in desktop at 1280x800 viewport size","advertisement-tests","Fri May 01 06:50:41 UTC 2026","passed","Fri May 01 06:50:53 UTC 2026","Verify ad blocks within the desktop viewport range (1233-1411px) for different user roles","advertisement.test.js","",""
"","19354","Check advertisement blocks for ad free user - LoL in desktop at 640x1024 viewport size","advertisement-tests","Fri May 01 06:39:02 UTC 2026","failed","Fri May 01 06:39:22 UTC 2026","Verify ad blocks within the desktop viewport range (576-767px) for different user roles","advertisement.test.js","",""
"","11228","Check video block, footer banner, L vertical banner, S vertical banner for unauthorized user - LoL in desktop at 1680x1050 viewport size","advertisement-tests","Fri May 01 06:52:24 UTC 2026","passed","Fri May 01 06:52:35 UTC 2026","Verify ad blocks within the desktop viewport range (>1412px) for different user roles","advertisement.test.js","",""
"","13148","Check video block & footer banner for unauthorized user - TFT in desktop at 1100x800 viewport size","advertisement-tests","Fri May 01 06:45:52 UTC 2026","passed","Fri May 01 06:46:05 UTC 2026","Verify ad blocks within the desktop viewport range (1024-1232px) for different user roles","advertisement.test.js","",""
"","3506","Check video block, footer banner, L vertical banner for plus user - Deadlock in desktop at 1280x800 viewport size","advertisement-tests","Fri May 01 06:52:14 UTC 2026","passed","Fri May 01 06:52:17 UTC 2026","Verify ad blocks within the desktop viewport range (1233-1411px) for different user roles","advertisement.test.js","",""
"","10715","Check video block, footer banner, L vertical banner, S vertical banner for unauthorized user - Riftbound in desktop at 1680x1050 viewport size","advertisement-tests","Fri May 01 06:52:28 UTC 2026","passed","Fri May 01 06:52:39 UTC 2026","Verify ad blocks within the desktop viewport range (>1412px) for different user roles","advertisement.test.js","",""
"","5842","Check advertisement blocks for ad free user - Overwatch in desktop at 640x1024 viewport size","advertisement-tests","Fri May 01 06:39:29 UTC 2026","passed","Fri May 01 06:39:35 UTC 2026","Verify ad blocks within the desktop viewport range (576-767px) for different user roles","advertisement.test.js","",""
"","2386","Check advertisement blocks for plus user - Destiny 2 in desktop at 640x1024 viewport size","advertisement-tests","Fri May 01 06:39:43 UTC 2026","passed","Fri May 01 06:39:46 UTC 2026","Verify ad blocks within the desktop viewport range (576-767px) for different user roles","advertisement.test.js","",""
"","10561","Check video block & footer banner for unauthorized user - Marvel Rivals in desktop at 1100x800 viewport size","advertisement-tests","Fri May 01 06:46:33 UTC 2026","passed","Fri May 01 06:46:43 UTC 2026","Verify ad blocks within the desktop viewport range (1024-1232px) for different user roles","advertisement.test.js","",""
"","9191","Check video block & footer banner for regular user - Endfield in desktop at 1100x800 viewport size","advertisement-tests","Fri May 01 06:48:05 UTC 2026","passed","Fri May 01 06:48:14 UTC 2026","Verify ad blocks within the desktop viewport range (1024-1232px) for different user roles","advertisement.test.js","",""
"","4632","Check video block, footer banner, L vertical banner for plus user - Diablo 4 in desktop at 1280x800 viewport size","advertisement-tests","Fri May 01 06:52:06 UTC 2026","passed","Fri May 01 06:52:10 UTC 2026","Verify ad blocks within the desktop viewport range (1233-1411px) for different user roles","advertisement.test.js","",""
"","4621","Check video block & footer banner for plus user - PoE in desktop at 1100x800 viewport size","advertisement-tests","Fri May 01 06:49:20 UTC 2026","passed","Fri May 01 06:49:25 UTC 2026","Verify ad blocks within the desktop viewport range (1024-1232px) for different user roles","advertisement.test.js","",""
"","9802","Check video block & footer banner for regular user - Borderlands 4 in desktop at 1100x800 viewport size","advertisement-tests","Fri May 01 06:48:18 UTC 2026","passed","Fri May 01 06:48:28 UTC 2026","Verify ad blocks within the desktop viewport range (1024-1232px) for different user roles","advertisement.test.js","",""
"","12054","Check video block, footer banner, L vertical banner for unauthorized user - TFT in desktop at 1280x800 viewport size","advertisement-tests","Fri May 01 06:49:32 UTC 2026","passed","Fri May 01 06:49:44 UTC 2026","Verify ad blocks within the desktop viewport range (1233-1411px) for different user roles","advertisement.test.js","",""
"","12161","Check video block & footer banner for ad free user - LoL in desktop at 1100x800 viewport size","advertisement-tests","Fri May 01 06:48:24 UTC 2026","passed","Fri May 01 06:48:36 UTC 2026","Verify ad blocks within the desktop viewport range (1024-1232px) for different user roles","advertisement.test.js","",""
"","9188","Check ad blocks for regular user - TFT in mobile at 360x780 viewport size","advertisement-tests","Fri May 01 06:29:38 UTC 2026","passed","Fri May 01 06:29:47 UTC 2026","Verify ad blocks within the mobile viewport range (320–575px) for different user roles","advertisement.test.js","",""
"","13621","Check video block, footer banner, L vertical banner for regular user - Overwatch in desktop at 1280x800 viewport size","advertisement-tests","Fri May 01 06:51:19 UTC 2026","passed","Fri May 01 06:51:32 UTC 2026","Verify ad blocks within the desktop viewport range (1233-1411px) for different user roles","advertisement.test.js","",""
"","1904","Check advertisement blocks for ad free user - Hades 2 in desktop at 640x1024 viewport size","advertisement-tests","Fri May 01 06:39:19 UTC 2026","passed","Fri May 01 06:39:21 UTC 2026","Verify ad blocks within the desktop viewport range (576-767px) for different user roles","advertisement.test.js","",""
"","6918","Check video block & footer banner for ad free user - Diablo 4 in desktop at 1100x800 viewport size","advertisement-tests","Fri May 01 06:48:41 UTC 2026","passed","Fri May 01 06:48:48 UTC 2026","Verify ad blocks within the desktop viewport range (1024-1232px) for different user roles","advertisement.test.js","",""
"","11081","Check video block & footer banner for unauthorized user - STS 2 in desktop at 1100x800 viewport size","advertisement-tests","Fri May 01 06:46:57 UTC 2026","passed","Fri May 01 06:47:08 UTC 2026","Verify ad blocks within the desktop viewport range (1024-1232px) for different user roles","advertisement.test.js","",""
"","2759","Check video block, footer banner, L vertical banner, S vertical banner for plus user - Val in desktop at 1680x1050 viewport size","advertisement-tests","Fri May 01 07:04:32 UTC 2026","passed","Fri May 01 07:04:35 UTC 2026","Verify ad blocks within the desktop viewport range (>1412px) for different user roles","advertisement.test.js","",""
"","12108","Check video block, footer banner, L vertical banner for unauthorized user - PoE 2 in desktop at 1280x800 viewport size","advertisement-tests","Fri May 01 06:50:04 UTC 2026","passed","Fri May 01 06:50:16 UTC 2026","Verify ad blocks within the desktop viewport range (1233-1411px) for different user roles","advertisement.test.js","",""
"","3781","Check video block, footer banner, L vertical banner, S vertical banner for plus user - Nightreign in desktop at 1680x1050 viewport size","advertisement-tests","Fri May 01 07:04:54 UTC 2026","passed","Fri May 01 07:04:57 UTC 2026","Verify ad blocks within the desktop viewport range (>1412px) for different user roles","advertisement.test.js","",""
"","3334","Check ad blocks for plus user - Nightreign in mobile at 360x780 viewport size","advertisement-tests","Fri May 01 06:30:49 UTC 2026","passed","Fri May 01 06:30:52 UTC 2026","Verify ad blocks within the mobile viewport range (320–575px) for different user roles","advertisement.test.js","",""
"","9011","Check video block & footer banner for regular user - Destiny 2 in desktop at 800x800 viewport size","advertisement-tests","Fri May 01 06:43:59 UTC 2026","passed","Fri May 01 06:44:08 UTC 2026","Verify video ad block & footer banner within the desktop viewport range (768-1023px) for different user roles","advertisement.test.js","",""
"","17751","Check advertisement blocks for regular user - Overwatch in desktop at 640x1024 viewport size","advertisement-tests","Fri May 01 06:38:49 UTC 2026","failed","Fri May 01 06:39:07 UTC 2026","Verify ad blocks within the desktop viewport range (576-767px) for different user roles","advertisement.test.js","",""
"","12465","Check video block, footer banner, L vertical banner, S vertical banner for regular user - 2XKO in desktop at 1680x1050 viewport size","advertisement-tests","Fri May 01 06:53:35 UTC 2026","passed","Fri May 01 06:53:48 UTC 2026","Verify ad blocks within the desktop viewport range (>1412px) for different user roles","advertisement.test.js","",""
"","9612","Check video block & footer banner for unauthorized user - Marvel Rivals in desktop at 800x800 viewport size","advertisement-tests","Fri May 01 06:42:15 UTC 2026","passed","Fri May 01 06:42:25 UTC 2026","Verify video ad block & footer banner within the desktop viewport range (768-1023px) for different user roles","advertisement.test.js","",""
"","6129","Check advertisement blocks for ad free user - PoE 2 in desktop at 800x800 viewport size","advertisement-tests","Fri May 01 06:45:11 UTC 2026","passed","Fri May 01 06:45:17 UTC 2026","Verify video ad block & footer banner within the desktop viewport range (768-1023px) for different user roles","advertisement.test.js","",""
"","3195","Check advertisement blocks for ad free user - The Bazaar in desktop at 640x1024 viewport size","advertisement-tests","Fri May 01 06:39:24 UTC 2026","passed","Fri May 01 06:39:27 UTC 2026","Verify ad blocks within the desktop viewport range (576-767px) for different user roles","advertisement.test.js","",""
"","6682","Check video block & footer banner for regular user - Endfield in desktop at 800x800 viewport size","advertisement-tests","Fri May 01 06:44:24 UTC 2026","passed","Fri May 01 06:44:31 UTC 2026","Verify video ad block & footer banner within the desktop viewport range (768-1023px) for different user roles","advertisement.test.js","",""
"","2033","Check advertisement blocks for plus user - Val in desktop at 640x1024 viewport size","advertisement-tests","Fri May 01 06:39:35 UTC 2026","passed","Fri May 01 06:39:37 UTC 2026","Verify ad blocks within the desktop viewport range (576-767px) for different user roles","advertisement.test.js","",""
"","4428","Check advertisement blocks for plus user - Overwatch in desktop at 640x1024 viewport size","advertisement-tests","Fri May 01 06:39:55 UTC 2026","passed","Fri May 01 06:39:59 UTC 2026","Verify ad blocks within the desktop viewport range (576-767px) for different user roles","advertisement.test.js","",""
"","8120","Check video block & footer banner for unauthorized user - Nightreign in desktop at 800x800 viewport size","advertisement-tests","Fri May 01 06:42:25 UTC 2026","passed","Fri May 01 06:42:33 UTC 2026","Verify video ad block & footer banner within the desktop viewport range (768-1023px) for different user roles","advertisement.test.js","",""
"","1987","Check video block, footer banner, L vertical banner, S vertical banner for ad free user - PoE 2 in desktop at 1680x1050 viewport size","advertisement-tests","Fri May 01 07:04:08 UTC 2026","passed","Fri May 01 07:04:10 UTC 2026","Verify ad blocks within the desktop viewport range (>1412px) for different user roles","advertisement.test.js","",""
"","4523","Check video block, footer banner, L vertical banner for plus user - Destiny 2 in desktop at 1280x800 viewport size","advertisement-tests","Fri May 01 06:52:09 UTC 2026","passed","Fri May 01 06:52:14 UTC 2026","Verify ad blocks within the desktop viewport range (1233-1411px) for different user roles","advertisement.test.js","",""
"","2314","Check video block, footer banner, L vertical banner, S vertical banner for plus user - Deadlock in desktop at 1680x1050 viewport size","advertisement-tests","Fri May 01 07:05:11 UTC 2026","passed","Fri May 01 07:05:13 UTC 2026","Verify ad blocks within the desktop viewport range (>1412px) for different user roles","advertisement.test.js","",""
"","6852","Check advertisement blocks for unauthorized user - Diablo 4 in desktop at 640x1024 viewport size","advertisement-tests","Fri May 01 06:31:16 UTC 2026","passed","Fri May 01 06:31:23 UTC 2026","Verify ad blocks within the desktop viewport range (576-767px) for different user roles","advertisement.test.js","",""
"","48705","Check video block, footer banner, L vertical banner, S vertical banner for regular user - Destiny 2 in desktop at 1680x1050 viewport size","advertisement-tests","Fri May 01 06:56:04 UTC 2026","failed","Fri May 01 06:56:52 UTC 2026","Verify ad blocks within the desktop viewport range (>1412px) for different user roles","advertisement.test.js","",""
"","5437","Check video block, footer banner, L vertical banner for ad free user - PoE in desktop at 1280x800 viewport size","advertisement-tests","Fri May 01 06:51:50 UTC 2026","passed","Fri May 01 06:51:56 UTC 2026","Verify ad blocks within the desktop viewport range (1233-1411px) for different user roles","advertisement.test.js","",""
"","17415","Check advertisement blocks for regular user - Deadlock in desktop at 640x1024 viewport size","advertisement-tests","Fri May 01 06:37:04 UTC 2026","failed","Fri May 01 06:37:22 UTC 2026","Verify ad blocks within the desktop viewport range (576-767px) for different user roles","advertisement.test.js","",""
"","3824","Check video block, footer banner, L vertical banner, S vertical banner for plus user - Marathon in desktop at 1680x1050 viewport size","advertisement-tests","Fri May 01 07:05:24 UTC 2026","passed","Fri May 01 07:05:28 UTC 2026","Verify ad blocks within the desktop viewport range (>1412px) for different user roles","advertisement.test.js","",""
"","4891","Check video block, footer banner, L vertical banner for ad free user - Val in desktop at 1280x800 viewport size","advertisement-tests","Fri May 01 06:51:28 UTC 2026","passed","Fri May 01 06:51:32 UTC 2026","Verify ad blocks within the desktop viewport range (1233-1411px) for different user roles","advertisement.test.js","",""
"","5023","Check ad blocks for plus user - Marvel Rivals in mobile at 360x780 viewport size","advertisement-tests","Fri May 01 06:30:44 UTC 2026","passed","Fri May 01 06:30:49 UTC 2026","Verify ad blocks within the mobile viewport range (320–575px) for different user roles","advertisement.test.js","",""
"","12584","Check video block & footer banner for regular user - Monster Hunter Wilds in desktop at 1100x800 viewport size","advertisement-tests","Fri May 01 06:47:41 UTC 2026","passed","Fri May 01 06:47:54 UTC 2026","Verify ad blocks within the desktop viewport range (1024-1232px) for different user roles","advertisement.test.js","",""
"","8458","Check video block & footer banner for regular user - The Bazaar in desktop at 800x800 viewport size","advertisement-tests","Fri May 01 06:44:21 UTC 2026","passed","Fri May 01 06:44:30 UTC 2026","Verify video ad block & footer banner within the desktop viewport range (768-1023px) for different user roles","advertisement.test.js","",""
"","3286","Check advertisement blocks for ad free user - Marathon in desktop at 800x800 viewport size","advertisement-tests","Fri May 01 06:45:17 UTC 2026","passed","Fri May 01 06:45:21 UTC 2026","Verify video ad block & footer banner within the desktop viewport range (768-1023px) for different user roles","advertisement.test.js","",""
"","9291","Check video block & footer banner for unauthorized user - Borderlands 4 in desktop at 800x800 viewport size","advertisement-tests","Fri May 01 06:42:33 UTC 2026","passed","Fri May 01 06:42:42 UTC 2026","Verify video ad block & footer banner within the desktop viewport range (768-1023px) for different user roles","advertisement.test.js","",""
"","6914","Check ad blocks for regular user - STS 2 in mobile at 360x780 viewport size","advertisement-tests","Fri May 01 06:30:10 UTC 2026","passed","Fri May 01 06:30:17 UTC 2026","Verify ad blocks within the mobile viewport range (320–575px) for different user roles","advertisement.test.js","",""
"","10033","Check video block, footer banner, L vertical banner for regular user - 2XKO in desktop at 1280x800 viewport size","advertisement-tests","Fri May 01 06:50:36 UTC 2026","passed","Fri May 01 06:50:46 UTC 2026","Verify ad blocks within the desktop viewport range (1233-1411px) for different user roles","advertisement.test.js","",""
"","9030","Check video block & footer banner for unauthorized user - TFT in mobile at 360x780 viewport size","advertisement-tests","Fri May 01 06:28:58 UTC 2026","passed","Fri May 01 06:29:07 UTC 2026","Verify ad blocks within the mobile viewport range (320–575px) for different user roles","advertisement.test.js","",""
"","17353","Check advertisement blocks for regular user - PoE in desktop at 640x1024 viewport size","advertisement-tests","Fri May 01 06:37:53 UTC 2026","failed","Fri May 01 06:38:10 UTC 2026","Verify ad blocks within the desktop viewport range (576-767px) for different user roles","advertisement.test.js","",""
"","11613","Check video block, footer banner, L vertical banner, S vertical banner for unauthorized user - Overwatch in desktop at 1680x1050 viewport size","advertisement-tests","Fri May 01 06:53:14 UTC 2026","passed","Fri May 01 06:53:26 UTC 2026","Verify ad blocks within the desktop viewport range (>1412px) for different user roles","advertisement.test.js","",""
"","10549","Check video block, footer banner, L vertical banner for unauthorized user - Borderlands 4 in desktop at 1280x800 viewport size","advertisement-tests","Fri May 01 06:50:02 UTC 2026","passed","Fri May 01 06:50:13 UTC 2026","Verify ad blocks within the desktop viewport range (1233-1411px) for different user roles","advertisement.test.js","",""
"","10236","Check video block & footer banner for unauthorized user - PoE in desktop at 1100x800 viewport size","advertisement-tests","Fri May 01 06:46:38 UTC 2026","passed","Fri May 01 06:46:48 UTC 2026","Verify ad blocks within the desktop viewport range (1024-1232px) for different user roles","advertisement.test.js","",""
"","11270","Check video block & footer banner for unauthorized user - Endfield in desktop at 1100x800 viewport size","advertisement-tests","Fri May 01 06:46:44 UTC 2026","passed","Fri May 01 06:46:55 UTC 2026","Verify ad blocks within the desktop viewport range (1024-1232px) for different user roles","advertisement.test.js","",""
"","5630","Check video block & footer banner for ad free user - STS 2 in desktop at 1100x800 viewport size","advertisement-tests","Fri May 01 06:49:00 UTC 2026","passed","Fri May 01 06:49:06 UTC 2026","Verify ad blocks within the desktop viewport range (1024-1232px) for different user roles","advertisement.test.js","",""
"","12249","Check video block, footer banner, L vertical banner, S vertical banner for regular user - Riftbound in desktop at 1680x1050 viewport size","advertisement-tests","Fri May 01 06:53:34 UTC 2026","passed","Fri May 01 06:53:47 UTC 2026","Verify ad blocks within the desktop viewport range (>1412px) for different user roles","advertisement.test.js","",""
"","18082","Check advertisement blocks for unauthorized user - The Bazaar in desktop at 640x1024 viewport size","advertisement-tests","Fri May 01 06:33:11 UTC 2026","failed","Fri May 01 06:33:29 UTC 2026","Verify ad blocks within the desktop viewport range (576-767px) for different user roles","advertisement.test.js","",""
"","5287","Check video block & footer banner for ad free user - 2XKO in desktop at 1100x800 viewport size","advertisement-tests","Fri May 01 06:48:36 UTC 2026","passed","Fri May 01 06:48:41 UTC 2026","Verify ad blocks within the desktop viewport range (1024-1232px) for different user roles","advertisement.test.js","",""
"","3016","Check advertisement blocks for plus user - Borderlands 4 in desktop at 640x1024 viewport size","advertisement-tests","Fri May 01 06:39:46 UTC 2026","passed","Fri May 01 06:39:49 UTC 2026","Verify ad blocks within the desktop viewport range (576-767px) for different user roles","advertisement.test.js","",""
"","7572","Check advertisement blocks for unauthorized user - 2XKO in desktop at 640x1024 viewport size","advertisement-tests","Fri May 01 06:31:08 UTC 2026","passed","Fri May 01 06:31:16 UTC 2026","Verify ad blocks within the desktop viewport range (576-767px) for different user roles","advertisement.test.js","",""
"","2977","Check advertisement blocks for ad free user - Val in desktop at 800x800 viewport size","advertisement-tests","Fri May 01 06:44:47 UTC 2026","passed","Fri May 01 06:44:50 UTC 2026","Verify video ad block & footer banner within the desktop viewport range (768-1023px) for different user roles","advertisement.test.js","",""
"","6871","Check advertisement blocks for unauthorized user - Marvel Rivals in desktop at 640x1024 viewport size","advertisement-tests","Fri May 01 06:31:13 UTC 2026","passed","Fri May 01 06:31:20 UTC 2026","Verify ad blocks within the desktop viewport range (576-767px) for different user roles","advertisement.test.js","",""
"","8832","Check video block & footer banner for regular user - Deadlock in desktop at 800x800 viewport size","advertisement-tests","Fri May 01 06:44:38 UTC 2026","passed","Fri May 01 06:44:47 UTC 2026","Verify video ad block & footer banner within the desktop viewport range (768-1023px) for different user roles","advertisement.test.js","",""
"","55178","Check video block, footer banner, L vertical banner, S vertical banner for unauthorized user - Endfield in desktop at 1680x1050 viewport size","advertisement-tests","Fri May 01 06:55:25 UTC 2026","failed","Fri May 01 06:56:20 UTC 2026","Verify ad blocks within the desktop viewport range (>1412px) for different user roles","advertisement.test.js","",""
"","3575","Check advertisement blocks for ad free user - Riftbound in desktop at 800x800 viewport size","advertisement-tests","Fri May 01 06:44:50 UTC 2026","passed","Fri May 01 06:44:54 UTC 2026","Verify video ad block & footer banner within the desktop viewport range (768-1023px) for different user roles","advertisement.test.js","",""
"","4051","Check video block, footer banner, L vertical banner, S vertical banner for plus user - ZZZ in desktop at 1680x1050 viewport size","advertisement-tests","Fri May 01 07:04:45 UTC 2026","passed","Fri May 01 07:04:49 UTC 2026","Verify ad blocks within the desktop viewport range (>1412px) for different user roles","advertisement.test.js","",""
"","10090","Check video block & footer banner for unauthorized user - LoL in desktop at 1100x800 viewport size","advertisement-tests","Fri May 01 06:45:51 UTC 2026","passed","Fri May 01 06:46:01 UTC 2026","Verify ad blocks within the desktop viewport range (1024-1232px) for different user roles","advertisement.test.js","",""
"","6894","Check video block & footer banner for ad free user - Overwatch in desktop at 1100x800 viewport size","advertisement-tests","Fri May 01 06:49:00 UTC 2026","passed","Fri May 01 06:49:07 UTC 2026","Verify ad blocks within the desktop viewport range (1024-1232px) for different user roles","advertisement.test.js","",""
"","6084","Check ad blocks for ad free user - Diablo 4 in mobile at 360x780 viewport size","advertisement-tests","Fri May 01 06:30:21 UTC 2026","passed","Fri May 01 06:30:27 UTC 2026","Verify ad blocks within the mobile viewport range (320–575px) for different user roles","advertisement.test.js","",""
"","3007","Check advertisement blocks for ad free user - 2XKO in desktop at 800x800 viewport size","advertisement-tests","Fri May 01 06:44:54 UTC 2026","passed","Fri May 01 06:44:57 UTC 2026","Verify video ad block & footer banner within the desktop viewport range (768-1023px) for different user roles","advertisement.test.js","",""
"","5803","Check ad blocks for ad free user - Hades 2 in mobile at 360x780 viewport size","advertisement-tests","Fri May 01 06:30:26 UTC 2026","passed","Fri May 01 06:30:32 UTC 2026","Verify ad blocks within the mobile viewport range (320–575px) for different user roles","advertisement.test.js","",""
"","9252","Check video block & footer banner for unauthorized user - Endfield in desktop at 800x800 viewport size","advertisement-tests","Fri May 01 06:42:48 UTC 2026","passed","Fri May 01 06:42:57 UTC 2026","Verify video ad block & footer banner within the desktop viewport range (768-1023px) for different user roles","advertisement.test.js","",""
"","12173","Check video block & footer banner for regular user - TFT in desktop at 1100x800 viewport size","advertisement-tests","Fri May 01 06:47:16 UTC 2026","passed","Fri May 01 06:47:28 UTC 2026","Verify ad blocks within the desktop viewport range (1024-1232px) for different user roles","advertisement.test.js","",""
"","7795","Check video block & footer banner for unauthorized user - PoE in mobile at 360x780 viewport size","advertisement-tests","Fri May 01 06:29:22 UTC 2026","passed","Fri May 01 06:29:30 UTC 2026","Verify ad blocks within the mobile viewport range (320–575px) for different user roles","advertisement.test.js","",""
"","3998","Check video block, footer banner, L vertical banner, S vertical banner for ad free user - Marathon in desktop at 1680x1050 viewport size","advertisement-tests","Fri May 01 07:04:21 UTC 2026","passed","Fri May 01 07:04:25 UTC 2026","Verify ad blocks within the desktop viewport range (>1412px) for different user roles","advertisement.test.js","",""
"","9402","Check video block, footer banner, L vertical banner for regular user - Val in desktop at 1280x800 viewport size","advertisement-tests","Fri May 01 06:50:27 UTC 2026","passed","Fri May 01 06:50:36 UTC 2026","Verify ad blocks within the desktop viewport range (1233-1411px) for different user roles","advertisement.test.js","",""
"","17271","Check advertisement blocks for regular user - PoE 2 in desktop at 640x1024 viewport size","advertisement-tests","Fri May 01 06:37:47 UTC 2026","failed","Fri May 01 06:38:04 UTC 2026","Verify ad blocks within the desktop viewport range (576-767px) for different user roles","advertisement.test.js","",""
"","3802","Check advertisement blocks for plus user - STS 2 in desktop at 640x1024 viewport size","advertisement-tests","Fri May 01 06:39:56 UTC 2026","passed","Fri May 01 06:40:00 UTC 2026","Verify ad blocks within the desktop viewport range (576-767px) for different user roles","advertisement.test.js","",""
"","6433","Check advertisement blocks for plus user - Marathon in desktop at 800x800 viewport size","advertisement-tests","Fri May 01 06:45:46 UTC 2026","passed","Fri May 01 06:45:52 UTC 2026","Verify video ad block & footer banner within the desktop viewport range (768-1023px) for different user roles","advertisement.test.js","",""
"","1918","Check advertisement blocks for unauthorized user - Nightreign in desktop at 640x1024 viewport size","advertisement-tests","Fri May 01 06:31:20 UTC 2026","passed","Fri May 01 06:31:22 UTC 2026","Verify ad blocks within the desktop viewport range (576-767px) for different user roles","advertisement.test.js","",""
"","5596","Check video block, footer banner, L vertical banner for plus user - Borderlands 4 in desktop at 1280x800 viewport size","advertisement-tests","Fri May 01 06:52:13 UTC 2026","passed","Fri May 01 06:52:19 UTC 2026","Verify ad blocks within the desktop viewport range (1233-1411px) for different user roles","advertisement.test.js","",""
"","2130","Check video block, footer banner, L vertical banner, S vertical banner for ad free user - PoE in desktop at 1680x1050 viewport size","advertisement-tests","Fri May 01 07:04:10 UTC 2026","passed","Fri May 01 07:04:12 UTC 2026","Verify ad blocks within the desktop viewport range (>1412px) for different user roles","advertisement.test.js","",""
"","52465","Check video block, footer banner, L vertical banner, S vertical banner for ad free user - LoL in desktop at 1680x1050 viewport size","advertisement-tests","Fri May 01 07:04:58 UTC 2026","failed","Fri May 01 07:05:50 UTC 2026","Verify ad blocks within the desktop viewport range (>1412px) for different user roles","advertisement.test.js","",""
"","6500","Check video block, footer banner, L vertical banner for plus user - The Bazaar in desktop at 1280x800 viewport size","advertisement-tests","Fri May 01 06:52:17 UTC 2026","passed","Fri May 01 06:52:24 UTC 2026","Verify ad blocks within the desktop viewport range (1233-1411px) for different user roles","advertisement.test.js","",""
"","11912","Check video block, footer banner, L vertical banner, S vertical banner for unauthorized user - Hades 2 in desktop at 1680x1050 viewport size","advertisement-tests","Fri May 01 06:52:51 UTC 2026","passed","Fri May 01 06:53:03 UTC 2026","Verify ad blocks within the desktop viewport range (>1412px) for different user roles","advertisement.test.js","",""
"","11207","Check video block & footer banner for unauthorized user - The Bazaar in desktop at 1100x800 viewport size","advertisement-tests","Fri May 01 06:47:10 UTC 2026","passed","Fri May 01 06:47:21 UTC 2026","Verify ad blocks within the desktop viewport range (1024-1232px) for different user roles","advertisement.test.js","",""
"","4905","Check advertisement blocks for plus user - LoL in desktop at 640x1024 viewport size","advertisement-tests","Fri May 01 06:39:32 UTC 2026","passed","Fri May 01 06:39:36 UTC 2026","Verify ad blocks within the desktop viewport range (576-767px) for different user roles","advertisement.test.js","",""
"","9092","Check ad blocks for ad free user - TFT in mobile at 360x780 viewport size","advertisement-tests","Fri May 01 06:30:12 UTC 2026","passed","Fri May 01 06:30:21 UTC 2026","Verify ad blocks within the mobile viewport range (320–575px) for different user roles","advertisement.test.js","",""
"","17343","Check advertisement blocks for regular user - Hades 2 in desktop at 640x1024 viewport size","advertisement-tests","Fri May 01 06:36:56 UTC 2026","failed","Fri May 01 06:37:13 UTC 2026","Verify ad blocks within the desktop viewport range (576-767px) for different user roles","advertisement.test.js","",""
"","3509","Check ad blocks for ad free user - PoE 2 in mobile at 360x780 viewport size","advertisement-tests","Fri May 01 06:30:31 UTC 2026","passed","Fri May 01 06:30:34 UTC 2026","Verify ad blocks within the mobile viewport range (320–575px) for different user roles","advertisement.test.js","",""
"","10240","Check video block, footer banner, L vertical banner for unauthorized user - LoL in desktop at 1280x800 viewport size","advertisement-tests","Fri May 01 06:49:31 UTC 2026","passed","Fri May 01 06:49:41 UTC 2026","Verify ad blocks within the desktop viewport range (1233-1411px) for different user roles","advertisement.test.js","",""
"","2964","Check advertisement blocks for plus user - Marvel Rivals in desktop at 640x1024 viewport size","advertisement-tests","Fri May 01 06:39:39 UTC 2026","passed","Fri May 01 06:39:42 UTC 2026","Verify ad blocks within the desktop viewport range (576-767px) for different user roles","advertisement.test.js","",""
"","10094","Check video block, footer banner, L vertical banner for unauthorized user - Marathon in desktop at 1280x800 viewport size","advertisement-tests","Fri May 01 06:50:17 UTC 2026","passed","Fri May 01 06:50:27 UTC 2026","Verify ad blocks within the desktop viewport range (1233-1411px) for different user roles","advertisement.test.js","",""
"","9348","Check video block & footer banner for unauthorized user - STS 2 in desktop at 800x800 viewport size","advertisement-tests","Fri May 01 06:43:50 UTC 2026","passed","Fri May 01 06:43:59 UTC 2026","Verify video ad block & footer banner within the desktop viewport range (768-1023px) for different user roles","advertisement.test.js","",""
"","7550","Check advertisement blocks for plus user - TFT in desktop at 800x800 viewport size","advertisement-tests","Fri May 01 06:45:26 UTC 2026","passed","Fri May 01 06:45:34 UTC 2026","Verify video ad block & footer banner within the desktop viewport range (768-1023px) for different user roles","advertisement.test.js","",""
"","11382","Check video block & footer banner for regular user - ZZZ in desktop at 1100x800 viewport size","advertisement-tests","Fri May 01 06:47:30 UTC 2026","passed","Fri May 01 06:47:41 UTC 2026","Verify ad blocks within the desktop viewport range (1024-1232px) for different user roles","advertisement.test.js","",""
"","6438","Check ad blocks for regular user - Marathon in mobile at 360x780 viewport size","advertisement-tests","Fri May 01 06:30:06 UTC 2026","passed","Fri May 01 06:30:12 UTC 2026","Verify ad blocks within the mobile viewport range (320–575px) for different user roles","advertisement.test.js","",""
"","17485","Check advertisement blocks for regular user - Marathon in desktop at 640x1024 viewport size","advertisement-tests","Fri May 01 06:38:45 UTC 2026","failed","Fri May 01 06:39:02 UTC 2026","Verify ad blocks within the desktop viewport range (576-767px) for different user roles","advertisement.test.js","",""
"","13655","Check video block & footer banner for regular user - The Bazaar in desktop at 1100x800 viewport size","advertisement-tests","Fri May 01 06:48:29 UTC 2026","passed","Fri May 01 06:48:43 UTC 2026","Verify ad blocks within the desktop viewport range (1024-1232px) for different user roles","advertisement.test.js","",""
"","5454","Check video block & footer banner for plus user - Riftbound in desktop at 1100x800 viewport size","advertisement-tests","Fri May 01 06:49:07 UTC 2026","passed","Fri May 01 06:49:12 UTC 2026","Verify ad blocks within the desktop viewport range (1024-1232px) for different user roles","advertisement.test.js","",""
"","5579","Check ad blocks for plus user - PoE 2 in mobile at 360x780 viewport size","advertisement-tests","Fri May 01 06:30:55 UTC 2026","passed","Fri May 01 06:31:01 UTC 2026","Verify ad blocks within the mobile viewport range (320–575px) for different user roles","advertisement.test.js","",""
"","8567","Check video block & footer banner for unauthorized user - Overwatch in desktop at 800x800 viewport size","advertisement-tests","Fri May 01 06:43:22 UTC 2026","passed","Fri May 01 06:43:30 UTC 2026","Verify video ad block & footer banner within the desktop viewport range (768-1023px) for different user roles","advertisement.test.js","",""
"","2508","Check video block, footer banner, L vertical banner, S vertical banner for plus user - LoL in desktop at 1680x1050 viewport size","advertisement-tests","Fri May 01 07:04:29 UTC 2026","passed","Fri May 01 07:04:32 UTC 2026","Verify ad blocks within the desktop viewport range (>1412px) for different user roles","advertisement.test.js","",""
"","9408","Check video block & footer banner for unauthorized user - Destiny 2 in desktop at 1100x800 viewport size","advertisement-tests","Fri May 01 06:46:14 UTC 2026","passed","Fri May 01 06:46:23 UTC 2026","Verify ad blocks within the desktop viewport range (1024-1232px) for different user roles","advertisement.test.js","",""
"","4836","Check ad blocks for ad free user - Deadlock in mobile at 360x780 viewport size","advertisement-tests","Fri May 01 06:30:27 UTC 2026","passed","Fri May 01 06:30:32 UTC 2026","Verify ad blocks within the mobile viewport range (320–575px) for different user roles","advertisement.test.js","",""
"","10735","Check video block, footer banner, L vertical banner for unauthorized user - Overwatch in desktop at 1280x800 viewport size","advertisement-tests","Fri May 01 06:50:18 UTC 2026","passed","Fri May 01 06:50:29 UTC 2026","Verify ad blocks within the desktop viewport range (1233-1411px) for different user roles","advertisement.test.js","",""
"","3022","Check advertisement blocks for ad free user - PoE in desktop at 640x1024 viewport size","advertisement-tests","Fri May 01 06:39:23 UTC 2026","passed","Fri May 01 06:39:26 UTC 2026","Verify ad blocks within the desktop viewport range (576-767px) for different user roles","advertisement.test.js","",""
"","3507","Check advertisement blocks for ad free user - Borderlands 4 in desktop at 800x800 viewport size","advertisement-tests","Fri May 01 06:45:08 UTC 2026","passed","Fri May 01 06:45:12 UTC 2026","Verify video ad block & footer banner within the desktop viewport range (768-1023px) for different user roles","advertisement.test.js","",""
"","5011","Check video block, footer banner, L vertical banner for ad free user - ZZZ in desktop at 1280x800 viewport size","advertisement-tests","Fri May 01 06:51:38 UTC 2026","passed","Fri May 01 06:51:43 UTC 2026","Verify ad blocks within the desktop viewport range (1233-1411px) for different user roles","advertisement.test.js","",""
"","5426","Check advertisement blocks for plus user - STS 2 in desktop at 800x800 viewport size","advertisement-tests","Fri May 01 06:45:47 UTC 2026","passed","Fri May 01 06:45:53 UTC 2026","Verify video ad block & footer banner within the desktop viewport range (768-1023px) for different user roles","advertisement.test.js","",""
"","9968","Check video block & footer banner for regular user - Borderlands 4 in desktop at 800x800 viewport size","advertisement-tests","Fri May 01 06:44:07 UTC 2026","passed","Fri May 01 06:44:17 UTC 2026","Verify video ad block & footer banner within the desktop viewport range (768-1023px) for different user roles","advertisement.test.js","",""
"","3906","Check video block, footer banner, L vertical banner for plus user - TFT in desktop at 1280x800 viewport size","advertisement-tests","Fri May 01 06:52:00 UTC 2026","passed","Fri May 01 06:52:04 UTC 2026","Verify ad blocks within the desktop viewport range (1233-1411px) for different user roles","advertisement.test.js","",""
"","4260","Check video block, footer banner, L vertical banner for plus user - Riftbound in desktop at 1280x800 viewport size","advertisement-tests","Fri May 01 06:52:01 UTC 2026","passed","Fri May 01 06:52:05 UTC 2026","Verify ad blocks within the desktop viewport range (1233-1411px) for different user roles","advertisement.test.js","",""
"","4029","Check video block, footer banner, L vertical banner for ad free user - The Bazaar in desktop at 1280x800 viewport size","advertisement-tests","Fri May 01 06:51:51 UTC 2026","passed","Fri May 01 06:51:55 UTC 2026","Verify ad blocks within the desktop viewport range (1233-1411px) for different user roles","advertisement.test.js","",""
"","4466","Check ad blocks for ad free user - Marathon in mobile at 360x780 viewport size","advertisement-tests","Fri May 01 06:30:34 UTC 2026","passed","Fri May 01 06:30:39 UTC 2026","Verify ad blocks within the mobile viewport range (320–575px) for different user roles","advertisement.test.js","",""
"","17799","Check advertisement blocks for regular user - Diablo 4 in desktop at 640x1024 viewport size","advertisement-tests","Fri May 01 06:36:02 UTC 2026","failed","Fri May 01 06:36:20 UTC 2026","Verify ad blocks within the desktop viewport range (576-767px) for different user roles","advertisement.test.js","",""
"","5562","Check video block & footer banner for unauthorized user - Destiny 2 in mobile at 360x780 viewport size","advertisement-tests","Fri May 01 06:29:13 UTC 2026","passed","Fri May 01 06:29:18 UTC 2026","Verify ad blocks within the mobile viewport range (320–575px) for different user roles","advertisement.test.js","",""
"","9126","Check advertisement blocks for unauthorized user - TFT in desktop at 640x1024 viewport size","advertisement-tests","Fri May 01 06:31:07 UTC 2026","passed","Fri May 01 06:31:16 UTC 2026","Verify ad blocks within the desktop viewport range (576-767px) for different user roles","advertisement.test.js","",""
"","17944","Check advertisement blocks for regular user - Riftbound in desktop at 640x1024 viewport size","advertisement-tests","Fri May 01 06:35:02 UTC 2026","failed","Fri May 01 06:35:20 UTC 2026","Verify ad blocks within the desktop viewport range (576-767px) for different user roles","advertisement.test.js","",""
"","4586","Check video block & footer banner for ad free user - Destiny 2 in desktop at 1100x800 viewport size","advertisement-tests","Fri May 01 06:48:44 UTC 2026","passed","Fri May 01 06:48:48 UTC 2026","Verify ad blocks within the desktop viewport range (1024-1232px) for different user roles","advertisement.test.js","",""
"","1388","Check advertisement blocks for regular user - Val in desktop at 640x1024 viewport size","advertisement-tests","Fri May 01 06:34:17 UTC 2026","passed","Fri May 01 06:34:19 UTC 2026","Verify ad blocks within the desktop viewport range (576-767px) for different user roles","advertisement.test.js","",""
"","4347","Check video block, footer banner, L vertical banner for plus user - STS 2 in desktop at 1280x800 viewport size","advertisement-tests","Fri May 01 06:52:24 UTC 2026","passed","Fri May 01 06:52:28 UTC 2026","Verify ad blocks within the desktop viewport range (1233-1411px) for different user roles","advertisement.test.js","",""
"","4860","Check ad blocks for plus user - TFT in mobile at 360x780 viewport size","advertisement-tests","Fri May 01 06:30:39 UTC 2026","passed","Fri May 01 06:30:44 UTC 2026","Verify ad blocks within the mobile viewport range (320–575px) for different user roles","advertisement.test.js","",""
"","11697","Check video block, footer banner, L vertical banner for regular user - Nightreign in desktop at 1280x800 viewport size","advertisement-tests","Fri May 01 06:50:46 UTC 2026","passed","Fri May 01 06:50:58 UTC 2026","Verify ad blocks within the desktop viewport range (1233-1411px) for different user roles","advertisement.test.js","",""
"","8687","Check video block & footer banner for unauthorized user - Marathon in desktop at 1100x800 viewport size","advertisement-tests","Fri May 01 06:46:48 UTC 2026","passed","Fri May 01 06:46:57 UTC 2026","Verify ad blocks within the desktop viewport range (1024-1232px) for different user roles","advertisement.test.js","",""
"","12768","Check video block & footer banner for regular user - PoE in desktop at 1100x800 viewport size","advertisement-tests","Fri May 01 06:47:55 UTC 2026","passed","Fri May 01 06:48:08 UTC 2026","Verify ad blocks within the desktop viewport range (1024-1232px) for different user roles","advertisement.test.js","",""
"","4536","Check ad blocks for plus user - Deadlock in mobile at 360x780 viewport size","advertisement-tests","Fri May 01 06:30:55 UTC 2026","passed","Fri May 01 06:30:59 UTC 2026","Verify ad blocks within the mobile viewport range (320–575px) for different user roles","advertisement.test.js","",""
"","4697","Check video block, footer banner, L vertical banner, S vertical banner for ad free user - Riftbound in desktop at 1680x1050 viewport size","advertisement-tests","Fri May 01 07:03:29 UTC 2026","passed","Fri May 01 07:03:34 UTC 2026","Verify ad blocks within the desktop viewport range (>1412px) for different user roles","advertisement.test.js","",""
"","5103","Check ad blocks for plus user - Riftbound in mobile at 360x780 viewport size","advertisement-tests","Fri May 01 06:30:43 UTC 2026","passed","Fri May 01 06:30:48 UTC 2026","Verify ad blocks within the mobile viewport range (320–575px) for different user roles","advertisement.test.js","",""
"","8459","Check video block & footer banner for regular user - Marathon in desktop at 1100x800 viewport size","advertisement-tests","Fri May 01 06:48:08 UTC 2026","passed","Fri May 01 06:48:16 UTC 2026","Verify ad blocks within the desktop viewport range (1024-1232px) for different user roles","advertisement.test.js","",""
"","4631","Check ad blocks for plus user - Hades 2 in mobile at 360x780 viewport size","advertisement-tests","Fri May 01 06:30:52 UTC 2026","passed","Fri May 01 06:30:56 UTC 2026","Verify ad blocks within the mobile viewport range (320–575px) for different user roles","advertisement.test.js","",""
"","11249","Check video block, footer banner, L vertical banner, S vertical banner for unauthorized user - Marvel Rivals in desktop at 1680x1050 viewport size","advertisement-tests","Fri May 01 06:52:36 UTC 2026","passed","Fri May 01 06:52:47 UTC 2026","Verify ad blocks within the desktop viewport range (>1412px) for different user roles","advertisement.test.js","",""
"","10097","Check video block & footer banner for regular user - Nightreign in desktop at 800x800 viewport size","advertisement-tests","Fri May 01 06:43:51 UTC 2026","passed","Fri May 01 06:44:01 UTC 2026","Verify video ad block & footer banner within the desktop viewport range (768-1023px) for different user roles","advertisement.test.js","",""
"","9939","Check video block, footer banner, L vertical banner for unauthorized user - STS 2 in desktop at 1280x800 viewport size","advertisement-tests","Fri May 01 06:50:23 UTC 2026","passed","Fri May 01 06:50:33 UTC 2026","Verify ad blocks within the desktop viewport range (1233-1411px) for different user roles","advertisement.test.js","",""
"","1676","Check advertisement blocks for ad free user - Val in desktop at 640x1024 viewport size","advertisement-tests","Fri May 01 06:39:04 UTC 2026","passed","Fri May 01 06:39:06 UTC 2026","Verify ad blocks within the desktop viewport range (576-767px) for different user roles","advertisement.test.js","",""
"","10431","Check video block & footer banner for unauthorized user - The Bazaar in desktop at 800x800 viewport size","advertisement-tests","Fri May 01 06:42:43 UTC 2026","passed","Fri May 01 06:42:53 UTC 2026","Verify video ad block & footer banner within the desktop viewport range (768-1023px) for different user roles","advertisement.test.js","",""
"","6053","Check video block & footer banner for plus user - Deadlock in desktop at 1100x800 viewport size","advertisement-tests","Fri May 01 06:49:19 UTC 2026","passed","Fri May 01 06:49:25 UTC 2026","Verify ad blocks within the desktop viewport range (1024-1232px) for different user roles","advertisement.test.js","",""
"","50747","Check video block, footer banner, L vertical banner, S vertical banner for regular user - STS 2 in desktop at 1680x1050 viewport size","advertisement-tests","Fri May 01 07:04:47 UTC 2026","failed","Fri May 01 07:05:38 UTC 2026","Verify ad blocks within the desktop viewport range (>1412px) for different user roles","advertisement.test.js","",""
"","2691","Check advertisement blocks for ad free user - Monster Hunter Wilds in desktop at 640x1024 viewport size","advertisement-tests","Fri May 01 06:39:18 UTC 2026","passed","Fri May 01 06:39:21 UTC 2026","Verify ad blocks within the desktop viewport range (576-767px) for different user roles","advertisement.test.js","",""
"","1277","Check advertisement blocks for regular user - Nightreign in desktop at 640x1024 viewport size","advertisement-tests","Fri May 01 06:35:26 UTC 2026","passed","Fri May 01 06:35:27 UTC 2026","Verify ad blocks within the desktop viewport range (576-767px) for different user roles","advertisement.test.js","",""
"","10115","Check video block & footer banner for unauthorized user - Diablo 4 in desktop at 800x800 viewport size","advertisement-tests","Fri May 01 06:42:15 UTC 2026","passed","Fri May 01 06:42:25 UTC 2026","Verify video ad block & footer banner within the desktop viewport range (768-1023px) for different user roles","advertisement.test.js","",""
"","49070","Check video block, footer banner, L vertical banner, S vertical banner for regular user - The Bazaar in desktop at 1680x1050 viewport size","advertisement-tests","Fri May 01 07:01:39 UTC 2026","failed","Fri May 01 07:02:28 UTC 2026","Verify ad blocks within the desktop viewport range (>1412px) for different user roles","advertisement.test.js","",""
"","9788","Check video block, footer banner, L vertical banner, S vertical banner for unauthorized user - Nightreign in desktop at 1680x1050 viewport size","advertisement-tests","Fri May 01 06:52:45 UTC 2026","passed","Fri May 01 06:52:55 UTC 2026","Verify ad blocks within the desktop viewport range (>1412px) for different user roles","advertisement.test.js","",""
"","8217","Check video block & footer banner for unauthorized user - Monster Hunter Wilds in mobile at 360x780 viewport size","advertisement-tests","Fri May 01 06:29:13 UTC 2026","passed","Fri May 01 06:29:22 UTC 2026","Verify ad blocks within the mobile viewport range (320–575px) for different user roles","advertisement.test.js","",""
"","12710","Check video block, footer banner, L vertical banner for regular user - Endfield in desktop at 1280x800 viewport size","advertisement-tests","Fri May 01 06:51:09 UTC 2026","passed","Fri May 01 06:51:21 UTC 2026","Verify ad blocks within the desktop viewport range (1233-1411px) for different user roles","advertisement.test.js","",""
"","10842","Check video block & footer banner for unauthorized user - Borderlands 4 in desktop at 1100x800 viewport size","advertisement-tests","Fri May 01 06:47:28 UTC 2026","passed","Fri May 01 06:47:39 UTC 2026","Verify ad blocks within the desktop viewport range (1024-1232px) for different user roles","advertisement.test.js","",""
"","5014","Check advertisement blocks for plus user - 2XKO in desktop at 640x1024 viewport size","advertisement-tests","Fri May 01 06:39:37 UTC 2026","passed","Fri May 01 06:39:42 UTC 2026","Verify ad blocks within the desktop viewport range (576-767px) for different user roles","advertisement.test.js","",""
"","9712","Check video block & footer banner for unauthorized user - PoE 2 in desktop at 1100x800 viewport size","advertisement-tests","Fri May 01 06:46:30 UTC 2026","passed","Fri May 01 06:46:40 UTC 2026","Verify ad blocks within the desktop viewport range (1024-1232px) for different user roles","advertisement.test.js","",""
"","9353","Check advertisement blocks for ad free user - TFT in desktop at 800x800 viewport size","advertisement-tests","Fri May 01 06:44:49 UTC 2026","passed","Fri May 01 06:44:59 UTC 2026","Verify video ad block & footer banner within the desktop viewport range (768-1023px) for different user roles","advertisement.test.js","",""
"","5016","Check ad blocks for plus user - STS 2 in mobile at 360x780 viewport size","advertisement-tests","Fri May 01 06:31:03 UTC 2026","passed","Fri May 01 06:31:08 UTC 2026","Verify ad blocks within the mobile viewport range (320–575px) for different user roles","advertisement.test.js","",""
"","11066","Check video block, footer banner, L vertical banner, S vertical banner for unauthorized user - Monster Hunter Wilds in desktop at 1680x1050 viewport size","advertisement-tests","Fri May 01 06:52:51 UTC 2026","passed","Fri May 01 06:53:02 UTC 2026","Verify ad blocks within the desktop viewport range (>1412px) for different user roles","advertisement.test.js","",""
"","4105","Check advertisement blocks for plus user - Riftbound in desktop at 800x800 viewport size","advertisement-tests","Fri May 01 06:45:27 UTC 2026","passed","Fri May 01 06:45:31 UTC 2026","Verify video ad block & footer banner within the desktop viewport range (768-1023px) for different user roles","advertisement.test.js","",""
"","3273","Check advertisement blocks for plus user - Monster Hunter Wilds in desktop at 640x1024 viewport size","advertisement-tests","Fri May 01 06:39:45 UTC 2026","passed","Fri May 01 06:39:48 UTC 2026","Verify ad blocks within the desktop viewport range (576-767px) for different user roles","advertisement.test.js","",""
"","17301","Check advertisement blocks for regular user - Marvel Rivals in desktop at 640x1024 viewport size","advertisement-tests","Fri May 01 06:35:50 UTC 2026","failed","Fri May 01 06:36:08 UTC 2026","Verify ad blocks within the desktop viewport range (576-767px) for different user roles","advertisement.test.js","",""
"","6158","Check video block & footer banner for ad free user - Borderlands 4 in desktop at 1100x800 viewport size","advertisement-tests","Fri May 01 06:48:48 UTC 2026","passed","Fri May 01 06:48:54 UTC 2026","Verify ad blocks within the desktop viewport range (1024-1232px) for different user roles","advertisement.test.js","",""
"","2793","Check video block, footer banner, L vertical banner, S vertical banner for ad free user - Val in desktop at 1680x1050 viewport size","advertisement-tests","Fri May 01 07:03:10 UTC 2026","passed","Fri May 01 07:03:13 UTC 2026","Verify ad blocks within the desktop viewport range (>1412px) for different user roles","advertisement.test.js","",""
"","12640","Check video block, footer banner, L vertical banner for regular user - TFT in desktop at 1280x800 viewport size","advertisement-tests","Fri May 01 06:50:29 UTC 2026","passed","Fri May 01 06:50:41 UTC 2026","Verify ad blocks within the desktop viewport range (1233-1411px) for different user roles","advertisement.test.js","",""
"","2949","Check ad blocks for ad free user - Destiny 2 in mobile at 360x780 viewport size","advertisement-tests","Fri May 01 06:30:24 UTC 2026","passed","Fri May 01 06:30:26 UTC 2026","Verify ad blocks within the mobile viewport range (320–575px) for different user roles","advertisement.test.js","",""
"","20343","Check video block & footer banner for unauthorized user - LoL in desktop at 800x800 viewport size","advertisement-tests","Fri May 01 06:40:45 UTC 2026","failed","Fri May 01 06:41:06 UTC 2026","Verify video ad block & footer banner within the desktop viewport range (768-1023px) for different user roles","advertisement.test.js","",""
"","3132","Check advertisement blocks for plus user - PoE 2 in desktop at 640x1024 viewport size","advertisement-tests","Fri May 01 06:39:49 UTC 2026","passed","Fri May 01 06:39:52 UTC 2026","Verify ad blocks within the desktop viewport range (576-767px) for different user roles","advertisement.test.js","",""
"","5363","Check ad blocks for plus user - LoL in mobile at 360x780 viewport size","advertisement-tests","Fri May 01 06:30:39 UTC 2026","passed","Fri May 01 06:30:44 UTC 2026","Verify ad blocks within the mobile viewport range (320–575px) for different user roles","advertisement.test.js","",""
"","6867","Check video block & footer banner for regular user - PoE in desktop at 800x800 viewport size","advertisement-tests","Fri May 01 06:44:17 UTC 2026","passed","Fri May 01 06:44:24 UTC 2026","Verify video ad block & footer banner within the desktop viewport range (768-1023px) for different user roles","advertisement.test.js","",""
"","17928","Check advertisement blocks for unauthorized user - Destiny 2 in desktop at 640x1024 viewport size","advertisement-tests","Fri May 01 06:32:01 UTC 2026","failed","Fri May 01 06:32:19 UTC 2026","Verify ad blocks within the desktop viewport range (576-767px) for different user roles","advertisement.test.js","",""
"","11434","Check video block & footer banner for regular user - Val in desktop at 1100x800 viewport size","advertisement-tests","Fri May 01 06:47:08 UTC 2026","passed","Fri May 01 06:47:20 UTC 2026","Verify ad blocks within the desktop viewport range (1024-1232px) for different user roles","advertisement.test.js","",""
"","6162","Check video block, footer banner, L vertical banner for ad free user - Marathon in desktop at 1280x800 viewport size","advertisement-tests","Fri May 01 06:51:55 UTC 2026","passed","Fri May 01 06:52:01 UTC 2026","Verify ad blocks within the desktop viewport range (1233-1411px) for different user roles","advertisement.test.js","",""
"","50582","Check video block, footer banner, L vertical banner, S vertical banner for regular user - Overwatch in desktop at 1680x1050 viewport size","advertisement-tests","Fri May 01 07:02:29 UTC 2026","failed","Fri May 01 07:03:20 UTC 2026","Verify ad blocks within the desktop viewport range (>1412px) for different user roles","advertisement.test.js","",""
"","14","Check ad blocks for regular user - Val in mobile at 360x780 viewport size","advertisement-tests","Fri May 01 06:29:38 UTC 2026","skipped","Fri May 01 06:29:38 UTC 2026","Verify ad blocks within the mobile viewport range (320–575px) for different user roles","advertisement.test.js","",""
"","3748","Check video block & footer banner for plus user - Monster Hunter Wilds in desktop at 1100x800 viewport size","advertisement-tests","Fri May 01 06:49:15 UTC 2026","passed","Fri May 01 06:49:19 UTC 2026","Verify ad blocks within the desktop viewport range (1024-1232px) for different user roles","advertisement.test.js","",""
"","3557","Check video block, footer banner, L vertical banner for ad free user - STS 2 in desktop at 1280x800 viewport size","advertisement-tests","Fri May 01 06:51:56 UTC 2026","passed","Fri May 01 06:51:59 UTC 2026","Verify ad blocks within the desktop viewport range (1233-1411px) for different user roles","advertisement.test.js","",""
"","5359","Check video block & footer banner for ad free user - The Bazaar in desktop at 1100x800 viewport size","advertisement-tests","Fri May 01 06:48:53 UTC 2026","passed","Fri May 01 06:48:58 UTC 2026","Verify ad blocks within the desktop viewport range (1024-1232px) for different user roles","advertisement.test.js","",""
"","49388","Check video block, footer banner, L vertical banner, S vertical banner for regular user - PoE 2 in desktop at 1680x1050 viewport size","advertisement-tests","Fri May 01 06:59:19 UTC 2026","failed","Fri May 01 07:00:08 UTC 2026","Verify ad blocks within the desktop viewport range (>1412px) for different user roles","advertisement.test.js","",""
"","7955","Check video block & footer banner for unauthorized user - Endfield in mobile at 360x780 viewport size","advertisement-tests","Fri May 01 06:29:25 UTC 2026","passed","Fri May 01 06:29:33 UTC 2026","Verify ad blocks within the mobile viewport range (320–575px) for different user roles","advertisement.test.js","",""
"","5371","Check video block & footer banner for ad free user - Marvel Rivals in desktop at 1100x800 viewport size","advertisement-tests","Fri May 01 06:48:37 UTC 2026","passed","Fri May 01 06:48:42 UTC 2026","Verify ad blocks within the desktop viewport range (1024-1232px) for different user roles","advertisement.test.js","",""
"","49160","Check video block, footer banner, L vertical banner, S vertical banner for regular user - Borderlands 4 in desktop at 1680x1050 viewport size","advertisement-tests","Fri May 01 06:58:35 UTC 2026","failed","Fri May 01 06:59:24 UTC 2026","Verify ad blocks within the desktop viewport range (>1412px) for different user roles","advertisement.test.js","",""
"","5187","Check video block & footer banner for ad free user - Riftbound in desktop at 1100x800 viewport size","advertisement-tests","Fri May 01 06:48:31 UTC 2026","passed","Fri May 01 06:48:36 UTC 2026","Verify ad blocks within the desktop viewport range (1024-1232px) for different user roles","advertisement.test.js","",""
"","10664","Check video block, footer banner, L vertical banner for unauthorized user - The Bazaar in desktop at 1280x800 viewport size","advertisement-tests","Fri May 01 06:50:13 UTC 2026","passed","Fri May 01 06:50:23 UTC 2026","Verify ad blocks within the desktop viewport range (1233-1411px) for different user roles","advertisement.test.js","",""
"","6961","Check ad blocks for regular user - Endfield in mobile at 360x780 viewport size","advertisement-tests","Fri May 01 06:30:04 UTC 2026","passed","Fri May 01 06:30:11 UTC 2026","Verify ad blocks within the mobile viewport range (320–575px) for different user roles","advertisement.test.js","",""
"","4835","Check video block, footer banner, L vertical banner, S vertical banner for ad free user - Endfield in desktop at 1680x1050 viewport size","advertisement-tests","Fri May 01 07:04:16 UTC 2026","passed","Fri May 01 07:04:21 UTC 2026","Verify ad blocks within the desktop viewport range (>1412px) for different user roles","advertisement.test.js","",""
"","3156","Check advertisement blocks for plus user - Riftbound in desktop at 640x1024 viewport size","advertisement-tests","Fri May 01 06:39:36 UTC 2026","passed","Fri May 01 06:39:40 UTC 2026","Verify ad blocks within the desktop viewport range (576-767px) for different user roles","advertisement.test.js","",""
"","7375","Check ad blocks for regular user - The Bazaar in mobile at 360x780 viewport size","advertisement-tests","Fri May 01 06:30:03 UTC 2026","passed","Fri May 01 06:30:10 UTC 2026","Verify ad blocks within the mobile viewport range (320–575px) for different user roles","advertisement.test.js","",""
"","4576","Check advertisement blocks for plus user - PoE in desktop at 800x800 viewport size","advertisement-tests","Fri May 01 06:45:41 UTC 2026","passed","Fri May 01 06:45:46 UTC 2026","Verify video ad block & footer banner within the desktop viewport range (768-1023px) for different user roles","advertisement.test.js","",""
"","9134","Check video block & footer banner for unauthorized user - Riftbound in mobile at 360x780 viewport size","advertisement-tests","Fri May 01 06:28:58 UTC 2026","passed","Fri May 01 06:29:07 UTC 2026","Verify ad blocks within the mobile viewport range (320–575px) for different user roles","advertisement.test.js","",""
"","3887","Check advertisement blocks for plus user - Endfield in desktop at 640x1024 viewport size","advertisement-tests","Fri May 01 06:39:52 UTC 2026","passed","Fri May 01 06:39:56 UTC 2026","Verify ad blocks within the desktop viewport range (576-767px) for different user roles","advertisement.test.js","",""
"","4923","Check video block & footer banner for plus user - Marvel Rivals in desktop at 1100x800 viewport size","advertisement-tests","Fri May 01 06:49:08 UTC 2026","passed","Fri May 01 06:49:13 UTC 2026","Verify ad blocks within the desktop viewport range (1024-1232px) for different user roles","advertisement.test.js","",""
"","8228","Check ad blocks for regular user - Diablo 4 in mobile at 360x780 viewport size","advertisement-tests","Fri May 01 06:29:45 UTC 2026","passed","Fri May 01 06:29:53 UTC 2026","Verify ad blocks within the mobile viewport range (320–575px) for different user roles","advertisement.test.js","",""
"","10641","Check video block & footer banner for unauthorized user - Monster Hunter Wilds in desktop at 800x800 viewport size","advertisement-tests","Fri May 01 06:42:30 UTC 2026","passed","Fri May 01 06:42:41 UTC 2026","Verify video ad block & footer banner within the desktop viewport range (768-1023px) for different user roles","advertisement.test.js","",""
"","8519","Check video block & footer banner for unauthorized user - PoE 2 in mobile at 360x780 viewport size","advertisement-tests","Fri May 01 06:29:22 UTC 2026","passed","Fri May 01 06:29:30 UTC 2026","Verify ad blocks within the mobile viewport range (320–575px) for different user roles","advertisement.test.js","",""
"","9020","Check video block & footer banner for unauthorized user - Hades 2 in desktop at 1100x800 viewport size","advertisement-tests","Fri May 01 06:46:21 UTC 2026","passed","Fri May 01 06:46:30 UTC 2026","Verify ad blocks within the desktop viewport range (1024-1232px) for different user roles","advertisement.test.js","",""
"","4053","Check video block, footer banner, L vertical banner for ad free user - Borderlands 4 in desktop at 1280x800 viewport size","advertisement-tests","Fri May 01 06:51:46 UTC 2026","passed","Fri May 01 06:51:50 UTC 2026","Verify ad blocks within the desktop viewport range (1233-1411px) for different user roles","advertisement.test.js","",""
"","12207","Check video block, footer banner, L vertical banner for ad free user - LoL in desktop at 1280x800 viewport size","advertisement-tests","Fri May 01 06:51:21 UTC 2026","passed","Fri May 01 06:51:34 UTC 2026","Verify ad blocks within the desktop viewport range (1233-1411px) for different user roles","advertisement.test.js","",""
"","2583","Check video block, footer banner, L vertical banner, S vertical banner for plus user - Marvel Rivals in desktop at 1680x1050 viewport size","advertisement-tests","Fri May 01 07:04:43 UTC 2026","passed","Fri May 01 07:04:45 UTC 2026","Verify ad blocks within the desktop viewport range (>1412px) for different user roles","advertisement.test.js","",""
"","4560","Check ad blocks for plus user - ZZZ in mobile at 360x780 viewport size","advertisement-tests","Fri May 01 06:30:44 UTC 2026","passed","Fri May 01 06:30:49 UTC 2026","Verify ad blocks within the mobile viewport range (320–575px) for different user roles","advertisement.test.js","",""
"","11519","Check video block, footer banner, L vertical banner for unauthorized user - Diablo 4 in desktop at 1280x800 viewport size","advertisement-tests","Fri May 01 06:49:45 UTC 2026","passed","Fri May 01 06:49:57 UTC 2026","Verify ad blocks within the desktop viewport range (1233-1411px) for different user roles","advertisement.test.js","",""
"","11239","Check video block, footer banner, L vertical banner, S vertical banner for unauthorized user - Marathon in desktop at 1680x1050 viewport size","advertisement-tests","Fri May 01 06:53:13 UTC 2026","passed","Fri May 01 06:53:24 UTC 2026","Verify ad blocks within the desktop viewport range (>1412px) for different user roles","advertisement.test.js","",""
"","3282","Check advertisement blocks for plus user - PoE in desktop at 640x1024 viewport size","advertisement-tests","Fri May 01 06:39:49 UTC 2026","passed","Fri May 01 06:39:52 UTC 2026","Verify ad blocks within the desktop viewport range (576-767px) for different user roles","advertisement.test.js","",""
"","11224","Check video block, footer banner, L vertical banner, S vertical banner for unauthorized user - Diablo 4 in desktop at 1680x1050 viewport size","advertisement-tests","Fri May 01 06:52:40 UTC 2026","passed","Fri May 01 06:52:51 UTC 2026","Verify ad blocks within the desktop viewport range (>1412px) for different user roles","advertisement.test.js","",""
"","6247","Check video block & footer banner for regular user - Val in desktop at 800x800 viewport size","advertisement-tests","Fri May 01 06:43:03 UTC 2026","passed","Fri May 01 06:43:09 UTC 2026","Verify video ad block & footer banner within the desktop viewport range (768-1023px) for different user roles","advertisement.test.js","",""
"","6613","Check ad blocks for ad free user - 2XKO in mobile at 360x780 viewport size","advertisement-tests","Fri May 01 06:30:17 UTC 2026","passed","Fri May 01 06:30:24 UTC 2026","Verify ad blocks within the mobile viewport range (320–575px) for different user roles","advertisement.test.js","",""
"","6393","Check video block & footer banner for plus user - Nightreign in desktop at 1100x800 viewport size","advertisement-tests","Fri May 01 06:49:13 UTC 2026","passed","Fri May 01 06:49:20 UTC 2026","Verify ad blocks within the desktop viewport range (1024-1232px) for different user roles","advertisement.test.js","",""
"","3624","Check advertisement blocks for plus user - ZZZ in desktop at 640x1024 viewport size","advertisement-tests","Fri May 01 06:39:40 UTC 2026","passed","Fri May 01 06:39:43 UTC 2026","Verify ad blocks within the desktop viewport range (576-767px) for different user roles","advertisement.test.js","",""
"","4169","Check advertisement blocks for ad free user - Diablo 4 in desktop at 800x800 viewport size","advertisement-tests","Fri May 01 06:44:59 UTC 2026","passed","Fri May 01 06:45:04 UTC 2026","Verify video ad block & footer banner within the desktop viewport range (768-1023px) for different user roles","advertisement.test.js","",""
"","3124","Check advertisement blocks for plus user - TFT in desktop at 640x1024 viewport size","advertisement-tests","Fri May 01 06:39:36 UTC 2026","passed","Fri May 01 06:39:39 UTC 2026","Verify ad blocks within the desktop viewport range (576-767px) for different user roles","advertisement.test.js","",""
"","4483","Check video block, footer banner, L vertical banner, S vertical banner for ad free user - Diablo 4 in desktop at 1680x1050 viewport size","advertisement-tests","Fri May 01 07:03:44 UTC 2026","passed","Fri May 01 07:03:49 UTC 2026","Verify ad blocks within the desktop viewport range (>1412px) for different user roles","advertisement.test.js","",""
"","5666","Check video block, footer banner, L vertical banner for plus user - Nightreign in desktop at 1280x800 viewport size","advertisement-tests","Fri May 01 06:52:09 UTC 2026","passed","Fri May 01 06:52:15 UTC 2026","Verify ad blocks within the desktop viewport range (1233-1411px) for different user roles","advertisement.test.js","",""
"","8248","Check video block & footer banner for unauthorized user - Hades 2 in mobile at 360x780 viewport size","advertisement-tests","Fri May 01 06:29:14 UTC 2026","passed","Fri May 01 06:29:22 UTC 2026","Verify ad blocks within the mobile viewport range (320–575px) for different user roles","advertisement.test.js","",""
"","5659","Check video block, footer banner, L vertical banner for plus user - PoE 2 in desktop at 1280x800 viewport size","advertisement-tests","Fri May 01 06:52:14 UTC 2026","passed","Fri May 01 06:52:20 UTC 2026","Verify ad blocks within the desktop viewport range (1233-1411px) for different user roles","advertisement.test.js","",""
"","3884","Check ad blocks for ad free user - Nightreign in mobile at 360x780 viewport size","advertisement-tests","Fri May 01 06:30:23 UTC 2026","passed","Fri May 01 06:30:26 UTC 2026","Verify ad blocks within the mobile viewport range (320–575px) for different user roles","advertisement.test.js","",""
"","11762","Check video block & footer banner for unauthorized user - Diablo 4 in desktop at 1100x800 viewport size","advertisement-tests","Fri May 01 06:46:06 UTC 2026","passed","Fri May 01 06:46:17 UTC 2026","Verify ad blocks within the desktop viewport range (1024-1232px) for different user roles","advertisement.test.js","",""
"","8856","Check video block & footer banner for unauthorized user - The Bazaar in mobile at 360x780 viewport size","advertisement-tests","Fri May 01 06:29:23 UTC 2026","passed","Fri May 01 06:29:32 UTC 2026","Verify ad blocks within the mobile viewport range (320–575px) for different user roles","advertisement.test.js","",""
"","22023","Check video block & footer banner for unauthorized user - 2XKO in desktop at 800x800 viewport size","advertisement-tests","Fri May 01 06:42:02 UTC 2026","failed","Fri May 01 06:42:24 UTC 2026","Verify video ad block & footer banner within the desktop viewport range (768-1023px) for different user roles","advertisement.test.js","",""
"","6812","Check video block & footer banner for plus user - The Bazaar in desktop at 1100x800 viewport size","advertisement-tests","Fri May 01 06:49:24 UTC 2026","passed","Fri May 01 06:49:31 UTC 2026","Verify ad blocks within the desktop viewport range (1024-1232px) for different user roles","advertisement.test.js","",""
"","4761","Check advertisement blocks for plus user - ZZZ in desktop at 800x800 viewport size","advertisement-tests","Fri May 01 06:45:31 UTC 2026","passed","Fri May 01 06:45:36 UTC 2026","Verify video ad block & footer banner within the desktop viewport range (768-1023px) for different user roles","advertisement.test.js","",""
"","49017","Check video block, footer banner, L vertical banner, S vertical banner for regular user - Endfield in desktop at 1680x1050 viewport size","advertisement-tests","Fri May 01 07:01:52 UTC 2026","failed","Fri May 01 07:02:41 UTC 2026","Verify ad blocks within the desktop viewport range (>1412px) for different user roles","advertisement.test.js","",""
"","13688","Check video block, footer banner, L vertical banner, S vertical banner for regular user - Marvel Rivals in desktop at 1680x1050 viewport size","advertisement-tests","Fri May 01 06:53:40 UTC 2026","passed","Fri May 01 06:53:53 UTC 2026","Verify ad blocks within the desktop viewport range (>1412px) for different user roles","advertisement.test.js","",""
"","17921","Check advertisement blocks for unauthorized user - PoE 2 in desktop at 640x1024 viewport size","advertisement-tests","Fri May 01 06:32:58 UTC 2026","failed","Fri May 01 06:33:16 UTC 2026","Verify ad blocks within the desktop viewport range (576-767px) for different user roles","advertisement.test.js","",""
"","11208","Check video block, footer banner, L vertical banner for regular user - LoL in desktop at 1280x800 viewport size","advertisement-tests","Fri May 01 06:50:25 UTC 2026","passed","Fri May 01 06:50:36 UTC 2026","Verify ad blocks within the desktop viewport range (1233-1411px) for different user roles","advertisement.test.js","",""
"","7036","Check video block & footer banner for unauthorized user - Borderlands 4 in mobile at 360x780 viewport size","advertisement-tests","Fri May 01 06:29:16 UTC 2026","passed","Fri May 01 06:29:23 UTC 2026","Verify ad blocks within the mobile viewport range (320–575px) for different user roles","advertisement.test.js","",""
"","5970","Check advertisement blocks for plus user - LoL in desktop at 800x800 viewport size","advertisement-tests","Fri May 01 06:45:21 UTC 2026","passed","Fri May 01 06:45:27 UTC 2026","Verify video ad block & footer banner within the desktop viewport range (768-1023px) for different user roles","advertisement.test.js","",""
"","5906","Check video block & footer banner for unauthorized user - STS 2 in mobile at 360x780 viewport size","advertisement-tests","Fri May 01 06:29:32 UTC 2026","passed","Fri May 01 06:29:37 UTC 2026","Verify ad blocks within the mobile viewport range (320–575px) for different user roles","advertisement.test.js","",""
"","18217","Check advertisement blocks for regular user - STS 2 in desktop at 640x1024 viewport size","advertisement-tests","Fri May 01 06:38:56 UTC 2026","failed","Fri May 01 06:39:14 UTC 2026","Verify ad blocks within the desktop viewport range (576-767px) for different user roles","advertisement.test.js","",""
"","4276","Check advertisement blocks for plus user - Diablo 4 in desktop at 800x800 viewport size","advertisement-tests","Fri May 01 06:45:32 UTC 2026","passed","Fri May 01 06:45:36 UTC 2026","Verify video ad block & footer banner within the desktop viewport range (768-1023px) for different user roles","advertisement.test.js","",""
"","18286","Check advertisement blocks for unauthorized user - Deadlock in desktop at 640x1024 viewport size","advertisement-tests","Fri May 01 06:32:52 UTC 2026","failed","Fri May 01 06:33:11 UTC 2026","Verify ad blocks within the desktop viewport range (576-767px) for different user roles","advertisement.test.js","",""
"","5250","Check video block, footer banner, L vertical banner for ad free user - Deadlock in desktop at 1280x800 viewport size","advertisement-tests","Fri May 01 06:51:47 UTC 2026","passed","Fri May 01 06:51:53 UTC 2026","Verify ad blocks within the desktop viewport range (1233-1411px) for different user roles","advertisement.test.js","",""
"","17915","Check advertisement blocks for unauthorized user - STS 2 in desktop at 640x1024 viewport size","advertisement-tests","Fri May 01 06:34:10 UTC 2026","failed","Fri May 01 06:34:28 UTC 2026","Verify ad blocks within the desktop viewport range (576-767px) for different user roles","advertisement.test.js","",""
"","11013","Check video block & footer banner for unauthorized user - Monster Hunter Wilds in desktop at 1100x800 viewport size","advertisement-tests","Fri May 01 06:46:17 UTC 2026","passed","Fri May 01 06:46:28 UTC 2026","Verify ad blocks within the desktop viewport range (1024-1232px) for different user roles","advertisement.test.js","",""
"","4859","Check video block, footer banner, L vertical banner for plus user - Marvel Rivals in desktop at 1280x800 viewport size","advertisement-tests","Fri May 01 06:52:04 UTC 2026","passed","Fri May 01 06:52:09 UTC 2026","Verify ad blocks within the desktop viewport range (1233-1411px) for different user roles","advertisement.test.js","",""
"","4771","Check ad blocks for plus user - The Bazaar in mobile at 360x780 viewport size","advertisement-tests","Fri May 01 06:30:57 UTC 2026","passed","Fri May 01 06:31:02 UTC 2026","Verify ad blocks within the mobile viewport range (320–575px) for different user roles","advertisement.test.js","",""
"","4425","Check video block & footer banner for unauthorized user - Nightreign in mobile at 360x780 viewport size","advertisement-tests","Fri May 01 06:29:08 UTC 2026","passed","Fri May 01 06:29:13 UTC 2026","Verify ad blocks within the mobile viewport range (320–575px) for different user roles","advertisement.test.js","",""
"","12891","Check video block, footer banner, L vertical banner, S vertical banner for regular user - ZZZ in desktop at 1680x1050 viewport size","advertisement-tests","Fri May 01 06:53:47 UTC 2026","passed","Fri May 01 06:54:00 UTC 2026","Verify ad blocks within the desktop viewport range (>1412px) for different user roles","advertisement.test.js","",""
"","5514","Check advertisement blocks for ad free user - The Bazaar in desktop at 800x800 viewport size","advertisement-tests","Fri May 01 06:45:15 UTC 2026","passed","Fri May 01 06:45:20 UTC 2026","Verify video ad block & footer banner within the desktop viewport range (768-1023px) for different user roles","advertisement.test.js","",""
"","5569","Check video block & footer banner for plus user - Endfield in desktop at 1100x800 viewport size","advertisement-tests","Fri May 01 06:49:25 UTC 2026","passed","Fri May 01 06:49:30 UTC 2026","Verify ad blocks within the desktop viewport range (1024-1232px) for different user roles","advertisement.test.js","",""
"","11255","Check video block, footer banner, L vertical banner, S vertical banner for unauthorized user - The Bazaar in desktop at 1680x1050 viewport size","advertisement-tests","Fri May 01 06:53:06 UTC 2026","passed","Fri May 01 06:53:17 UTC 2026","Verify ad blocks within the desktop viewport range (>1412px) for different user roles","advertisement.test.js","",""
"","10107","Check video block, footer banner, L vertical banner for unauthorized user - Val in desktop at 1280x800 viewport size","advertisement-tests","Fri May 01 06:49:31 UTC 2026","passed","Fri May 01 06:49:41 UTC 2026","Verify ad blocks within the desktop viewport range (1233-1411px) for different user roles","advertisement.test.js","",""
"","5196","Check video block, footer banner, L vertical banner for ad free user - Riftbound in desktop at 1280x800 viewport size","advertisement-tests","Fri May 01 06:51:32 UTC 2026","passed","Fri May 01 06:51:38 UTC 2026","Verify ad blocks within the desktop viewport range (1233-1411px) for different user roles","advertisement.test.js","",""
"","2801","Check video block & footer banner for plus user - Destiny 2 in desktop at 1100x800 viewport size","advertisement-tests","Fri May 01 06:49:13 UTC 2026","passed","Fri May 01 06:49:16 UTC 2026","Verify ad blocks within the desktop viewport range (1024-1232px) for different user roles","advertisement.test.js","",""
"","11267","Check video block & footer banner for unauthorized user - ZZZ in desktop at 1100x800 viewport size","advertisement-tests","Fri May 01 06:46:02 UTC 2026","passed","Fri May 01 06:46:14 UTC 2026","Verify ad blocks within the desktop viewport range (1024-1232px) for different user roles","advertisement.test.js","",""
"","15324","Check video block, footer banner, L vertical banner, S vertical banner for regular user - Diablo 4 in desktop at 1680x1050 viewport size","advertisement-tests","Fri May 01 06:53:48 UTC 2026","passed","Fri May 01 06:54:03 UTC 2026","Verify ad blocks within the desktop viewport range (>1412px) for different user roles","advertisement.test.js","",""
"","5971","Check ad blocks for ad free user - Overwatch in mobile at 360x780 viewport size","advertisement-tests","Fri May 01 06:30:38 UTC 2026","passed","Fri May 01 06:30:44 UTC 2026","Verify ad blocks within the mobile viewport range (320–575px) for different user roles","advertisement.test.js","",""
"","5972","Check ad blocks for ad free user - Borderlands 4 in mobile at 360x780 viewport size","advertisement-tests","Fri May 01 06:30:27 UTC 2026","passed","Fri May 01 06:30:33 UTC 2026","Verify ad blocks within the mobile viewport range (320–575px) for different user roles","advertisement.test.js","",""
"","4578","Check video block, footer banner, L vertical banner for ad free user - Diablo 4 in desktop at 1280x800 viewport size","advertisement-tests","Fri May 01 06:51:38 UTC 2026","passed","Fri May 01 06:51:43 UTC 2026","Verify ad blocks within the desktop viewport range (1233-1411px) for different user roles","advertisement.test.js","",""
"","18848","Check advertisement blocks for unauthorized user - Borderlands 4 in desktop at 640x1024 viewport size","advertisement-tests","Fri May 01 06:32:10 UTC 2026","failed","Fri May 01 06:32:28 UTC 2026","Verify ad blocks within the desktop viewport range (576-767px) for different user roles","advertisement.test.js","",""
"","7909","Check video block & footer banner for ad free user - PoE 2 in desktop at 1100x800 viewport size","advertisement-tests","Fri May 01 06:48:52 UTC 2026","passed","Fri May 01 06:49:00 UTC 2026","Verify ad blocks within the desktop viewport range (1024-1232px) for different user roles","advertisement.test.js","",""
"","5755","Check ad blocks for ad free user - PoE in mobile at 360x780 viewport size","advertisement-tests","Fri May 01 06:30:32 UTC 2026","passed","Fri May 01 06:30:38 UTC 2026","Verify ad blocks within the mobile viewport range (320–575px) for different user roles","advertisement.test.js","",""
"","6705","Check video block, footer banner, L vertical banner for plus user - PoE in desktop at 1280x800 viewport size","advertisement-tests","Fri May 01 06:52:15 UTC 2026","passed","Fri May 01 06:52:21 UTC 2026","Verify ad blocks within the desktop viewport range (1233-1411px) for different user roles","advertisement.test.js","",""
"","11590","Check video block, footer banner, L vertical banner for regular user - Hades 2 in desktop at 1280x800 viewport size","advertisement-tests","Fri May 01 06:50:56 UTC 2026","passed","Fri May 01 06:51:07 UTC 2026","Verify ad blocks within the desktop viewport range (1233-1411px) for different user roles","advertisement.test.js","",""
"","5708","Check ad blocks for plus user - Marathon in mobile at 360x780 viewport size","advertisement-tests","Fri May 01 06:31:01 UTC 2026","passed","Fri May 01 06:31:06 UTC 2026","Verify ad blocks within the mobile viewport range (320–575px) for different user roles","advertisement.test.js","",""
"","4209","Check advertisement blocks for plus user - 2XKO in desktop at 800x800 viewport size","advertisement-tests","Fri May 01 06:45:27 UTC 2026","passed","Fri May 01 06:45:31 UTC 2026","Verify video ad block & footer banner within the desktop viewport range (768-1023px) for different user roles","advertisement.test.js","",""
"","9237","Check video block & footer banner for regular user - LoL in desktop at 1100x800 viewport size","advertisement-tests","Fri May 01 06:47:06 UTC 2026","passed","Fri May 01 06:47:16 UTC 2026","Verify ad blocks within the desktop viewport range (1024-1232px) for different user roles","advertisement.test.js","",""
"","4437","Check ad blocks for plus user - 2XKO in mobile at 360x780 viewport size","advertisement-tests","Fri May 01 06:30:44 UTC 2026","passed","Fri May 01 06:30:48 UTC 2026","Verify ad blocks within the mobile viewport range (320–575px) for different user roles","advertisement.test.js","",""
"","12779","Check video block & footer banner for ad free user - TFT in desktop at 1100x800 viewport size","advertisement-tests","Fri May 01 06:48:28 UTC 2026","passed","Fri May 01 06:48:41 UTC 2026","Verify ad blocks within the desktop viewport range (1024-1232px) for different user roles","advertisement.test.js","",""
"","2165","Check video block, footer banner, L vertical banner, S vertical banner for ad free user - Destiny 2 in desktop at 1680x1050 viewport size","advertisement-tests","Fri May 01 07:03:52 UTC 2026","passed","Fri May 01 07:03:55 UTC 2026","Verify ad blocks within the desktop viewport range (>1412px) for different user roles","advertisement.test.js","",""
"","503","setup plus user","user-roles-setup","Fri May 01 06:28:55 UTC 2026","passed","Fri May 01 06:28:55 UTC 2026","","setup/userRoles.setup.test.js","",""
"","5728","Check video block, footer banner, L vertical banner for plus user - 2XKO in desktop at 1280x800 viewport size","advertisement-tests","Fri May 01 06:52:04 UTC 2026","passed","Fri May 01 06:52:10 UTC 2026","Verify ad blocks within the desktop viewport range (1233-1411px) for different user roles","advertisement.test.js","",""
"","5584","Check advertisement blocks for plus user - Deadlock in desktop at 800x800 viewport size","advertisement-tests","Fri May 01 06:45:40 UTC 2026","passed","Fri May 01 06:45:45 UTC 2026","Verify video ad block & footer banner within the desktop viewport range (768-1023px) for different user roles","advertisement.test.js","",""
"","10570","Check video block & footer banner for unauthorized user - PoE 2 in desktop at 800x800 viewport size","advertisement-tests","Fri May 01 06:42:41 UTC 2026","passed","Fri May 01 06:42:52 UTC 2026","Verify video ad block & footer banner within the desktop viewport range (768-1023px) for different user roles","advertisement.test.js","",""
"","17358","Check advertisement blocks for regular user - The Bazaar in desktop at 640x1024 viewport size","advertisement-tests","Fri May 01 06:37:58 UTC 2026","failed","Fri May 01 06:38:15 UTC 2026","Verify ad blocks within the desktop viewport range (576-767px) for different user roles","advertisement.test.js","",""
"","3206","Check video block, footer banner, L vertical banner, S vertical banner for ad free user - 2XKO in desktop at 1680x1050 viewport size","advertisement-tests","Fri May 01 07:03:34 UTC 2026","passed","Fri May 01 07:03:37 UTC 2026","Verify ad blocks within the desktop viewport range (>1412px) for different user roles","advertisement.test.js","",""
"","10790","Check video block & footer banner for unauthorized user - Val in desktop at 1100x800 viewport size","advertisement-tests","Fri May 01 06:45:52 UTC 2026","passed","Fri May 01 06:46:02 UTC 2026","Verify ad blocks within the desktop viewport range (1024-1232px) for different user roles","advertisement.test.js","",""
"","558","setup regular user","user-roles-setup","Fri May 01 06:28:55 UTC 2026","passed","Fri May 01 06:28:55 UTC 2026","","setup/userRoles.setup.test.js","",""
"","6516","Check video block & footer banner for unauthorized user - Deadlock in mobile at 360x780 viewport size","advertisement-tests","Fri May 01 06:29:18 UTC 2026","passed","Fri May 01 06:29:25 UTC 2026","Verify ad blocks within the mobile viewport range (320–575px) for different user roles","advertisement.test.js","",""
"","11409","Check video block, footer banner, L vertical banner for regular user - Marvel Rivals in desktop at 1280x800 viewport size","advertisement-tests","Fri May 01 06:50:36 UTC 2026","passed","Fri May 01 06:50:48 UTC 2026","Verify ad blocks within the desktop viewport range (1233-1411px) for different user roles","advertisement.test.js","",""
"","11108","Check video block, footer banner, L vertical banner, S vertical banner for unauthorized user - Borderlands 4 in desktop at 1680x1050 viewport size","advertisement-tests","Fri May 01 06:52:55 UTC 2026","passed","Fri May 01 06:53:06 UTC 2026","Verify ad blocks within the desktop viewport range (>1412px) for different user roles","advertisement.test.js","",""
"","6569","Check video block & footer banner for plus user - Overwatch in desktop at 1100x800 viewport size","advertisement-tests","Fri May 01 06:49:25 UTC 2026","passed","Fri May 01 06:49:32 UTC 2026","Verify ad blocks within the desktop viewport range (1024-1232px) for different user roles","advertisement.test.js","",""
"","6354","Check video block & footer banner for plus user - LoL in desktop at 1100x800 viewport size","advertisement-tests","Fri May 01 06:49:00 UTC 2026","passed","Fri May 01 06:49:07 UTC 2026","Verify ad blocks within the desktop viewport range (1024-1232px) for different user roles","advertisement.test.js","",""
"","6531","Check advertisement blocks for plus user - Monster Hunter Wilds in desktop at 800x800 viewport size","advertisement-tests","Fri May 01 06:45:36 UTC 2026","passed","Fri May 01 06:45:42 UTC 2026","Verify video ad block & footer banner within the desktop viewport range (768-1023px) for different user roles","advertisement.test.js","",""
"","11774","Check video block & footer banner for regular user - Marvel Rivals in desktop at 1100x800 viewport size","advertisement-tests","Fri May 01 06:47:28 UTC 2026","passed","Fri May 01 06:47:40 UTC 2026","Verify ad blocks within the desktop viewport range (1024-1232px) for different user roles","advertisement.test.js","",""
"","5754","Check ad blocks for ad free user - Monster Hunter Wilds in mobile at 360x780 viewport size","advertisement-tests","Fri May 01 06:30:25 UTC 2026","passed","Fri May 01 06:30:31 UTC 2026","Verify ad blocks within the mobile viewport range (320–575px) for different user roles","advertisement.test.js","",""
"","4177","Check advertisement blocks for ad free user - Endfield in desktop at 800x800 viewport size","advertisement-tests","Fri May 01 06:45:16 UTC 2026","passed","Fri May 01 06:45:20 UTC 2026","Verify video ad block & footer banner within the desktop viewport range (768-1023px) for different user roles","advertisement.test.js","",""
"","2609","Check advertisement blocks for plus user - Nightreign in desktop at 640x1024 viewport size","advertisement-tests","Fri May 01 06:39:42 UTC 2026","passed","Fri May 01 06:39:45 UTC 2026","Verify ad blocks within the desktop viewport range (576-767px) for different user roles","advertisement.test.js","",""
"","3411","Check advertisement blocks for plus user - Borderlands 4 in desktop at 800x800 viewport size","advertisement-tests","Fri May 01 06:45:38 UTC 2026","passed","Fri May 01 06:45:41 UTC 2026","Verify video ad block & footer banner within the desktop viewport range (768-1023px) for different user roles","advertisement.test.js","",""
"","6265","Check video block, footer banner, L vertical banner for plus user - Endfield in desktop at 1280x800 viewport size","advertisement-tests","Fri May 01 06:52:19 UTC 2026","passed","Fri May 01 06:52:25 UTC 2026","Verify ad blocks within the desktop viewport range (1233-1411px) for different user roles","advertisement.test.js","",""
"","11607","Check video block, footer banner, L vertical banner for unauthorized user - PoE in desktop at 1280x800 viewport size","advertisement-tests","Fri May 01 06:50:06 UTC 2026","passed","Fri May 01 06:50:18 UTC 2026","Verify ad blocks within the desktop viewport range (1233-1411px) for different user roles","advertisement.test.js","",""
"","3368","Check video block, footer banner, L vertical banner, S vertical banner for ad free user - Monster Hunter Wilds in desktop at 1680x1050 viewport size","advertisement-tests","Fri May 01 07:03:55 UTC 2026","passed","Fri May 01 07:03:58 UTC 2026","Verify ad blocks within the desktop viewport range (>1412px) for different user roles","advertisement.test.js","",""
"","6429","Check advertisement blocks for unauthorized user - ZZZ in desktop at 640x1024 viewport size","advertisement-tests","Fri May 01 06:31:16 UTC 2026","passed","Fri May 01 06:31:22 UTC 2026","Verify ad blocks within the desktop viewport range (576-767px) for different user roles","advertisement.test.js","",""
"","3070","Check ad blocks for plus user - Destiny 2 in mobile at 360x780 viewport size","advertisement-tests","Fri May 01 06:30:49 UTC 2026","passed","Fri May 01 06:30:52 UTC 2026","Verify ad blocks within the mobile viewport range (320–575px) for different user roles","advertisement.test.js","",""
"","10850","Check video block & footer banner for regular user - PoE 2 in desktop at 1100x800 viewport size","advertisement-tests","Fri May 01 06:47:54 UTC 2026","passed","Fri May 01 06:48:05 UTC 2026","Verify ad blocks within the desktop viewport range (1024-1232px) for different user roles","advertisement.test.js","",""
"","338","Check advertisement blocks for unauthorized user - Val in desktop at 640x1024 viewport size","advertisement-tests","Fri May 01 06:31:07 UTC 2026","skipped","Fri May 01 06:31:07 UTC 2026","Verify ad blocks within the desktop viewport range (576-767px) for different user roles","advertisement.test.js","",""
"","10110","Check video block, footer banner, L vertical banner, S vertical banner for unauthorized user - 2XKO in desktop at 1680x1050 viewport size","advertisement-tests","Fri May 01 06:52:35 UTC 2026","passed","Fri May 01 06:52:45 UTC 2026","Verify ad blocks within the desktop viewport range (>1412px) for different user roles","advertisement.test.js","",""
"","7110","Check ad blocks for regular user - Monster Hunter Wilds in mobile at 360x780 viewport size","advertisement-tests","Fri May 01 06:29:51 UTC 2026","passed","Fri May 01 06:29:58 UTC 2026","Verify ad blocks within the mobile viewport range (320–575px) for different user roles","advertisement.test.js","",""
"","18189","Check advertisement blocks for unauthorized user - Hades 2 in desktop at 640x1024 viewport size","advertisement-tests","Fri May 01 06:32:05 UTC 2026","failed","Fri May 01 06:32:23 UTC 2026","Verify ad blocks within the desktop viewport range (576-767px) for different user roles","advertisement.test.js","",""
"","2232","Check video block, footer banner, L vertical banner, S vertical banner for plus user - Destiny 2 in desktop at 1680x1050 viewport size","advertisement-tests","Fri May 01 07:04:57 UTC 2026","passed","Fri May 01 07:05:00 UTC 2026","Verify ad blocks within the desktop viewport range (>1412px) for different user roles","advertisement.test.js","",""
"","2488","Check video block, footer banner, L vertical banner, S vertical banner for plus user - 2XKO in desktop at 1680x1050 viewport size","advertisement-tests","Fri May 01 07:04:40 UTC 2026","passed","Fri May 01 07:04:43 UTC 2026","Verify ad blocks within the desktop viewport range (>1412px) for different user roles","advertisement.test.js","",""
"","4923","Check advertisement blocks for ad free user - ZZZ in desktop at 800x800 viewport size","advertisement-tests","Fri May 01 06:44:59 UTC 2026","passed","Fri May 01 06:45:04 UTC 2026","Verify video ad block & footer banner within the desktop viewport range (768-1023px) for different user roles","advertisement.test.js","",""
"","13836","Check video block, footer banner, L vertical banner for regular user - STS 2 in desktop at 1280x800 viewport size","advertisement-tests","Fri May 01 06:51:19 UTC 2026","passed","Fri May 01 06:51:33 UTC 2026","Verify ad blocks within the desktop viewport range (1233-1411px) for different user roles","advertisement.test.js","",""
"","2645","Check video block, footer banner, L vertical banner, S vertical banner for plus user - STS 2 in desktop at 1680x1050 viewport size","advertisement-tests","Fri May 01 07:05:31 UTC 2026","passed","Fri May 01 07:05:34 UTC 2026","Verify ad blocks within the desktop viewport range (>1412px) for different user roles","advertisement.test.js","",""
"","3727","Check video block, footer banner, L vertical banner, S vertical banner for plus user - Monster Hunter Wilds in desktop at 1680x1050 viewport size","advertisement-tests","Fri May 01 07:05:00 UTC 2026","passed","Fri May 01 07:05:03 UTC 2026","Verify ad blocks within the desktop viewport range (>1412px) for different user roles","advertisement.test.js","",""
"","2462","Check advertisement blocks for ad free user - Borderlands 4 in desktop at 640x1024 viewport size","advertisement-tests","Fri May 01 06:39:21 UTC 2026","passed","Fri May 01 06:39:23 UTC 2026","Verify ad blocks within the desktop viewport range (576-767px) for different user roles","advertisement.test.js","",""
"","5247","Check video block & footer banner for plus user - TFT in desktop at 1100x800 viewport size","advertisement-tests","Fri May 01 06:49:06 UTC 2026","passed","Fri May 01 06:49:11 UTC 2026","Verify ad blocks within the desktop viewport range (1024-1232px) for different user roles","advertisement.test.js","",""
"","7716","Check ad blocks for regular user - Overwatch in mobile at 360x780 viewport size","advertisement-tests","Fri May 01 06:30:07 UTC 2026","passed","Fri May 01 06:30:15 UTC 2026","Verify ad blocks within the mobile viewport range (320–575px) for different user roles","advertisement.test.js","",""
"","8465","Check advertisement blocks for unauthorized user - LoL in desktop at 640x1024 viewport size","advertisement-tests","Fri May 01 06:31:05 UTC 2026","passed","Fri May 01 06:31:13 UTC 2026","Verify ad blocks within the desktop viewport range (576-767px) for different user roles","advertisement.test.js","",""
"","583","setup add free user","user-roles-setup","Fri May 01 06:28:55 UTC 2026","passed","Fri May 01 06:28:55 UTC 2026","","setup/userRoles.setup.test.js","",""
"","10843","Check video block, footer banner, L vertical banner for unauthorized user - Nightreign in desktop at 1280x800 viewport size","advertisement-tests","Fri May 01 06:49:52 UTC 2026","passed","Fri May 01 06:50:03 UTC 2026","Verify ad blocks within the desktop viewport range (1233-1411px) for different user roles","advertisement.test.js","",""
"","4978","Check video block & footer banner for plus user - PoE 2 in desktop at 1100x800 viewport size","advertisement-tests","Fri May 01 06:49:20 UTC 2026","passed","Fri May 01 06:49:25 UTC 2026","Verify ad blocks within the desktop viewport range (1024-1232px) for different user roles","advertisement.test.js","",""
"","7125","Check ad blocks for regular user - 2XKO in mobile at 360x780 viewport size","advertisement-tests","Fri May 01 06:29:38 UTC 2026","passed","Fri May 01 06:29:45 UTC 2026","Verify ad blocks within the mobile viewport range (320–575px) for different user roles","advertisement.test.js","",""
"","1965","Check video block, footer banner, L vertical banner, S vertical banner for ad free user - STS 2 in desktop at 1680x1050 viewport size","advertisement-tests","Fri May 01 07:04:27 UTC 2026","passed","Fri May 01 07:04:29 UTC 2026","Verify ad blocks within the desktop viewport range (>1412px) for different user roles","advertisement.test.js","",""
"","2605","Check video block, footer banner, L vertical banner, S vertical banner for ad free user - Marvel Rivals in desktop at 1680x1050 viewport size","advertisement-tests","Fri May 01 07:03:38 UTC 2026","passed","Fri May 01 07:03:40 UTC 2026","Verify ad blocks within the desktop viewport range (>1412px) for different user roles","advertisement.test.js","",""
"","4702","Check advertisement blocks for plus user - Overwatch in desktop at 800x800 viewport size","advertisement-tests","Fri May 01 06:45:47 UTC 2026","passed","Fri May 01 06:45:52 UTC 2026","Verify video ad block & footer banner within the desktop viewport range (768-1023px) for different user roles","advertisement.test.js","",""
"","9325","Check video block, footer banner, L vertical banner for regular user - Deadlock in desktop at 1280x800 viewport size","advertisement-tests","Fri May 01 06:50:58 UTC 2026","passed","Fri May 01 06:51:07 UTC 2026","Verify ad blocks within the desktop viewport range (1233-1411px) for different user roles","advertisement.test.js","",""
"","6009","Check ad blocks for plus user - Monster Hunter Wilds in mobile at 360x780 viewport size","advertisement-tests","Fri May 01 06:30:49 UTC 2026","passed","Fri May 01 06:30:55 UTC 2026","Verify ad blocks within the mobile viewport range (320–575px) for different user roles","advertisement.test.js","",""
"","12973","Check advertisement blocks for ad free user - LoL in desktop at 800x800 viewport size","advertisement-tests","Fri May 01 06:45:13 UTC 2026","passed","Fri May 01 06:45:26 UTC 2026","Verify video ad block & footer banner within the desktop viewport range (768-1023px) for different user roles","advertisement.test.js","",""
"","49120","Check video block, footer banner, L vertical banner, S vertical banner for regular user - Hades 2 in desktop at 1680x1050 viewport size","advertisement-tests","Fri May 01 06:56:24 UTC 2026","failed","Fri May 01 06:57:13 UTC 2026","Verify ad blocks within the desktop viewport range (>1412px) for different user roles","advertisement.test.js","",""
"","6972","Check video block & footer banner for ad free user - PoE in desktop at 1100x800 viewport size","advertisement-tests","Fri May 01 06:48:53 UTC 2026","passed","Fri May 01 06:49:00 UTC 2026","Verify ad blocks within the desktop viewport range (1024-1232px) for different user roles","advertisement.test.js","",""
"","9304","Check video block & footer banner for unauthorized user - Nightreign in desktop at 1100x800 viewport size","advertisement-tests","Fri May 01 06:46:12 UTC 2026","passed","Fri May 01 06:46:21 UTC 2026","Verify ad blocks within the desktop viewport range (1024-1232px) for different user roles","advertisement.test.js","",""
"","6500","Check ad blocks for plus user - PoE in mobile at 360x780 viewport size","advertisement-tests","Fri May 01 06:30:56 UTC 2026","passed","Fri May 01 06:31:03 UTC 2026","Verify ad blocks within the mobile viewport range (320–575px) for different user roles","advertisement.test.js","",""
"","11715","Check video block, footer banner, L vertical banner for regular user - Diablo 4 in desktop at 1280x800 viewport size","advertisement-tests","Fri May 01 06:50:44 UTC 2026","passed","Fri May 01 06:50:55 UTC 2026","Verify ad blocks within the desktop viewport range (1233-1411px) for different user roles","advertisement.test.js","",""
"","17558","Check advertisement blocks for unauthorized user - PoE in desktop at 640x1024 viewport size","advertisement-tests","Fri May 01 06:33:04 UTC 2026","failed","Fri May 01 06:33:22 UTC 2026","Verify ad blocks within the desktop viewport range (576-767px) for different user roles","advertisement.test.js","",""
"","5897","Check ad blocks for ad free user - Endfield in mobile at 360x780 viewport size","advertisement-tests","Fri May 01 06:30:33 UTC 2026","passed","Fri May 01 06:30:38 UTC 2026","Verify ad blocks within the mobile viewport range (320–575px) for different user roles","advertisement.test.js","",""
"","10827","Check video block & footer banner for regular user - LoL in desktop at 800x800 viewport size","advertisement-tests","Fri May 01 06:43:56 UTC 2026","passed","Fri May 01 06:44:07 UTC 2026","Verify video ad block & footer banner within the desktop viewport range (768-1023px) for different user roles","advertisement.test.js","",""
"","5864","Check video block & footer banner for ad free user - Marathon in desktop at 1100x800 viewport size","advertisement-tests","Fri May 01 06:48:58 UTC 2026","passed","Fri May 01 06:49:04 UTC 2026","Verify ad blocks within the desktop viewport range (1024-1232px) for different user roles","advertisement.test.js","",""
"","4005","Check ad blocks for regular user - Nightreign in mobile at 360x780 viewport size","advertisement-tests","Fri May 01 06:29:47 UTC 2026","passed","Fri May 01 06:29:51 UTC 2026","Verify ad blocks within the mobile viewport range (320–575px) for different user roles","advertisement.test.js","",""
"","3989","Check video block & footer banner for ad free user - Nightreign in desktop at 1100x800 viewport size","advertisement-tests","Fri May 01 06:48:42 UTC 2026","passed","Fri May 01 06:48:46 UTC 2026","Verify ad blocks within the desktop viewport range (1024-1232px) for different user roles","advertisement.test.js","",""
"","11549","Check video block, footer banner, L vertical banner for regular user - Monster Hunter Wilds in desktop at 1280x800 viewport size","advertisement-tests","Fri May 01 06:50:53 UTC 2026","passed","Fri May 01 06:51:04 UTC 2026","Verify ad blocks within the desktop viewport range (1233-1411px) for different user roles","advertisement.test.js","",""
"","5790","Check advertisement blocks for plus user - PoE 2 in desktop at 800x800 viewport size","advertisement-tests","Fri May 01 06:45:41 UTC 2026","passed","Fri May 01 06:45:47 UTC 2026","Verify video ad block & footer banner within the desktop viewport range (768-1023px) for different user roles","advertisement.test.js","",""
"","5131","Check advertisement blocks for plus user - Hades 2 in desktop at 800x800 viewport size","advertisement-tests","Fri May 01 06:45:36 UTC 2026","passed","Fri May 01 06:45:41 UTC 2026","Verify video ad block & footer banner within the desktop viewport range (768-1023px) for different user roles","advertisement.test.js","",""
"","3768","Check video block, footer banner, L vertical banner, S vertical banner for plus user - Hades 2 in desktop at 1680x1050 viewport size","advertisement-tests","Fri May 01 07:05:03 UTC 2026","passed","Fri May 01 07:05:07 UTC 2026","Verify ad blocks within the desktop viewport range (>1412px) for different user roles","advertisement.test.js","",""
"","9392","Check video block & footer banner for regular user - Marathon in desktop at 800x800 viewport size","advertisement-tests","Fri May 01 06:44:58 UTC 2026","passed","Fri May 01 06:45:07 UTC 2026","Verify video ad block & footer banner within the desktop viewport range (768-1023px) for different user roles","advertisement.test.js","",""
"","4125","Check advertisement blocks for plus user - Val in desktop at 800x800 viewport size","advertisement-tests","Fri May 01 06:45:26 UTC 2026","passed","Fri May 01 06:45:30 UTC 2026","Verify video ad block & footer banner within the desktop viewport range (768-1023px) for different user roles","advertisement.test.js","",""
"","6574","Check video block & footer banner for regular user - TFT in desktop at 800x800 viewport size","advertisement-tests","Fri May 01 06:43:09 UTC 2026","passed","Fri May 01 06:43:15 UTC 2026","Verify video ad block & footer banner within the desktop viewport range (768-1023px) for different user roles","advertisement.test.js","",""
"","13007","Check video block, footer banner, L vertical banner for regular user - PoE 2 in desktop at 1280x800 viewport size","advertisement-tests","Fri May 01 06:51:04 UTC 2026","passed","Fri May 01 06:51:17 UTC 2026","Verify ad blocks within the desktop viewport range (1233-1411px) for different user roles","advertisement.test.js","",""
"","10125","Check ad blocks for regular user - ZZZ in mobile at 360x780 viewport size","advertisement-tests","Fri May 01 06:29:44 UTC 2026","passed","Fri May 01 06:29:54 UTC 2026","Verify ad blocks within the mobile viewport range (320–575px) for different user roles","advertisement.test.js","",""
"","2219","Check advertisement blocks for ad free user - Diablo 4 in desktop at 640x1024 viewport size","advertisement-tests","Fri May 01 06:39:16 UTC 2026","passed","Fri May 01 06:39:18 UTC 2026","Verify ad blocks within the desktop viewport range (576-767px) for different user roles","advertisement.test.js","",""
"","10835","Check video block, footer banner, L vertical banner for unauthorized user - 2XKO in desktop at 1280x800 viewport size","advertisement-tests","Fri May 01 06:49:41 UTC 2026","passed","Fri May 01 06:49:52 UTC 2026","Verify ad blocks within the desktop viewport range (1233-1411px) for different user roles","advertisement.test.js","",""
"","11437","Check video block, footer banner, L vertical banner for unauthorized user - Marvel Rivals in desktop at 1280x800 viewport size","advertisement-tests","Fri May 01 06:49:41 UTC 2026","passed","Fri May 01 06:49:53 UTC 2026","Verify ad blocks within the desktop viewport range (1233-1411px) for different user roles","advertisement.test.js","",""
"","7479","Check ad blocks for regular user - PoE 2 in mobile at 360x780 viewport size","advertisement-tests","Fri May 01 06:29:58 UTC 2026","passed","Fri May 01 06:30:06 UTC 2026","Verify ad blocks within the mobile viewport range (320–575px) for different user roles","advertisement.test.js","",""
"","12005","Check video block, footer banner, L vertical banner, S vertical banner for regular user - TFT in desktop at 1680x1050 viewport size","advertisement-tests","Fri May 01 06:53:28 UTC 2026","passed","Fri May 01 06:53:40 UTC 2026","Verify ad blocks within the desktop viewport range (>1412px) for different user roles","advertisement.test.js","",""
"","5255","Check ad blocks for plus user - Endfield in mobile at 360x780 viewport size","advertisement-tests","Fri May 01 06:30:59 UTC 2026","passed","Fri May 01 06:31:05 UTC 2026","Verify ad blocks within the mobile viewport range (320–575px) for different user roles","advertisement.test.js","",""
"","4674","Check advertisement blocks for ad free user - Marathon in desktop at 640x1024 viewport size","advertisement-tests","Fri May 01 06:39:27 UTC 2026","passed","Fri May 01 06:39:32 UTC 2026","Verify ad blocks within the desktop viewport range (576-767px) for different user roles","advertisement.test.js","",""
"","7064","Check advertisement blocks for ad free user - Overwatch in desktop at 800x800 viewport size","advertisement-tests","Fri May 01 06:45:20 UTC 2026","passed","Fri May 01 06:45:27 UTC 2026","Verify video ad block & footer banner within the desktop viewport range (768-1023px) for different user roles","advertisement.test.js","",""
"","9108","Check ad blocks for regular user - Marvel Rivals in mobile at 360x780 viewport size","advertisement-tests","Fri May 01 06:29:40 UTC 2026","passed","Fri May 01 06:29:49 UTC 2026","Verify ad blocks within the mobile viewport range (320–575px) for different user roles","advertisement.test.js","",""
"","5991","Check video block & footer banner for ad free user - Endfield in desktop at 1100x800 viewport size","advertisement-tests","Fri May 01 06:48:54 UTC 2026","passed","Fri May 01 06:49:00 UTC 2026","Verify ad blocks within the desktop viewport range (1024-1232px) for different user roles","advertisement.test.js","",""
"","11045","Check video block, footer banner, L vertical banner, S vertical banner for unauthorized user - Deadlock in desktop at 1680x1050 viewport size","advertisement-tests","Fri May 01 06:52:58 UTC 2026","passed","Fri May 01 06:53:09 UTC 2026","Verify ad blocks within the desktop viewport range (>1412px) for different user roles","advertisement.test.js","",""
"","10914","Check video block & footer banner for regular user - Diablo 4 in desktop at 800x800 viewport size","advertisement-tests","Fri May 01 06:43:51 UTC 2026","passed","Fri May 01 06:44:02 UTC 2026","Verify video ad block & footer banner within the desktop viewport range (768-1023px) for different user roles","advertisement.test.js","",""
"","20647","Check video block & footer banner for unauthorized user - Riftbound in desktop at 800x800 viewport size","advertisement-tests","Fri May 01 06:41:24 UTC 2026","failed","Fri May 01 06:41:44 UTC 2026","Verify video ad block & footer banner within the desktop viewport range (768-1023px) for different user roles","advertisement.test.js","",""
"","3278","Check video block, footer banner, L vertical banner, S vertical banner for ad free user - Nightreign in desktop at 1680x1050 viewport size","advertisement-tests","Fri May 01 07:03:49 UTC 2026","passed","Fri May 01 07:03:52 UTC 2026","Verify ad blocks within the desktop viewport range (>1412px) for different user roles","advertisement.test.js","",""
"","5424","Check video block & footer banner for plus user - Borderlands 4 in desktop at 1100x800 viewport size","advertisement-tests","Fri May 01 06:49:19 UTC 2026","passed","Fri May 01 06:49:24 UTC 2026","Verify ad blocks within the desktop viewport range (1024-1232px) for different user roles","advertisement.test.js","",""
"","1183","Check advertisement blocks for ad free user - Nightreign in desktop at 640x1024 viewport size","advertisement-tests","Fri May 01 06:39:16 UTC 2026","passed","Fri May 01 06:39:17 UTC 2026","Verify ad blocks within the desktop viewport range (576-767px) for different user roles","advertisement.test.js","",""
"","8312","Check video block & footer banner for regular user - PoE 2 in desktop at 800x800 viewport size","advertisement-tests","Fri May 01 06:44:13 UTC 2026","passed","Fri May 01 06:44:21 UTC 2026","Verify video ad block & footer banner within the desktop viewport range (768-1023px) for different user roles","advertisement.test.js","",""
"","4359","Check video block, footer banner, L vertical banner, S vertical banner for plus user - Endfield in desktop at 1680x1050 viewport size","advertisement-tests","Fri May 01 07:05:20 UTC 2026","passed","Fri May 01 07:05:24 UTC 2026","Verify ad blocks within the desktop viewport range (>1412px) for different user roles","advertisement.test.js","",""
"","1","Check ad blocks for ad free user - Val in mobile at 360x780 viewport size","advertisement-tests","Fri May 01 06:30:12 UTC 2026","skipped","Fri May 01 06:30:12 UTC 2026","Verify ad blocks within the mobile viewport range (320–575px) for different user roles","advertisement.test.js","",""
"","2221","Check advertisement blocks for plus user - Destiny 2 in desktop at 800x800 viewport size","advertisement-tests","Fri May 01 06:45:35 UTC 2026","passed","Fri May 01 06:45:38 UTC 2026","Verify video ad block & footer banner within the desktop viewport range (768-1023px) for different user roles","advertisement.test.js","",""
"","5355","Check advertisement blocks for ad free user - PoE 2 in desktop at 640x1024 viewport size","advertisement-tests","Fri May 01 06:39:26 UTC 2026","passed","Fri May 01 06:39:31 UTC 2026","Verify ad blocks within the desktop viewport range (576-767px) for different user roles","advertisement.test.js","",""
"","1","Check ad blocks for plus user - Val in mobile at 360x780 viewport size","advertisement-tests","Fri May 01 06:30:39 UTC 2026","skipped","Fri May 01 06:30:39 UTC 2026","Verify ad blocks within the mobile viewport range (320–575px) for different user roles","advertisement.test.js","",""
"","9789","Check video block & footer banner for regular user - 2XKO in desktop at 1100x800 viewport size","advertisement-tests","Fri May 01 06:47:22 UTC 2026","passed","Fri May 01 06:47:31 UTC 2026","Verify ad blocks within the desktop viewport range (1024-1232px) for different user roles","advertisement.test.js","",""
"","6397","Check ad blocks for plus user - Diablo 4 in mobile at 360x780 viewport size","advertisement-tests","Fri May 01 06:30:48 UTC 2026","passed","Fri May 01 06:30:55 UTC 2026","Verify ad blocks within the mobile viewport range (320–575px) for different user roles","advertisement.test.js","",""
"","685","Check video block & footer banner for unauthorized user - Val in mobile at 360x780 viewport size","advertisement-tests","Fri May 01 06:28:58 UTC 2026","skipped","Fri May 01 06:28:59 UTC 2026","Verify ad blocks within the mobile viewport range (320–575px) for different user roles","advertisement.test.js","",""
"","6432","Check video block & footer banner for ad free user - Hades 2 in desktop at 1100x800 viewport size","advertisement-tests","Fri May 01 06:48:46 UTC 2026","passed","Fri May 01 06:48:52 UTC 2026","Verify ad blocks within the desktop viewport range (1024-1232px) for different user roles","advertisement.test.js","",""
"","1599","Check advertisement blocks for ad free user - ZZZ in desktop at 640x1024 viewport size","advertisement-tests","Fri May 01 06:39:14 UTC 2026","passed","Fri May 01 06:39:16 UTC 2026","Verify ad blocks within the desktop viewport range (576-767px) for different user roles","advertisement.test.js","",""
"","2682","Check video block, footer banner, L vertical banner, S vertical banner for ad free user - Hades 2 in desktop at 1680x1050 viewport size","advertisement-tests","Fri May 01 07:03:58 UTC 2026","passed","Fri May 01 07:04:01 UTC 2026","Verify ad blocks within the desktop viewport range (>1412px) for different user roles","advertisement.test.js","",""
"","9777","Check video block & footer banner for unauthorized user - Hades 2 in desktop at 800x800 viewport size","advertisement-tests","Fri May 01 06:42:33 UTC 2026","passed","Fri May 01 06:42:43 UTC 2026","Verify video ad block & footer banner within the desktop viewport range (768-1023px) for different user roles","advertisement.test.js","",""
"","4410","Check ad blocks for plus user - Overwatch in mobile at 360x780 viewport size","advertisement-tests","Fri May 01 06:31:02 UTC 2026","passed","Fri May 01 06:31:06 UTC 2026","Verify ad blocks within the mobile viewport range (320–575px) for different user roles","advertisement.test.js","",""
"","11192","Check video block, footer banner, L vertical banner, S vertical banner for unauthorized user - PoE in desktop at 1680x1050 viewport size","advertisement-tests","Fri May 01 06:53:03 UTC 2026","passed","Fri May 01 06:53:14 UTC 2026","Verify ad blocks within the desktop viewport range (>1412px) for different user roles","advertisement.test.js","",""
"","5731","Check advertisement blocks for plus user - Nightreign in desktop at 800x800 viewport size","advertisement-tests","Fri May 01 06:45:34 UTC 2026","passed","Fri May 01 06:45:40 UTC 2026","Verify video ad block & footer banner within the desktop viewport range (768-1023px) for different user roles","advertisement.test.js","",""
"","10330","Check video block & footer banner for regular user - Hades 2 in desktop at 1100x800 viewport size","advertisement-tests","Fri May 01 06:47:45 UTC 2026","passed","Fri May 01 06:47:55 UTC 2026","Verify ad blocks within the desktop viewport range (1024-1232px) for different user roles","advertisement.test.js","",""
"","4912","Check ad blocks for ad free user - Marvel Rivals in mobile at 360x780 viewport size","advertisement-tests","Fri May 01 06:30:18 UTC 2026","passed","Fri May 01 06:30:22 UTC 2026","Verify ad blocks within the mobile viewport range (320–575px) for different user roles","advertisement.test.js","",""
"","5808","Check video block & footer banner for plus user - STS 2 in desktop at 1100x800 viewport size","advertisement-tests","Fri May 01 06:49:30 UTC 2026","passed","Fri May 01 06:49:36 UTC 2026","Verify ad blocks within the desktop viewport range (1024-1232px) for different user roles","advertisement.test.js","",""
"","2839","Check video block, footer banner, L vertical banner, S vertical banner for ad free user - Overwatch in desktop at 1680x1050 viewport size","advertisement-tests","Fri May 01 07:04:25 UTC 2026","passed","Fri May 01 07:04:27 UTC 2026","Verify ad blocks within the desktop viewport range (>1412px) for different user roles","advertisement.test.js","",""
"","18151","Check advertisement blocks for unauthorized user - Endfield in desktop at 640x1024 viewport size","advertisement-tests","Fri May 01 06:33:54 UTC 2026","failed","Fri May 01 06:34:12 UTC 2026","Verify ad blocks within the desktop viewport range (576-767px) for different user roles","advertisement.test.js","",""
"","11226","Check video block, footer banner, L vertical banner for unauthorized user - Deadlock in desktop at 1280x800 viewport size","advertisement-tests","Fri May 01 06:50:03 UTC 2026","passed","Fri May 01 06:50:14 UTC 2026","Verify ad blocks within the desktop viewport range (1233-1411px) for different user roles","advertisement.test.js","",""
"","4816","Check advertisement blocks for plus user - The Bazaar in desktop at 800x800 viewport size","advertisement-tests","Fri May 01 06:45:42 UTC 2026","passed","Fri May 01 06:45:47 UTC 2026","Verify video ad block & footer banner within the desktop viewport range (768-1023px) for different user roles","advertisement.test.js","",""
"","10646","Check video block & footer banner for unauthorized user - Marathon in desktop at 800x800 viewport size","advertisement-tests","Fri May 01 06:42:52 UTC 2026","passed","Fri May 01 06:43:03 UTC 2026","Verify video ad block & footer banner within the desktop viewport range (768-1023px) for different user roles","advertisement.test.js","",""
"","9071","Check video block, footer banner, L vertical banner for unauthorized user - Riftbound in desktop at 1280x800 viewport size","advertisement-tests","Fri May 01 06:49:36 UTC 2026","passed","Fri May 01 06:49:45 UTC 2026","Verify ad blocks within the desktop viewport range (1233-1411px) for different user roles","advertisement.test.js","",""
"","4602","Check advertisement blocks for plus user - Marathon in desktop at 640x1024 viewport size","advertisement-tests","Fri May 01 06:39:52 UTC 2026","passed","Fri May 01 06:39:57 UTC 2026","Verify ad blocks within the desktop viewport range (576-767px) for different user roles","advertisement.test.js","",""
"","12343","Check video block, footer banner, L vertical banner, S vertical banner for unauthorized user - TFT in desktop at 1680x1050 viewport size","advertisement-tests","Fri May 01 06:52:27 UTC 2026","passed","Fri May 01 06:52:40 UTC 2026","Verify ad blocks within the desktop viewport range (>1412px) for different user roles","advertisement.test.js","",""
"","14816","Check video block, footer banner, L vertical banner for ad free user - TFT in desktop at 1280x800 viewport size","advertisement-tests","Fri May 01 06:51:32 UTC 2026","passed","Fri May 01 06:51:47 UTC 2026","Verify ad blocks within the desktop viewport range (1233-1411px) for different user roles","advertisement.test.js","",""
"","2275","Check video block, footer banner, L vertical banner, S vertical banner for plus user - PoE in desktop at 1680x1050 viewport size","advertisement-tests","Fri May 01 07:05:15 UTC 2026","passed","Fri May 01 07:05:17 UTC 2026","Verify ad blocks within the desktop viewport range (>1412px) for different user roles","advertisement.test.js","",""
"","9113","Check video block, footer banner, L vertical banner, S vertical banner for regular user - Val in desktop at 1680x1050 viewport size","advertisement-tests","Fri May 01 06:53:26 UTC 2026","passed","Fri May 01 06:53:35 UTC 2026","Verify ad blocks within the desktop viewport range (>1412px) for different user roles","advertisement.test.js","",""
"","12157","Check video block, footer banner, L vertical banner for regular user - The Bazaar in desktop at 1280x800 viewport size","advertisement-tests","Fri May 01 06:51:07 UTC 2026","passed","Fri May 01 06:51:19 UTC 2026","Verify ad blocks within the desktop viewport range (1233-1411px) for different user roles","advertisement.test.js","",""
"","3666","Check video block, footer banner, L vertical banner for plus user - Hades 2 in desktop at 1280x800 viewport size","advertisement-tests","Fri May 01 06:52:10 UTC 2026","passed","Fri May 01 06:52:14 UTC 2026","Verify ad blocks within the desktop viewport range (1233-1411px) for different user roles","advertisement.test.js","",""
"","5877","Check video block, footer banner, L vertical banner for ad free user - Marvel Rivals in desktop at 1280x800 viewport size","advertisement-tests","Fri May 01 06:51:34 UTC 2026","passed","Fri May 01 06:51:40 UTC 2026","Verify ad blocks within the desktop viewport range (1233-1411px) for different user roles","advertisement.test.js","",""
"","6103","Check video block & footer banner for plus user - Marathon in desktop at 1100x800 viewport size","advertisement-tests","Fri May 01 06:49:25 UTC 2026","passed","Fri May 01 06:49:31 UTC 2026","Verify ad blocks within the desktop viewport range (1024-1232px) for different user roles","advertisement.test.js","",""
"","6530","Check ad blocks for regular user - Riftbound in mobile at 360x780 viewport size","advertisement-tests","Fri May 01 06:29:38 UTC 2026","passed","Fri May 01 06:29:44 UTC 2026","Verify ad blocks within the mobile viewport range (320–575px) for different user roles","advertisement.test.js","",""
"","10710","Check video block, footer banner, L vertical banner, S vertical banner for unauthorized user - Destiny 2 in desktop at 1680x1050 viewport size","advertisement-tests","Fri May 01 06:52:47 UTC 2026","passed","Fri May 01 06:52:58 UTC 2026","Verify ad blocks within the desktop viewport range (>1412px) for different user roles","advertisement.test.js","",""
"","5687","Check advertisement blocks for plus user - Endfield in desktop at 800x800 viewport size","advertisement-tests","Fri May 01 06:45:45 UTC 2026","passed","Fri May 01 06:45:51 UTC 2026","Verify video ad block & footer banner within the desktop viewport range (768-1023px) for different user roles","advertisement.test.js","",""
"","5304","Check ad blocks for plus user - Borderlands 4 in mobile at 360x780 viewport size","advertisement-tests","Fri May 01 06:30:52 UTC 2026","passed","Fri May 01 06:30:57 UTC 2026","Verify ad blocks within the mobile viewport range (320–575px) for different user roles","advertisement.test.js","",""
"","6355","Check ad blocks for regular user - Deadlock in mobile at 360x780 viewport size","advertisement-tests","Fri May 01 06:29:56 UTC 2026","passed","Fri May 01 06:30:03 UTC 2026","Verify ad blocks within the mobile viewport range (320–575px) for different user roles","advertisement.test.js","",""
"","10466","Check video block & footer banner for regular user - Deadlock in desktop at 1100x800 viewport size","advertisement-tests","Fri May 01 06:47:50 UTC 2026","passed","Fri May 01 06:48:01 UTC 2026","Verify ad blocks within the desktop viewport range (1024-1232px) for different user roles","advertisement.test.js","",""
"","6014","Check video block & footer banner for regular user - Marvel Rivals in desktop at 800x800 viewport size","advertisement-tests","Fri May 01 06:43:37 UTC 2026","passed","Fri May 01 06:43:43 UTC 2026","Verify video ad block & footer banner within the desktop viewport range (768-1023px) for different user roles","advertisement.test.js","",""
"","1342","Check advertisement blocks for ad free user - 2XKO in desktop at 640x1024 viewport size","advertisement-tests","Fri May 01 06:39:11 UTC 2026","passed","Fri May 01 06:39:13 UTC 2026","Verify ad blocks within the desktop viewport range (576-767px) for different user roles","advertisement.test.js","",""
"","3546","Check video block, footer banner, L vertical banner, S vertical banner for plus user - Borderlands 4 in desktop at 1680x1050 viewport size","advertisement-tests","Fri May 01 07:05:07 UTC 2026","passed","Fri May 01 07:05:11 UTC 2026","Verify ad blocks within the desktop viewport range (>1412px) for different user roles","advertisement.test.js","",""
"","2915","Check advertisement blocks for ad free user - Endfield in desktop at 640x1024 viewport size","advertisement-tests","Fri May 01 06:39:26 UTC 2026","passed","Fri May 01 06:39:29 UTC 2026","Verify ad blocks within the desktop viewport range (576-767px) for different user roles","advertisement.test.js","",""
"","4482","Check advertisement blocks for ad free user - STS 2 in desktop at 640x1024 viewport size","advertisement-tests","Fri May 01 06:39:31 UTC 2026","passed","Fri May 01 06:39:36 UTC 2026","Verify ad blocks within the desktop viewport range (576-767px) for different user roles","advertisement.test.js","",""
"","5796","Check video block, footer banner, L vertical banner for ad free user - Hades 2 in desktop at 1280x800 viewport size","advertisement-tests","Fri May 01 06:51:45 UTC 2026","passed","Fri May 01 06:51:51 UTC 2026","Verify ad blocks within the desktop viewport range (1233-1411px) for different user roles","advertisement.test.js","",""
"","10460","Check video block & footer banner for unauthorized user - 2XKO in desktop at 1100x800 viewport size","advertisement-tests","Fri May 01 06:46:01 UTC 2026","passed","Fri May 01 06:46:12 UTC 2026","Verify ad blocks within the desktop viewport range (1024-1232px) for different user roles","advertisement.test.js","",""
"","52528","Check video block, footer banner, L vertical banner, S vertical banner for ad free user - TFT in desktop at 1680x1050 viewport size","advertisement-tests","Fri May 01 07:05:20 UTC 2026","failed","Fri May 01 07:06:12 UTC 2026","Verify ad blocks within the desktop viewport range (>1412px) for different user roles","advertisement.test.js","",""
"","3214","Check advertisement blocks for plus user - Diablo 4 in desktop at 640x1024 viewport size","advertisement-tests","Fri May 01 06:39:42 UTC 2026","passed","Fri May 01 06:39:45 UTC 2026","Verify ad blocks within the desktop viewport range (576-767px) for different user roles","advertisement.test.js","",""
"","18260","Check advertisement blocks for regular user - Endfield in desktop at 640x1024 viewport size","advertisement-tests","Fri May 01 06:38:02 UTC 2026","failed","Fri May 01 06:38:21 UTC 2026","Verify ad blocks within the desktop viewport range (576-767px) for different user roles","advertisement.test.js","",""
"","2601","Check advertisement blocks for ad free user - Marvel Rivals in desktop at 800x800 viewport size","advertisement-tests","Fri May 01 06:44:57 UTC 2026","passed","Fri May 01 06:44:59 UTC 2026","Verify video ad block & footer banner within the desktop viewport range (768-1023px) for different user roles","advertisement.test.js","",""
"","3553","Check video block, footer banner, L vertical banner for ad free user - Destiny 2 in desktop at 1280x800 viewport size","advertisement-tests","Fri May 01 06:51:43 UTC 2026","passed","Fri May 01 06:51:46 UTC 2026","Verify ad blocks within the desktop viewport range (1233-1411px) for different user roles","advertisement.test.js","",""
"","4169","Check advertisement blocks for ad free user - Deadlock in desktop at 800x800 viewport size","advertisement-tests","Fri May 01 06:45:11 UTC 2026","passed","Fri May 01 06:45:15 UTC 2026","Verify video ad block & footer banner within the desktop viewport range (768-1023px) for different user roles","advertisement.test.js","",""
"","7833","Check video block & footer banner for unauthorized user - Diablo 4 in mobile at 360x780 viewport size","advertisement-tests","Fri May 01 06:29:08 UTC 2026","passed","Fri May 01 06:29:16 UTC 2026","Verify ad blocks within the mobile viewport range (320–575px) for different user roles","advertisement.test.js","",""
"","49080","Check video block, footer banner, L vertical banner, S vertical banner for regular user - Marathon in desktop at 1680x1050 viewport size","advertisement-tests","Fri May 01 07:02:13 UTC 2026","failed","Fri May 01 07:03:02 UTC 2026","Verify ad blocks within the desktop viewport range (>1412px) for different user roles","advertisement.test.js","",""
"","2633","Check video block, footer banner, L vertical banner, S vertical banner for ad free user - Deadlock in desktop at 1680x1050 viewport size","advertisement-tests","Fri May 01 07:04:05 UTC 2026","passed","Fri May 01 07:04:08 UTC 2026","Verify ad blocks within the desktop viewport range (>1412px) for different user roles","advertisement.test.js","",""
"","4497","Check video block & footer banner for ad free user - Deadlock in desktop at 1100x800 viewport size","advertisement-tests","Fri May 01 06:48:48 UTC 2026","passed","Fri May 01 06:48:53 UTC 2026","Verify ad blocks within the desktop viewport range (1024-1232px) for different user roles","advertisement.test.js","",""
"","3626","Check video block, footer banner, L vertical banner for plus user - ZZZ in desktop at 1280x800 viewport size","advertisement-tests","Fri May 01 06:52:05 UTC 2026","passed","Fri May 01 06:52:09 UTC 2026","Verify ad blocks within the desktop viewport range (1233-1411px) for different user roles","advertisement.test.js","",""
"","22404","Check video block & footer banner for unauthorized user - Val in desktop at 800x800 viewport size","advertisement-tests","Fri May 01 06:40:56 UTC 2026","failed","Fri May 01 06:41:19 UTC 2026","Verify video ad block & footer banner within the desktop viewport range (768-1023px) for different user roles","advertisement.test.js","",""
"","16988","Check advertisement blocks for regular user - Destiny 2 in desktop at 640x1024 viewport size","advertisement-tests","Fri May 01 06:36:05 UTC 2026","failed","Fri May 01 06:36:22 UTC 2026","Verify ad blocks within the desktop viewport range (576-767px) for different user roles","advertisement.test.js","",""
"","9615","Check video block & footer banner for regular user - Riftbound in desktop at 800x800 viewport size","advertisement-tests","Fri May 01 06:43:41 UTC 2026","passed","Fri May 01 06:43:51 UTC 2026","Verify video ad block & footer banner within the desktop viewport range (768-1023px) for different user roles","advertisement.test.js","",""
"","6262","Check ad blocks for regular user - Hades 2 in mobile at 360x780 viewport size","advertisement-tests","Fri May 01 06:29:53 UTC 2026","passed","Fri May 01 06:29:59 UTC 2026","Verify ad blocks within the mobile viewport range (320–575px) for different user roles","advertisement.test.js","",""
"","7362","Check ad blocks for regular user - LoL in mobile at 360x780 viewport size","advertisement-tests","Fri May 01 06:29:33 UTC 2026","passed","Fri May 01 06:29:40 UTC 2026","Verify ad blocks within the mobile viewport range (320–575px) for different user roles","advertisement.test.js","",""
"","1755","Check advertisement blocks for ad free user - Destiny 2 in desktop at 640x1024 viewport size","advertisement-tests","Fri May 01 06:39:17 UTC 2026","passed","Fri May 01 06:39:19 UTC 2026","Verify ad blocks within the desktop viewport range (576-767px) for different user roles","advertisement.test.js","",""
"","10253","Check video block, footer banner, L vertical banner for regular user - Riftbound in desktop at 1280x800 viewport size","advertisement-tests","Fri May 01 06:50:33 UTC 2026","passed","Fri May 01 06:50:44 UTC 2026","Verify ad blocks within the desktop viewport range (1233-1411px) for different user roles","advertisement.test.js","",""
"","24313","Check advertisement blocks for ad free user - TFT in desktop at 640x1024 viewport size","advertisement-tests","Fri May 01 06:39:59 UTC 2026","failed","Fri May 01 06:40:24 UTC 2026","Verify ad blocks within the desktop viewport range (576-767px) for different user roles","advertisement.test.js","",""
"","2205","Check video block, footer banner, L vertical banner, S vertical banner for plus user - The Bazaar in desktop at 1680x1050 viewport size","advertisement-tests","Fri May 01 07:05:17 UTC 2026","passed","Fri May 01 07:05:20 UTC 2026","Verify ad blocks within the desktop viewport range (>1412px) for different user roles","advertisement.test.js","",""
"","3615","Check video block & footer banner for plus user - ZZZ in desktop at 1100x800 viewport size","advertisement-tests","Fri May 01 06:49:11 UTC 2026","passed","Fri May 01 06:49:15 UTC 2026","Verify ad blocks within the desktop viewport range (1024-1232px) for different user roles","advertisement.test.js","",""
