"DESCRIPTION","DURATION IN MS","NAME","PARENT SUITE","START TIME","STATUS","STOP TIME","SUB SUITE","SUITE","TEST CLASS","TEST METHOD"
"","3725","Check video block & footer banner for plus user - ZZZ in desktop at 1100x800 viewport size","advertisement-tests","2026-08-14","passed","2026-08-14","Verify ad blocks for plus user","advertisement/ad-plus-user.test.js","",""
"","30523","Check advertisement blocks for regular user - Monster Hunter Wilds in desktop at 640x1024 viewport size","advertisement-tests","2026-08-14","failed","2026-08-14","Verify ad blocks for regular user","advertisement/ad-regular-user.test.js","",""
"","3733","Check video block & footer banner for plus user - Genshin in desktop at 1100x800 viewport size","advertisement-tests","2026-08-14","passed","2026-08-14","Verify ad blocks for plus user","advertisement/ad-plus-user.test.js","",""
"","30511","Check video block & footer banner for regular user - PoE 2 in desktop at 1100x800 viewport size","advertisement-tests","2026-08-14","failed","2026-08-14","Verify ad blocks for regular user","advertisement/ad-regular-user.test.js","",""
"","30501","Check advertisement blocks for regular user - STS 2 in desktop at 640x1024 viewport size","advertisement-tests","2026-08-14","failed","2026-08-14","Verify ad blocks for regular user","advertisement/ad-regular-user.test.js","",""
"","30470","Check video block & footer banner for unauthorized user - Monster Hunter Wilds in mobile at 360x780 viewport size","advertisement-tests","2026-08-14","failed","2026-08-14","Verify ad blocks for guest user","advertisement/ad-unauthorized-user.test.js","",""
"","30500","Check advertisement blocks for unauthorized user - PoE 2 in desktop at 640x1024 viewport size","advertisement-tests","2026-08-14","failed","2026-08-14","Verify ad blocks for guest user","advertisement/ad-unauthorized-user.test.js","",""
"","30487","Check advertisement blocks for unauthorized user - Overwatch in desktop at 640x1024 viewport size","advertisement-tests","2026-08-14","failed","2026-08-14","Verify ad blocks for guest user","advertisement/ad-unauthorized-user.test.js","",""
"","564","Check ad blocks for ad free user - PoE 2 in mobile at 360x780 viewport size","advertisement-tests","2026-08-14","passed","2026-08-14","Verify ad blocks for ad-free user","advertisement/ad-adFree-user.test.js","",""
"","428","Check video block & footer banner for unauthorized user - NTE in mobile at 360x780 viewport size","advertisement-tests","2026-08-14","passed","2026-08-14","Verify ad blocks for guest user","advertisement/ad-unauthorized-user.test.js","",""
"","632","Check advertisement blocks for plus user - Overwatch in desktop at 640x1024 viewport size","advertisement-tests","2026-08-14","passed","2026-08-14","Verify ad blocks for plus user","advertisement/ad-plus-user.test.js","",""
"","631","Check ad blocks for plus user - LoL in mobile at 360x780 viewport size","advertisement-tests","2026-08-14","passed","2026-08-14","Verify ad blocks for plus user","advertisement/ad-plus-user.test.js","",""
"","843","Check video block & footer banner for ad free user - Hades 2 in desktop at 1100x800 viewport size","advertisement-tests","2026-08-14","passed","2026-08-14","Verify ad blocks for ad-free user","advertisement/ad-adFree-user.test.js","",""
"","784","Check video block, footer banner, L vertical banner for ad free user - STS 2 in desktop at 1280x800 viewport size","advertisement-tests","2026-08-14","passed","2026-08-14","Verify ad blocks for ad-free user","advertisement/ad-adFree-user.test.js","",""
"","412","Check ad blocks for regular user - NTE in mobile at 360x780 viewport size","advertisement-tests","2026-08-14","passed","2026-08-14","Verify ad blocks for regular user","advertisement/ad-regular-user.test.js","",""
"","45617","Check video block, footer banner, L vertical banner for regular user - Monster Hunter Wilds in desktop at 1280x800 viewport size","advertisement-tests","2026-08-14","failed","2026-08-14","Verify ad blocks for regular user","advertisement/ad-regular-user.test.js","",""
"","60517","Check video block, footer banner, L vertical banner, S vertical banner for regular user - Deadlock in desktop at 1680x1050 viewport size","advertisement-tests","2026-08-14","failed","2026-08-14","Verify ad blocks for regular user","advertisement/ad-regular-user.test.js","",""
"","413","Check video block & footer banner for unauthorized user - NTE in desktop at 800x800 viewport size","advertisement-tests","2026-08-14","passed","2026-08-14","Verify ad blocks for guest user","advertisement/ad-unauthorized-user.test.js","",""
"","30456","Check advertisement blocks for unauthorized user - Riftbound in desktop at 640x1024 viewport size","advertisement-tests","2026-08-14","failed","2026-08-14","Verify ad blocks for guest user","advertisement/ad-unauthorized-user.test.js","",""
"","30403","Check video block & footer banner for unauthorized user - Hades 2 in mobile at 360x780 viewport size","advertisement-tests","2026-08-14","failed","2026-08-14","Verify ad blocks for guest user","advertisement/ad-unauthorized-user.test.js","",""
"","537","Check advertisement blocks for plus user - Genshin in desktop at 640x1024 viewport size","advertisement-tests","2026-08-14","passed","2026-08-14","Verify ad blocks for plus user","advertisement/ad-plus-user.test.js","",""
"","13921","Check video block & footer banner for plus user - Overwatch in desktop at 1100x800 viewport size","advertisement-tests","2026-08-14","passed","2026-08-14","Verify ad blocks for plus user","advertisement/ad-plus-user.test.js","",""
"","30518","Check video block & footer banner for regular user - Destiny 2 in desktop at 1100x800 viewport size","advertisement-tests","2026-08-14","failed","2026-08-14","Verify ad blocks for regular user","advertisement/ad-regular-user.test.js","",""
"","4470","Check video block, footer banner, L vertical banner for ad free user - Riftbound in desktop at 1280x800 viewport size","advertisement-tests","2026-08-14","passed","2026-08-14","Verify ad blocks for ad-free user","advertisement/ad-adFree-user.test.js","",""
"","30588","Check ad blocks for regular user - ZZZ in mobile at 360x780 viewport size","advertisement-tests","2026-08-14","failed","2026-08-14","Verify ad blocks for regular user","advertisement/ad-regular-user.test.js","",""
"","656","Check advertisement blocks for plus user - The Bazaar in desktop at 800x800 viewport size","advertisement-tests","2026-08-14","passed","2026-08-14","Verify ad blocks for plus user","advertisement/ad-plus-user.test.js","",""
"","30463","Check advertisement blocks for unauthorized user - Monster Hunter Wilds in desktop at 640x1024 viewport size","advertisement-tests","2026-08-14","failed","2026-08-14","Verify ad blocks for guest user","advertisement/ad-unauthorized-user.test.js","",""
"","627","Check ad blocks for plus user - TFT in mobile at 360x780 viewport size","advertisement-tests","2026-08-14","passed","2026-08-14","Verify ad blocks for plus user","advertisement/ad-plus-user.test.js","",""
"","30478","Check video block & footer banner for regular user - TFT in desktop at 800x800 viewport size","advertisement-tests","2026-08-14","failed","2026-08-14","Verify ad blocks for regular user","advertisement/ad-regular-user.test.js","",""
"","14804","Check ad blocks for regular user - Riftbound in mobile at 360x780 viewport size","advertisement-tests","2026-08-14","passed","2026-08-14","Verify ad blocks for regular user","advertisement/ad-regular-user.test.js","",""
"","30472","Check advertisement blocks for unauthorized user - Endfield in desktop at 640x1024 viewport size","advertisement-tests","2026-08-14","failed","2026-08-14","Verify ad blocks for guest user","advertisement/ad-unauthorized-user.test.js","",""
"","30425","Check video block & footer banner for unauthorized user - TFT in desktop at 800x800 viewport size","advertisement-tests","2026-08-14","failed","2026-08-14","Verify ad blocks for guest user","advertisement/ad-unauthorized-user.test.js","",""
"","13031","Check video block, footer banner, L vertical banner for plus user - ZZZ in desktop at 1280x800 viewport size","advertisement-tests","2026-08-14","passed","2026-08-14","Verify ad blocks for plus user","advertisement/ad-plus-user.test.js","",""
"","2237","Check video block, footer banner, L vertical banner, S vertical banner for plus user - Endfield in desktop at 1680x1050 viewport size","advertisement-tests","2026-08-14","passed","2026-08-14","Verify ad blocks for plus user","advertisement/ad-plus-user.test.js","",""
"","804","Check video block, footer banner, L vertical banner for ad free user - Marvel Rivals in desktop at 1280x800 viewport size","advertisement-tests","2026-08-14","passed","2026-08-14","Verify ad blocks for ad-free user","advertisement/ad-adFree-user.test.js","",""
"","603","Check advertisement blocks for plus user - LoL in desktop at 800x800 viewport size","advertisement-tests","2026-08-14","passed","2026-08-14","Verify ad blocks for plus user","advertisement/ad-plus-user.test.js","",""
"","30484","Check video block & footer banner for regular user - PoE 2 in desktop at 800x800 viewport size","advertisement-tests","2026-08-14","failed","2026-08-14","Verify ad blocks for regular user","advertisement/ad-regular-user.test.js","",""
"","30606","Check ad blocks for regular user - The Bazaar in mobile at 360x780 viewport size","advertisement-tests","2026-08-14","failed","2026-08-14","Verify ad blocks for regular user","advertisement/ad-regular-user.test.js","",""
"","713","Check video block & footer banner for plus user - Deadlock in desktop at 1100x800 viewport size","advertisement-tests","2026-08-14","passed","2026-08-14","Verify ad blocks for plus user","advertisement/ad-plus-user.test.js","",""
"","60521","Check video block, footer banner, L vertical banner, S vertical banner for regular user - The Bazaar in desktop at 1680x1050 viewport size","advertisement-tests","2026-08-14","failed","2026-08-14","Verify ad blocks for regular user","advertisement/ad-regular-user.test.js","",""
"","699","Check video block & footer banner for ad free user - Marathon in desktop at 1100x800 viewport size","advertisement-tests","2026-08-14","passed","2026-08-14","Verify ad blocks for ad-free user","advertisement/ad-adFree-user.test.js","",""
"","878","Check video block, footer banner, L vertical banner, S vertical banner for ad free user - PoE 2 in desktop at 1680x1050 viewport size","advertisement-tests","2026-08-14","passed","2026-08-14","Verify ad blocks for ad-free user","advertisement/ad-adFree-user.test.js","",""
"","1096","Check video block & footer banner for ad free user - Borderlands 4 in desktop at 1100x800 viewport size","advertisement-tests","2026-08-14","passed","2026-08-14","Verify ad blocks for ad-free user","advertisement/ad-adFree-user.test.js","",""
"","1576","Check video block, footer banner, L vertical banner, S vertical banner for plus user - Genshin in desktop at 1680x1050 viewport size","advertisement-tests","2026-08-14","passed","2026-08-14","Verify ad blocks for plus user","advertisement/ad-plus-user.test.js","",""
"","30508","Check ad blocks for regular user - LoL in mobile at 360x780 viewport size","advertisement-tests","2026-08-14","failed","2026-08-14","Verify ad blocks for regular user","advertisement/ad-regular-user.test.js","",""
"","708","Check video block, footer banner, L vertical banner for ad free user - Marathon in desktop at 1280x800 viewport size","advertisement-tests","2026-08-14","passed","2026-08-14","Verify ad blocks for ad-free user","advertisement/ad-adFree-user.test.js","",""
"","60522","Check video block, footer banner, L vertical banner, S vertical banner for regular user - Nightreign in desktop at 1680x1050 viewport size","advertisement-tests","2026-08-14","failed","2026-08-14","Verify ad blocks for regular user","advertisement/ad-regular-user.test.js","",""
"","2254","Check video block, footer banner, L vertical banner, S vertical banner for plus user - Val in desktop at 1680x1050 viewport size","advertisement-tests","2026-08-14","passed","2026-08-14","Verify ad blocks for plus user","advertisement/ad-plus-user.test.js","",""
"","861","Check video block, footer banner, L vertical banner, S vertical banner for ad free user - Hades 2 in desktop at 1680x1050 viewport size","advertisement-tests","2026-08-14","passed","2026-08-14","Verify ad blocks for ad-free user","advertisement/ad-adFree-user.test.js","",""
"","30438","Check ad blocks for regular user - Deadlock in mobile at 360x780 viewport size","advertisement-tests","2026-08-14","failed","2026-08-14","Verify ad blocks for regular user","advertisement/ad-regular-user.test.js","",""
"","30609","Check video block & footer banner for regular user - Nightreign in desktop at 800x800 viewport size","advertisement-tests","2026-08-14","failed","2026-08-14","Verify ad blocks for regular user","advertisement/ad-regular-user.test.js","",""
"","30446","Check video block & footer banner for unauthorized user - Riftbound in desktop at 800x800 viewport size","advertisement-tests","2026-08-14","failed","2026-08-14","Verify ad blocks for guest user","advertisement/ad-unauthorized-user.test.js","",""
"","30580","Check video block & footer banner for regular user - Borderlands 4 in desktop at 800x800 viewport size","advertisement-tests","2026-08-14","failed","2026-08-14","Verify ad blocks for regular user","advertisement/ad-regular-user.test.js","",""
"","821","Check advertisement blocks for ad free user - Hades 2 in desktop at 640x1024 viewport size","advertisement-tests","2026-08-14","passed","2026-08-14","Verify ad blocks for ad-free user","advertisement/ad-adFree-user.test.js","",""
"","515","Check video block & footer banner for regular user - NTE in desktop at 800x800 viewport size","advertisement-tests","2026-08-14","passed","2026-08-14","Verify ad blocks for regular user","advertisement/ad-regular-user.test.js","",""
"","11096","Check video block, footer banner, L vertical banner for plus user - 2XKO in desktop at 1280x800 viewport size","advertisement-tests","2026-08-14","passed","2026-08-14","Verify ad blocks for plus user","advertisement/ad-plus-user.test.js","",""
"","30836","Check video block & footer banner for ad free user - LoL in desktop at 1100x800 viewport size","advertisement-tests","2026-08-14","failed","2026-08-14","Verify ad blocks for ad-free user","advertisement/ad-adFree-user.test.js","",""
"","315","Check advertisement blocks for unauthorized user - Genshin in desktop at 640x1024 viewport size","advertisement-tests","2026-08-14","passed","2026-08-14","Verify ad blocks for guest user","advertisement/ad-unauthorized-user.test.js","",""
"","4000","Check video block & footer banner for plus user - Monster Hunter Wilds in desktop at 1100x800 viewport size","advertisement-tests","2026-08-14","passed","2026-08-14","Verify ad blocks for plus user","advertisement/ad-plus-user.test.js","",""
"","695","Check video block, footer banner, L vertical banner for ad free user - Endfield in desktop at 1280x800 viewport size","advertisement-tests","2026-08-14","passed","2026-08-14","Verify ad blocks for ad-free user","advertisement/ad-adFree-user.test.js","",""
"","1408","Check video block, footer banner, L vertical banner, S vertical banner for ad free user - Monster Hunter Wilds in desktop at 1680x1050 viewport size","advertisement-tests","2026-08-14","passed","2026-08-14","Verify ad blocks for ad-free user","advertisement/ad-adFree-user.test.js","",""
"","30407","Check video block & footer banner for unauthorized user - STS 2 in mobile at 360x780 viewport size","advertisement-tests","2026-08-14","failed","2026-08-14","Verify ad blocks for guest user","advertisement/ad-unauthorized-user.test.js","",""
"","730","Check video block & footer banner for plus user - 2XKO in desktop at 1100x800 viewport size","advertisement-tests","2026-08-14","passed","2026-08-14","Verify ad blocks for plus user","advertisement/ad-plus-user.test.js","",""
"","30474","Check advertisement blocks for regular user - The Bazaar in desktop at 640x1024 viewport size","advertisement-tests","2026-08-14","failed","2026-08-14","Verify ad blocks for regular user","advertisement/ad-regular-user.test.js","",""
"","682","Check advertisement blocks for plus user - STS 2 in desktop at 800x800 viewport size","advertisement-tests","2026-08-14","passed","2026-08-14","Verify ad blocks for plus user","advertisement/ad-plus-user.test.js","",""
"","30483","Check advertisement blocks for unauthorized user - ZZZ in desktop at 640x1024 viewport size","advertisement-tests","2026-08-14","failed","2026-08-14","Verify ad blocks for guest user","advertisement/ad-unauthorized-user.test.js","",""
"","496","Check ad blocks for ad free user - Genshin in mobile at 360x780 viewport size","advertisement-tests","2026-08-14","passed","2026-08-14","Verify ad blocks for ad-free user","advertisement/ad-adFree-user.test.js","",""
"","650","Check advertisement blocks for ad free user - Diablo 4 in desktop at 800x800 viewport size","advertisement-tests","2026-08-14","passed","2026-08-14","Verify ad blocks for ad-free user","advertisement/ad-adFree-user.test.js","",""
"","61409","Check video block, footer banner, L vertical banner, S vertical banner for ad free user - LoL in desktop at 1680x1050 viewport size","advertisement-tests","2026-08-14","failed","2026-08-14","Verify ad blocks for ad-free user","advertisement/ad-adFree-user.test.js","",""
"","30450","Check video block & footer banner for unauthorized user - LoL in desktop at 800x800 viewport size","advertisement-tests","2026-08-14","failed","2026-08-14","Verify ad blocks for guest user","advertisement/ad-unauthorized-user.test.js","",""
"","654","Check video block & footer banner for ad free user - NTE in desktop at 1100x800 viewport size","advertisement-tests","2026-08-14","passed","2026-08-14","Verify ad blocks for ad-free user","advertisement/ad-adFree-user.test.js","",""
"","597","Check advertisement blocks for plus user - Hades 2 in desktop at 800x800 viewport size","advertisement-tests","2026-08-14","passed","2026-08-14","Verify ad blocks for plus user","advertisement/ad-plus-user.test.js","",""
"","30486","Check video block & footer banner for unauthorized user - LoL in mobile at 360x780 viewport size","advertisement-tests","2026-08-14","failed","2026-08-14","Verify ad blocks for guest user","advertisement/ad-unauthorized-user.test.js","",""
"","45563","Check video block, footer banner, L vertical banner for regular user - Marathon in desktop at 1280x800 viewport size","advertisement-tests","2026-08-14","failed","2026-08-14","Verify ad blocks for regular user","advertisement/ad-regular-user.test.js","",""
"","634","Check advertisement blocks for ad free user - Endfield in desktop at 800x800 viewport size","advertisement-tests","2026-08-14","passed","2026-08-14","Verify ad blocks for ad-free user","advertisement/ad-adFree-user.test.js","",""
"","30502","Check advertisement blocks for regular user - Diablo 4 in desktop at 640x1024 viewport size","advertisement-tests","2026-08-14","failed","2026-08-14","Verify ad blocks for regular user","advertisement/ad-regular-user.test.js","",""
"","30478","Check advertisement blocks for regular user - Destiny 2 in desktop at 640x1024 viewport size","advertisement-tests","2026-08-14","failed","2026-08-14","Verify ad blocks for regular user","advertisement/ad-regular-user.test.js","",""
"","751","Check video block, footer banner, L vertical banner for ad free user - Monster Hunter Wilds in desktop at 1280x800 viewport size","advertisement-tests","2026-08-14","passed","2026-08-14","Verify ad blocks for ad-free user","advertisement/ad-adFree-user.test.js","",""
"","253","Check video block & footer banner for unauthorized user - Genshin in desktop at 800x800 viewport size","advertisement-tests","2026-08-14","passed","2026-08-14","Verify ad blocks for guest user","advertisement/ad-unauthorized-user.test.js","",""
"","45519","Check video block, footer banner, L vertical banner for regular user - Riftbound in desktop at 1280x800 viewport size","advertisement-tests","2026-08-14","failed","2026-08-14","Verify ad blocks for regular user","advertisement/ad-regular-user.test.js","",""
"","45570","Check video block, footer banner, L vertical banner for regular user - PoE in desktop at 1280x800 viewport size","advertisement-tests","2026-08-14","failed","2026-08-14","Verify ad blocks for regular user","advertisement/ad-regular-user.test.js","",""
"","661","Check video block & footer banner for plus user - Marvel Rivals in desktop at 1100x800 viewport size","advertisement-tests","2026-08-14","passed","2026-08-14","Verify ad blocks for plus user","advertisement/ad-plus-user.test.js","",""
"","898","Check video block, footer banner, L vertical banner, S vertical banner for ad free user - The Bazaar in desktop at 1680x1050 viewport size","advertisement-tests","2026-08-14","passed","2026-08-14","Verify ad blocks for ad-free user","advertisement/ad-adFree-user.test.js","",""
"","692","Check advertisement blocks for plus user - Overwatch in desktop at 800x800 viewport size","advertisement-tests","2026-08-14","passed","2026-08-14","Verify ad blocks for plus user","advertisement/ad-plus-user.test.js","",""
"","655","Check video block, footer banner, L vertical banner for ad free user - Nightreign in desktop at 1280x800 viewport size","advertisement-tests","2026-08-14","passed","2026-08-14","Verify ad blocks for ad-free user","advertisement/ad-adFree-user.test.js","",""
"","565","Check ad blocks for plus user - Diablo 4 in mobile at 360x780 viewport size","advertisement-tests","2026-08-14","passed","2026-08-14","Verify ad blocks for plus user","advertisement/ad-plus-user.test.js","",""
"","7855","Check ad blocks for ad free user - ZZZ in mobile at 360x780 viewport size","advertisement-tests","2026-08-14","passed","2026-08-14","Verify ad blocks for ad-free user","advertisement/ad-adFree-user.test.js","",""
"","672","Check video block, footer banner, L vertical banner for ad free user - PoE 2 in desktop at 1280x800 viewport size","advertisement-tests","2026-08-14","passed","2026-08-14","Verify ad blocks for ad-free user","advertisement/ad-adFree-user.test.js","",""
"","649","Check video block & footer banner for plus user - TFT in desktop at 1100x800 viewport size","advertisement-tests","2026-08-14","passed","2026-08-14","Verify ad blocks for plus user","advertisement/ad-plus-user.test.js","",""
"","30502","Check video block & footer banner for regular user - STS 2 in desktop at 800x800 viewport size","advertisement-tests","2026-08-14","failed","2026-08-14","Verify ad blocks for regular user","advertisement/ad-regular-user.test.js","",""
"","30511","Check video block & footer banner for regular user - TFT in desktop at 1100x800 viewport size","advertisement-tests","2026-08-14","failed","2026-08-14","Verify ad blocks for regular user","advertisement/ad-regular-user.test.js","",""
"","30409","Check advertisement blocks for unauthorized user - LoL in desktop at 640x1024 viewport size","advertisement-tests","2026-08-14","failed","2026-08-14","Verify ad blocks for guest user","advertisement/ad-unauthorized-user.test.js","",""
"","30573","Check video block & footer banner for regular user - Diablo 4 in desktop at 1100x800 viewport size","advertisement-tests","2026-08-14","failed","2026-08-14","Verify ad blocks for regular user","advertisement/ad-regular-user.test.js","",""
"","30504","Check advertisement blocks for regular user - PoE in desktop at 640x1024 viewport size","advertisement-tests","2026-08-14","failed","2026-08-14","Verify ad blocks for regular user","advertisement/ad-regular-user.test.js","",""
"","45554","Check video block, footer banner, L vertical banner for regular user - Nightreign in desktop at 1280x800 viewport size","advertisement-tests","2026-08-14","failed","2026-08-14","Verify ad blocks for regular user","advertisement/ad-regular-user.test.js","",""
"","607","Check advertisement blocks for ad free user - PoE 2 in desktop at 640x1024 viewport size","advertisement-tests","2026-08-14","passed","2026-08-14","Verify ad blocks for ad-free user","advertisement/ad-adFree-user.test.js","",""
"","6444","Check video block, footer banner, L vertical banner for plus user - NTE in desktop at 1280x800 viewport size","advertisement-tests","2026-08-14","passed","2026-08-14","Verify ad blocks for plus user","advertisement/ad-plus-user.test.js","",""
"","918","Check video block, footer banner, L vertical banner, S vertical banner for ad free user - Marathon in desktop at 1680x1050 viewport size","advertisement-tests","2026-08-14","passed","2026-08-14","Verify ad blocks for ad-free user","advertisement/ad-adFree-user.test.js","",""
"","615","Check advertisement blocks for plus user - Borderlands 4 in desktop at 800x800 viewport size","advertisement-tests","2026-08-14","passed","2026-08-14","Verify ad blocks for plus user","advertisement/ad-plus-user.test.js","",""
"","562","Check ad blocks for ad free user - Borderlands 4 in mobile at 360x780 viewport size","advertisement-tests","2026-08-14","passed","2026-08-14","Verify ad blocks for ad-free user","advertisement/ad-adFree-user.test.js","",""
"","30497","Check advertisement blocks for regular user - Endfield in desktop at 640x1024 viewport size","advertisement-tests","2026-08-14","failed","2026-08-14","Verify ad blocks for regular user","advertisement/ad-regular-user.test.js","",""
"","610","Check advertisement blocks for ad free user - STS 2 in desktop at 640x1024 viewport size","advertisement-tests","2026-08-14","passed","2026-08-14","Verify ad blocks for ad-free user","advertisement/ad-adFree-user.test.js","",""
"","30488","Check ad blocks for regular user - STS 2 in mobile at 360x780 viewport size","advertisement-tests","2026-08-14","failed","2026-08-14","Verify ad blocks for regular user","advertisement/ad-regular-user.test.js","",""
"","1121","Check video block, footer banner, L vertical banner, S vertical banner for ad free user - 2XKO in desktop at 1680x1050 viewport size","advertisement-tests","2026-08-14","passed","2026-08-14","Verify ad blocks for ad-free user","advertisement/ad-adFree-user.test.js","",""
"","590","Check advertisement blocks for plus user - ZZZ in desktop at 800x800 viewport size","advertisement-tests","2026-08-14","passed","2026-08-14","Verify ad blocks for plus user","advertisement/ad-plus-user.test.js","",""
"","45516","Check video block, footer banner, L vertical banner for regular user - Borderlands 4 in desktop at 1280x800 viewport size","advertisement-tests","2026-08-14","failed","2026-08-14","Verify ad blocks for regular user","advertisement/ad-regular-user.test.js","",""
"","1932","Check video block, footer banner, L vertical banner for plus user - Marvel Rivals in desktop at 1280x800 viewport size","advertisement-tests","2026-08-14","passed","2026-08-14","Verify ad blocks for plus user","advertisement/ad-plus-user.test.js","",""
"","1631","Check video block, footer banner, L vertical banner, S vertical banner for plus user - Deadlock in desktop at 1680x1050 viewport size","advertisement-tests","2026-08-14","passed","2026-08-14","Verify ad blocks for plus user","advertisement/ad-plus-user.test.js","",""
"","626","Check video block & footer banner for ad free user - Genshin in desktop at 1100x800 viewport size","advertisement-tests","2026-08-14","passed","2026-08-14","Verify ad blocks for ad-free user","advertisement/ad-adFree-user.test.js","",""
"","129","Check video block & footer banner for unauthorized user - Val in mobile at 360x780 viewport size","advertisement-tests","2026-08-14","skipped","2026-08-14","Verify ad blocks for guest user","advertisement/ad-unauthorized-user.test.js","",""
"","45748","Check video block, footer banner, L vertical banner for regular user - Hades 2 in desktop at 1280x800 viewport size","advertisement-tests","2026-08-14","failed","2026-08-14","Verify ad blocks for regular user","advertisement/ad-regular-user.test.js","",""
"","30465","Check video block & footer banner for unauthorized user - Marathon in mobile at 360x780 viewport size","advertisement-tests","2026-08-14","failed","2026-08-14","Verify ad blocks for guest user","advertisement/ad-unauthorized-user.test.js","",""
"","30505","Check video block & footer banner for regular user - Marvel Rivals in desktop at 1100x800 viewport size","advertisement-tests","2026-08-14","failed","2026-08-14","Verify ad blocks for regular user","advertisement/ad-regular-user.test.js","",""
"","685","Check advertisement blocks for plus user - Monster Hunter Wilds in desktop at 800x800 viewport size","advertisement-tests","2026-08-14","passed","2026-08-14","Verify ad blocks for plus user","advertisement/ad-plus-user.test.js","",""
"","615","Check ad blocks for plus user - Hades 2 in mobile at 360x780 viewport size","advertisement-tests","2026-08-14","passed","2026-08-14","Verify ad blocks for plus user","advertisement/ad-plus-user.test.js","",""
"","848","Check ad blocks for ad free user - Monster Hunter Wilds in mobile at 360x780 viewport size","advertisement-tests","2026-08-14","passed","2026-08-14","Verify ad blocks for ad-free user","advertisement/ad-adFree-user.test.js","",""
"","30420","Check video block & footer banner for unauthorized user - Diablo 4 in mobile at 360x780 viewport size","advertisement-tests","2026-08-14","failed","2026-08-14","Verify ad blocks for guest user","advertisement/ad-unauthorized-user.test.js","",""
"","611","Check advertisement blocks for plus user - Borderlands 4 in desktop at 640x1024 viewport size","advertisement-tests","2026-08-14","passed","2026-08-14","Verify ad blocks for plus user","advertisement/ad-plus-user.test.js","",""
"","758","Check video block, footer banner, L vertical banner, S vertical banner for ad free user - Marvel Rivals in desktop at 1680x1050 viewport size","advertisement-tests","2026-08-14","passed","2026-08-14","Verify ad blocks for ad-free user","advertisement/ad-adFree-user.test.js","",""
"","1802","Check ad blocks for ad free user - Riftbound in mobile at 360x780 viewport size","advertisement-tests","2026-08-14","passed","2026-08-14","Verify ad blocks for ad-free user","advertisement/ad-adFree-user.test.js","",""
"","2034","Check ad blocks for ad free user - Marvel Rivals in mobile at 360x780 viewport size","advertisement-tests","2026-08-14","passed","2026-08-14","Verify ad blocks for ad-free user","advertisement/ad-adFree-user.test.js","",""
"","60533","Check video block, footer banner, L vertical banner, S vertical banner for regular user - Marvel Rivals in desktop at 1680x1050 viewport size","advertisement-tests","2026-08-14","failed","2026-08-14","Verify ad blocks for regular user","advertisement/ad-regular-user.test.js","",""
"","30545","Check video block & footer banner for regular user - LoL in desktop at 1100x800 viewport size","advertisement-tests","2026-08-14","failed","2026-08-14","Verify ad blocks for regular user","advertisement/ad-regular-user.test.js","",""
"","602","Check advertisement blocks for plus user - PoE 2 in desktop at 640x1024 viewport size","advertisement-tests","2026-08-14","passed","2026-08-14","Verify ad blocks for plus user","advertisement/ad-plus-user.test.js","",""
"","30555","Check video block & footer banner for regular user - Borderlands 4 in desktop at 1100x800 viewport size","advertisement-tests","2026-08-14","failed","2026-08-14","Verify ad blocks for regular user","advertisement/ad-regular-user.test.js","",""
"","351","Check advertisement blocks for unauthorized user - Nightreign in desktop at 640x1024 viewport size","advertisement-tests","2026-08-14","passed","2026-08-14","Verify ad blocks for guest user","advertisement/ad-unauthorized-user.test.js","",""
"","903","Check video block, footer banner, L vertical banner, S vertical banner for ad free user - ZZZ in desktop at 1680x1050 viewport size","advertisement-tests","2026-08-14","passed","2026-08-14","Verify ad blocks for ad-free user","advertisement/ad-adFree-user.test.js","",""
"","680","Check advertisement blocks for plus user - 2XKO in desktop at 640x1024 viewport size","advertisement-tests","2026-08-14","passed","2026-08-14","Verify ad blocks for plus user","advertisement/ad-plus-user.test.js","",""
"","1021","Check advertisement blocks for ad free user - ZZZ in desktop at 640x1024 viewport size","advertisement-tests","2026-08-14","passed","2026-08-14","Verify ad blocks for ad-free user","advertisement/ad-adFree-user.test.js","",""
"","30566","Check video block & footer banner for unauthorized user - PoE 2 in mobile at 360x780 viewport size","advertisement-tests","2026-08-14","failed","2026-08-14","Verify ad blocks for guest user","advertisement/ad-unauthorized-user.test.js","",""
"","30626","Check advertisement blocks for ad free user - TFT in desktop at 640x1024 viewport size","advertisement-tests","2026-08-14","failed","2026-08-14","Verify ad blocks for ad-free user","advertisement/ad-adFree-user.test.js","",""
"","30517","Check advertisement blocks for regular user - Marathon in desktop at 640x1024 viewport size","advertisement-tests","2026-08-14","failed","2026-08-14","Verify ad blocks for regular user","advertisement/ad-regular-user.test.js","",""
"","657","Check ad blocks for plus user - Overwatch in mobile at 360x780 viewport size","advertisement-tests","2026-08-14","passed","2026-08-14","Verify ad blocks for plus user","advertisement/ad-plus-user.test.js","",""
"","580","Check ad blocks for plus user - Marathon in mobile at 360x780 viewport size","advertisement-tests","2026-08-14","passed","2026-08-14","Verify ad blocks for plus user","advertisement/ad-plus-user.test.js","",""
"","555","Check advertisement blocks for plus user - NTE in desktop at 800x800 viewport size","advertisement-tests","2026-08-14","passed","2026-08-14","Verify ad blocks for plus user","advertisement/ad-plus-user.test.js","",""
"","30522","Check video block & footer banner for regular user - Val in desktop at 1100x800 viewport size","advertisement-tests","2026-08-14","failed","2026-08-14","Verify ad blocks for regular user","advertisement/ad-regular-user.test.js","",""
"","30504","Check ad blocks for regular user - Borderlands 4 in mobile at 360x780 viewport size","advertisement-tests","2026-08-14","failed","2026-08-14","Verify ad blocks for regular user","advertisement/ad-regular-user.test.js","",""
"","60539","Check video block, footer banner, L vertical banner, S vertical banner for regular user - 2XKO in desktop at 1680x1050 viewport size","advertisement-tests","2026-08-14","failed","2026-08-14","Verify ad blocks for regular user","advertisement/ad-regular-user.test.js","",""
"","30529","Check video block & footer banner for regular user - Overwatch in desktop at 800x800 viewport size","advertisement-tests","2026-08-14","failed","2026-08-14","Verify ad blocks for regular user","advertisement/ad-regular-user.test.js","",""
"","661","Check advertisement blocks for plus user - The Bazaar in desktop at 640x1024 viewport size","advertisement-tests","2026-08-14","passed","2026-08-14","Verify ad blocks for plus user","advertisement/ad-plus-user.test.js","",""
"","45554","Check video block, footer banner, L vertical banner for regular user - Val in desktop at 1280x800 viewport size","advertisement-tests","2026-08-14","failed","2026-08-14","Verify ad blocks for regular user","advertisement/ad-regular-user.test.js","",""
"","60500","Check video block, footer banner, L vertical banner, S vertical banner for regular user - PoE in desktop at 1680x1050 viewport size","advertisement-tests","2026-08-14","failed","2026-08-14","Verify ad blocks for regular user","advertisement/ad-regular-user.test.js","",""
"","512","Check advertisement blocks for ad free user - NTE in desktop at 640x1024 viewport size","advertisement-tests","2026-08-14","passed","2026-08-14","Verify ad blocks for ad-free user","advertisement/ad-adFree-user.test.js","",""
"","7949","Check video block, footer banner, L vertical banner, S vertical banner for plus user - The Bazaar in desktop at 1680x1050 viewport size","advertisement-tests","2026-08-14","passed","2026-08-14","Verify ad blocks for plus user","advertisement/ad-plus-user.test.js","",""
"","30519","Check advertisement blocks for regular user - 2XKO in desktop at 640x1024 viewport size","advertisement-tests","2026-08-14","failed","2026-08-14","Verify ad blocks for regular user","advertisement/ad-regular-user.test.js","",""
"","570","Check advertisement blocks for ad free user - NTE in desktop at 800x800 viewport size","advertisement-tests","2026-08-14","passed","2026-08-14","Verify ad blocks for ad-free user","advertisement/ad-adFree-user.test.js","",""
"","695","Check advertisement blocks for plus user - 2XKO in desktop at 800x800 viewport size","advertisement-tests","2026-08-14","passed","2026-08-14","Verify ad blocks for plus user","advertisement/ad-plus-user.test.js","",""
"","10553","Check video block, footer banner, L vertical banner, S vertical banner for plus user - Marvel Rivals in desktop at 1680x1050 viewport size","advertisement-tests","2026-08-14","passed","2026-08-14","Verify ad blocks for plus user","advertisement/ad-plus-user.test.js","",""
"","2522","Check video block & footer banner for plus user - STS 2 in desktop at 1100x800 viewport size","advertisement-tests","2026-08-14","passed","2026-08-14","Verify ad blocks for plus user","advertisement/ad-plus-user.test.js","",""
"","30453","Check ad blocks for regular user - Marathon in mobile at 360x780 viewport size","advertisement-tests","2026-08-14","failed","2026-08-14","Verify ad blocks for regular user","advertisement/ad-regular-user.test.js","",""
"","30475","Check video block & footer banner for unauthorized user - Val in desktop at 800x800 viewport size","advertisement-tests","2026-08-14","failed","2026-08-14","Verify ad blocks for guest user","advertisement/ad-unauthorized-user.test.js","",""
"","2953","Check video block, footer banner, L vertical banner for plus user - Monster Hunter Wilds in desktop at 1280x800 viewport size","advertisement-tests","2026-08-14","passed","2026-08-14","Verify ad blocks for plus user","advertisement/ad-plus-user.test.js","",""
"","669","Check advertisement blocks for plus user - Endfield in desktop at 640x1024 viewport size","advertisement-tests","2026-08-14","passed","2026-08-14","Verify ad blocks for plus user","advertisement/ad-plus-user.test.js","",""
"","30557","Check video block & footer banner for unauthorized user - Destiny 2 in desktop at 800x800 viewport size","advertisement-tests","2026-08-14","failed","2026-08-14","Verify ad blocks for guest user","advertisement/ad-unauthorized-user.test.js","",""
"","679","Check advertisement blocks for ad free user - Destiny 2 in desktop at 640x1024 viewport size","advertisement-tests","2026-08-14","passed","2026-08-14","Verify ad blocks for ad-free user","advertisement/ad-adFree-user.test.js","",""
"","622","Check advertisement blocks for plus user - Diablo 4 in desktop at 640x1024 viewport size","advertisement-tests","2026-08-14","passed","2026-08-14","Verify ad blocks for plus user","advertisement/ad-plus-user.test.js","",""
"","780","Check video block, footer banner, L vertical banner, S vertical banner for ad free user - Val in desktop at 1680x1050 viewport size","advertisement-tests","2026-08-14","passed","2026-08-14","Verify ad blocks for ad-free user","advertisement/ad-adFree-user.test.js","",""
"","30460","Check video block & footer banner for unauthorized user - Diablo 4 in desktop at 800x800 viewport size","advertisement-tests","2026-08-14","failed","2026-08-14","Verify ad blocks for guest user","advertisement/ad-unauthorized-user.test.js","",""
"","831","Check video block, footer banner, L vertical banner, S vertical banner for ad free user - STS 2 in desktop at 1680x1050 viewport size","advertisement-tests","2026-08-14","passed","2026-08-14","Verify ad blocks for ad-free user","advertisement/ad-adFree-user.test.js","",""
"","2","Check ad blocks for plus user - Val in mobile at 360x780 viewport size","advertisement-tests","2026-08-14","skipped","2026-08-14","Verify ad blocks for plus user","advertisement/ad-plus-user.test.js","",""
"","30474","Check video block & footer banner for unauthorized user - Monster Hunter Wilds in desktop at 800x800 viewport size","advertisement-tests","2026-08-14","failed","2026-08-14","Verify ad blocks for guest user","advertisement/ad-unauthorized-user.test.js","",""
"","30513","Check advertisement blocks for regular user - TFT in desktop at 640x1024 viewport size","advertisement-tests","2026-08-14","failed","2026-08-14","Verify ad blocks for regular user","advertisement/ad-regular-user.test.js","",""
"","626","Check video block & footer banner for ad free user - Val in desktop at 1100x800 viewport size","advertisement-tests","2026-08-14","passed","2026-08-14","Verify ad blocks for ad-free user","advertisement/ad-adFree-user.test.js","",""
"","30467","Check advertisement blocks for unauthorized user - Marathon in desktop at 640x1024 viewport size","advertisement-tests","2026-08-14","failed","2026-08-14","Verify ad blocks for guest user","advertisement/ad-unauthorized-user.test.js","",""
"","30507","Check advertisement blocks for regular user - Hades 2 in desktop at 640x1024 viewport size","advertisement-tests","2026-08-14","failed","2026-08-14","Verify ad blocks for regular user","advertisement/ad-regular-user.test.js","",""
"","30424","Check video block & footer banner for unauthorized user - Overwatch in mobile at 360x780 viewport size","advertisement-tests","2026-08-14","failed","2026-08-14","Verify ad blocks for guest user","advertisement/ad-unauthorized-user.test.js","",""
"","879","Check video block, footer banner, L vertical banner for ad free user - Borderlands 4 in desktop at 1280x800 viewport size","advertisement-tests","2026-08-14","passed","2026-08-14","Verify ad blocks for ad-free user","advertisement/ad-adFree-user.test.js","",""
"","30521","Check video block & footer banner for regular user - ZZZ in desktop at 800x800 viewport size","advertisement-tests","2026-08-14","failed","2026-08-14","Verify ad blocks for regular user","advertisement/ad-regular-user.test.js","",""
"","762","Check advertisement blocks for ad free user - Overwatch in desktop at 800x800 viewport size","advertisement-tests","2026-08-14","passed","2026-08-14","Verify ad blocks for ad-free user","advertisement/ad-adFree-user.test.js","",""
"","764","Check advertisement blocks for ad free user - PoE 2 in desktop at 800x800 viewport size","advertisement-tests","2026-08-14","passed","2026-08-14","Verify ad blocks for ad-free user","advertisement/ad-adFree-user.test.js","",""
"","30400","Check video block & footer banner for unauthorized user - PoE in mobile at 360x780 viewport size","advertisement-tests","2026-08-14","failed","2026-08-14","Verify ad blocks for guest user","advertisement/ad-unauthorized-user.test.js","",""
"","10404","Check video block, footer banner, L vertical banner for plus user - Riftbound in desktop at 1280x800 viewport size","advertisement-tests","2026-08-14","passed","2026-08-14","Verify ad blocks for plus user","advertisement/ad-plus-user.test.js","",""
"","30493","Check video block & footer banner for regular user - Marathon in desktop at 800x800 viewport size","advertisement-tests","2026-08-14","failed","2026-08-14","Verify ad blocks for regular user","advertisement/ad-regular-user.test.js","",""
"","30491","Check video block & footer banner for unauthorized user - The Bazaar in desktop at 800x800 viewport size","advertisement-tests","2026-08-14","failed","2026-08-14","Verify ad blocks for guest user","advertisement/ad-unauthorized-user.test.js","",""
"","613","Check advertisement blocks for ad free user - Genshin in desktop at 640x1024 viewport size","advertisement-tests","2026-08-14","passed","2026-08-14","Verify ad blocks for ad-free user","advertisement/ad-adFree-user.test.js","",""
"","30485","Check video block & footer banner for regular user - LoL in desktop at 800x800 viewport size","advertisement-tests","2026-08-14","failed","2026-08-14","Verify ad blocks for regular user","advertisement/ad-regular-user.test.js","",""
"","753","Check video block, footer banner, L vertical banner for ad free user - Destiny 2 in desktop at 1280x800 viewport size","advertisement-tests","2026-08-14","passed","2026-08-14","Verify ad blocks for ad-free user","advertisement/ad-adFree-user.test.js","",""
"","684","Check advertisement blocks for plus user - Endfield in desktop at 800x800 viewport size","advertisement-tests","2026-08-14","passed","2026-08-14","Verify ad blocks for plus user","advertisement/ad-plus-user.test.js","",""
"","30455","Check ad blocks for regular user - Hades 2 in mobile at 360x780 viewport size","advertisement-tests","2026-08-14","failed","2026-08-14","Verify ad blocks for regular user","advertisement/ad-regular-user.test.js","",""
"","744","Check video block & footer banner for ad free user - Riftbound in desktop at 1100x800 viewport size","advertisement-tests","2026-08-14","passed","2026-08-14","Verify ad blocks for ad-free user","advertisement/ad-adFree-user.test.js","",""
"","30566","Check video block & footer banner for regular user - Marathon in desktop at 1100x800 viewport size","advertisement-tests","2026-08-14","failed","2026-08-14","Verify ad blocks for regular user","advertisement/ad-regular-user.test.js","",""
"","525","Check advertisement blocks for plus user - Nightreign in desktop at 640x1024 viewport size","advertisement-tests","2026-08-14","passed","2026-08-14","Verify ad blocks for plus user","advertisement/ad-plus-user.test.js","",""
"","2045","Check video block, footer banner, L vertical banner for plus user - Deadlock in desktop at 1280x800 viewport size","advertisement-tests","2026-08-14","passed","2026-08-14","Verify ad blocks for plus user","advertisement/ad-plus-user.test.js","",""
"","2233","Check video block, footer banner, L vertical banner, S vertical banner for plus user - STS 2 in desktop at 1680x1050 viewport size","advertisement-tests","2026-08-14","passed","2026-08-14","Verify ad blocks for plus user","advertisement/ad-plus-user.test.js","",""
"","2736","Check video block, footer banner, L vertical banner for plus user - PoE 2 in desktop at 1280x800 viewport size","advertisement-tests","2026-08-14","passed","2026-08-14","Verify ad blocks for plus user","advertisement/ad-plus-user.test.js","",""
"","2524","Check video block, footer banner, L vertical banner for plus user - Destiny 2 in desktop at 1280x800 viewport size","advertisement-tests","2026-08-14","passed","2026-08-14","Verify ad blocks for plus user","advertisement/ad-plus-user.test.js","",""
"","646","Check advertisement blocks for plus user - TFT in desktop at 640x1024 viewport size","advertisement-tests","2026-08-14","passed","2026-08-14","Verify ad blocks for plus user","advertisement/ad-plus-user.test.js","",""
"","1529","Check video block, footer banner, L vertical banner, S vertical banner for ad free user - Destiny 2 in desktop at 1680x1050 viewport size","advertisement-tests","2026-08-14","passed","2026-08-14","Verify ad blocks for ad-free user","advertisement/ad-adFree-user.test.js","",""
"","30676","Check advertisement blocks for ad free user - TFT in desktop at 800x800 viewport size","advertisement-tests","2026-08-14","failed","2026-08-14","Verify ad blocks for ad-free user","advertisement/ad-adFree-user.test.js","",""
"","535","Check video block, footer banner, L vertical banner for regular user - NTE in desktop at 1280x800 viewport size","advertisement-tests","2026-08-14","passed","2026-08-14","Verify ad blocks for regular user","advertisement/ad-regular-user.test.js","",""
"","632","Check advertisement blocks for ad free user - The Bazaar in desktop at 800x800 viewport size","advertisement-tests","2026-08-14","passed","2026-08-14","Verify ad blocks for ad-free user","advertisement/ad-adFree-user.test.js","",""
"","1884","Check video block, footer banner, L vertical banner, S vertical banner for plus user - NTE in desktop at 1680x1050 viewport size","advertisement-tests","2026-08-14","passed","2026-08-14","Verify ad blocks for plus user","advertisement/ad-plus-user.test.js","",""
"","45550","Check video block, footer banner, L vertical banner for regular user - Diablo 4 in desktop at 1280x800 viewport size","advertisement-tests","2026-08-14","failed","2026-08-14","Verify ad blocks for regular user","advertisement/ad-regular-user.test.js","",""
"","30490","Check video block & footer banner for regular user - PoE in desktop at 1100x800 viewport size","advertisement-tests","2026-08-14","failed","2026-08-14","Verify ad blocks for regular user","advertisement/ad-regular-user.test.js","",""
"","635","Check advertisement blocks for plus user - Marvel Rivals in desktop at 800x800 viewport size","advertisement-tests","2026-08-14","passed","2026-08-14","Verify ad blocks for plus user","advertisement/ad-plus-user.test.js","",""
"","643","Check advertisement blocks for plus user - Marvel Rivals in desktop at 640x1024 viewport size","advertisement-tests","2026-08-14","passed","2026-08-14","Verify ad blocks for plus user","advertisement/ad-plus-user.test.js","",""
"","30525","Check video block & footer banner for regular user - Deadlock in desktop at 1100x800 viewport size","advertisement-tests","2026-08-14","failed","2026-08-14","Verify ad blocks for regular user","advertisement/ad-regular-user.test.js","",""
"","365","Check ad blocks for regular user - Genshin in mobile at 360x780 viewport size","advertisement-tests","2026-08-14","passed","2026-08-14","Verify ad blocks for regular user","advertisement/ad-regular-user.test.js","",""
"","432","Check ad blocks for ad free user - NTE in mobile at 360x780 viewport size","advertisement-tests","2026-08-14","passed","2026-08-14","Verify ad blocks for ad-free user","advertisement/ad-adFree-user.test.js","",""
"","564","Check ad blocks for plus user - ZZZ in mobile at 360x780 viewport size","advertisement-tests","2026-08-14","passed","2026-08-14","Verify ad blocks for plus user","advertisement/ad-plus-user.test.js","",""
"","30406","Check advertisement blocks for unauthorized user - The Bazaar in desktop at 640x1024 viewport size","advertisement-tests","2026-08-14","failed","2026-08-14","Verify ad blocks for guest user","advertisement/ad-unauthorized-user.test.js","",""
"","30497","Check advertisement blocks for regular user - LoL in desktop at 640x1024 viewport size","advertisement-tests","2026-08-14","failed","2026-08-14","Verify ad blocks for regular user","advertisement/ad-regular-user.test.js","",""
"","743","Check video block & footer banner for ad free user - Overwatch in desktop at 1100x800 viewport size","advertisement-tests","2026-08-14","passed","2026-08-14","Verify ad blocks for ad-free user","advertisement/ad-adFree-user.test.js","",""
"","45555","Check video block, footer banner, L vertical banner for regular user - Endfield in desktop at 1280x800 viewport size","advertisement-tests","2026-08-14","failed","2026-08-14","Verify ad blocks for regular user","advertisement/ad-regular-user.test.js","",""
"","600","Check advertisement blocks for plus user - PoE in desktop at 640x1024 viewport size","advertisement-tests","2026-08-14","passed","2026-08-14","Verify ad blocks for plus user","advertisement/ad-plus-user.test.js","",""
"","2205","Check video block, footer banner, L vertical banner, S vertical banner for plus user - PoE 2 in desktop at 1680x1050 viewport size","advertisement-tests","2026-08-14","passed","2026-08-14","Verify ad blocks for plus user","advertisement/ad-plus-user.test.js","",""
"","30472","Check video block & footer banner for unauthorized user - 2XKO in desktop at 800x800 viewport size","advertisement-tests","2026-08-14","failed","2026-08-14","Verify ad blocks for guest user","advertisement/ad-unauthorized-user.test.js","",""
"","60500","Check video block, footer banner, L vertical banner, S vertical banner for regular user - Endfield in desktop at 1680x1050 viewport size","advertisement-tests","2026-08-14","failed","2026-08-14","Verify ad blocks for regular user","advertisement/ad-regular-user.test.js","",""
"","60519","Check video block, footer banner, L vertical banner, S vertical banner for regular user - Overwatch in desktop at 1680x1050 viewport size","advertisement-tests","2026-08-14","failed","2026-08-14","Verify ad blocks for regular user","advertisement/ad-regular-user.test.js","",""
"","45590","Check video block, footer banner, L vertical banner for regular user - PoE 2 in desktop at 1280x800 viewport size","advertisement-tests","2026-08-14","failed","2026-08-14","Verify ad blocks for regular user","advertisement/ad-regular-user.test.js","",""
"","60527","Check video block, footer banner, L vertical banner, S vertical banner for regular user - Monster Hunter Wilds in desktop at 1680x1050 viewport size","advertisement-tests","2026-08-14","failed","2026-08-14","Verify ad blocks for regular user","advertisement/ad-regular-user.test.js","",""
"","472","Check video block, footer banner, L vertical banner for regular user - Genshin in desktop at 1280x800 viewport size","advertisement-tests","2026-08-14","passed","2026-08-14","Verify ad blocks for regular user","advertisement/ad-regular-user.test.js","",""
"","623","Check advertisement blocks for ad free user - Deadlock in desktop at 640x1024 viewport size","advertisement-tests","2026-08-14","passed","2026-08-14","Verify ad blocks for ad-free user","advertisement/ad-adFree-user.test.js","",""
"","629","Check ad blocks for plus user - STS 2 in mobile at 360x780 viewport size","advertisement-tests","2026-08-14","passed","2026-08-14","Verify ad blocks for plus user","advertisement/ad-plus-user.test.js","",""
"","2501","Check video block, footer banner, L vertical banner, S vertical banner for plus user - Overwatch in desktop at 1680x1050 viewport size","advertisement-tests","2026-08-14","passed","2026-08-14","Verify ad blocks for plus user","advertisement/ad-plus-user.test.js","",""
"","557","Check ad blocks for plus user - The Bazaar in mobile at 360x780 viewport size","advertisement-tests","2026-08-14","passed","2026-08-14","Verify ad blocks for plus user","advertisement/ad-plus-user.test.js","",""
"","723","Check advertisement blocks for ad free user - Val in desktop at 800x800 viewport size","advertisement-tests","2026-08-14","passed","2026-08-14","Verify ad blocks for ad-free user","advertisement/ad-adFree-user.test.js","",""
"","730","Check advertisement blocks for ad free user - Borderlands 4 in desktop at 800x800 viewport size","advertisement-tests","2026-08-14","passed","2026-08-14","Verify ad blocks for ad-free user","advertisement/ad-adFree-user.test.js","",""
"","2026","Check video block, footer banner, L vertical banner, S vertical banner for plus user - 2XKO in desktop at 1680x1050 viewport size","advertisement-tests","2026-08-14","passed","2026-08-14","Verify ad blocks for plus user","advertisement/ad-plus-user.test.js","",""
"","30421","Check advertisement blocks for unauthorized user - Borderlands 4 in desktop at 640x1024 viewport size","advertisement-tests","2026-08-14","failed","2026-08-14","Verify ad blocks for guest user","advertisement/ad-unauthorized-user.test.js","",""
"","727","Check video block, footer banner, L vertical banner for ad free user - Deadlock in desktop at 1280x800 viewport size","advertisement-tests","2026-08-14","passed","2026-08-14","Verify ad blocks for ad-free user","advertisement/ad-adFree-user.test.js","",""
"","30476","Check video block & footer banner for unauthorized user - Borderlands 4 in desktop at 800x800 viewport size","advertisement-tests","2026-08-14","failed","2026-08-14","Verify ad blocks for guest user","advertisement/ad-unauthorized-user.test.js","",""
"","45550","Check video block, footer banner, L vertical banner for regular user - Deadlock in desktop at 1280x800 viewport size","advertisement-tests","2026-08-14","failed","2026-08-14","Verify ad blocks for regular user","advertisement/ad-regular-user.test.js","",""
"","30656","Check video block & footer banner for unauthorized user - 2XKO in mobile at 360x780 viewport size","advertisement-tests","2026-08-14","failed","2026-08-14","Verify ad blocks for guest user","advertisement/ad-unauthorized-user.test.js","",""
"","30435","Check advertisement blocks for unauthorized user - STS 2 in desktop at 640x1024 viewport size","advertisement-tests","2026-08-14","failed","2026-08-14","Verify ad blocks for guest user","advertisement/ad-unauthorized-user.test.js","",""
"","654","Check advertisement blocks for ad free user - Borderlands 4 in desktop at 640x1024 viewport size","advertisement-tests","2026-08-14","passed","2026-08-14","Verify ad blocks for ad-free user","advertisement/ad-adFree-user.test.js","",""
"","60516","Check video block, footer banner, L vertical banner, S vertical banner for regular user - Diablo 4 in desktop at 1680x1050 viewport size","advertisement-tests","2026-08-14","failed","2026-08-14","Verify ad blocks for regular user","advertisement/ad-regular-user.test.js","",""
"","4282","Check video block & footer banner for plus user - Borderlands 4 in desktop at 1100x800 viewport size","advertisement-tests","2026-08-14","passed","2026-08-14","Verify ad blocks for plus user","advertisement/ad-plus-user.test.js","",""
"","708","Check video block, footer banner, L vertical banner for ad free user - The Bazaar in desktop at 1280x800 viewport size","advertisement-tests","2026-08-14","passed","2026-08-14","Verify ad blocks for ad-free user","advertisement/ad-adFree-user.test.js","",""
"","2316","Check video block, footer banner, L vertical banner, S vertical banner for plus user - PoE in desktop at 1680x1050 viewport size","advertisement-tests","2026-08-14","passed","2026-08-14","Verify ad blocks for plus user","advertisement/ad-plus-user.test.js","",""
"","30509","Check video block & footer banner for regular user - Riftbound in desktop at 1100x800 viewport size","advertisement-tests","2026-08-14","failed","2026-08-14","Verify ad blocks for regular user","advertisement/ad-regular-user.test.js","",""
"","700","Check advertisement blocks for ad free user - Diablo 4 in desktop at 640x1024 viewport size","advertisement-tests","2026-08-14","passed","2026-08-14","Verify ad blocks for ad-free user","advertisement/ad-adFree-user.test.js","",""
"","602","Check advertisement blocks for plus user - Monster Hunter Wilds in desktop at 640x1024 viewport size","advertisement-tests","2026-08-14","passed","2026-08-14","Verify ad blocks for plus user","advertisement/ad-plus-user.test.js","",""
"","606","Check advertisement blocks for ad free user - ZZZ in desktop at 800x800 viewport size","advertisement-tests","2026-08-14","passed","2026-08-14","Verify ad blocks for ad-free user","advertisement/ad-adFree-user.test.js","",""
"","30447","Check ad blocks for regular user - Overwatch in mobile at 360x780 viewport size","advertisement-tests","2026-08-14","failed","2026-08-14","Verify ad blocks for regular user","advertisement/ad-regular-user.test.js","",""
"","2738","Check video block, footer banner, L vertical banner for plus user - STS 2 in desktop at 1280x800 viewport size","advertisement-tests","2026-08-14","passed","2026-08-14","Verify ad blocks for plus user","advertisement/ad-plus-user.test.js","",""
"","686","Check video block, footer banner, L vertical banner for ad free user - PoE in desktop at 1280x800 viewport size","advertisement-tests","2026-08-14","passed","2026-08-14","Verify ad blocks for ad-free user","advertisement/ad-adFree-user.test.js","",""
"","558","Check ad blocks for plus user - Marvel Rivals in mobile at 360x780 viewport size","advertisement-tests","2026-08-14","passed","2026-08-14","Verify ad blocks for plus user","advertisement/ad-plus-user.test.js","",""
"","653","Check advertisement blocks for plus user - Destiny 2 in desktop at 800x800 viewport size","advertisement-tests","2026-08-14","passed","2026-08-14","Verify ad blocks for plus user","advertisement/ad-plus-user.test.js","",""
"","30521","Check ad blocks for regular user - Marvel Rivals in mobile at 360x780 viewport size","advertisement-tests","2026-08-14","failed","2026-08-14","Verify ad blocks for regular user","advertisement/ad-regular-user.test.js","",""
"","610","Check advertisement blocks for plus user - LoL in desktop at 640x1024 viewport size","advertisement-tests","2026-08-14","passed","2026-08-14","Verify ad blocks for plus user","advertisement/ad-plus-user.test.js","",""
"","929","Check video block, footer banner, L vertical banner for ad free user - ZZZ in desktop at 1280x800 viewport size","advertisement-tests","2026-08-14","passed","2026-08-14","Verify ad blocks for ad-free user","advertisement/ad-adFree-user.test.js","",""
"","30453","Check video block & footer banner for unauthorized user - ZZZ in desktop at 800x800 viewport size","advertisement-tests","2026-08-14","failed","2026-08-14","Verify ad blocks for guest user","advertisement/ad-unauthorized-user.test.js","",""
"","664","Check advertisement blocks for plus user - Marathon in desktop at 640x1024 viewport size","advertisement-tests","2026-08-14","passed","2026-08-14","Verify ad blocks for plus user","advertisement/ad-plus-user.test.js","",""
"","628","Check ad blocks for ad free user - Marathon in mobile at 360x780 viewport size","advertisement-tests","2026-08-14","passed","2026-08-14","Verify ad blocks for ad-free user","advertisement/ad-adFree-user.test.js","",""
"","682","Check advertisement blocks for plus user - Nightreign in desktop at 800x800 viewport size","advertisement-tests","2026-08-14","passed","2026-08-14","Verify ad blocks for plus user","advertisement/ad-plus-user.test.js","",""
"","11446","Check video block, footer banner, L vertical banner, S vertical banner for plus user - ZZZ in desktop at 1680x1050 viewport size","advertisement-tests","2026-08-14","passed","2026-08-14","Verify ad blocks for plus user","advertisement/ad-plus-user.test.js","",""
"","2780","Check video block, footer banner, L vertical banner for plus user - LoL in desktop at 1280x800 viewport size","advertisement-tests","2026-08-14","passed","2026-08-14","Verify ad blocks for plus user","advertisement/ad-plus-user.test.js","",""
"","832","Check video block, footer banner, L vertical banner, S vertical banner for ad free user - Borderlands 4 in desktop at 1680x1050 viewport size","advertisement-tests","2026-08-14","passed","2026-08-14","Verify ad blocks for ad-free user","advertisement/ad-adFree-user.test.js","",""
"","590","Check ad blocks for ad free user - STS 2 in mobile at 360x780 viewport size","advertisement-tests","2026-08-14","passed","2026-08-14","Verify ad blocks for ad-free user","advertisement/ad-adFree-user.test.js","",""
"","559","Check ad blocks for plus user - PoE in mobile at 360x780 viewport size","advertisement-tests","2026-08-14","passed","2026-08-14","Verify ad blocks for plus user","advertisement/ad-plus-user.test.js","",""
"","30620","Check video block & footer banner for regular user - Nightreign in desktop at 1100x800 viewport size","advertisement-tests","2026-08-14","failed","2026-08-14","Verify ad blocks for regular user","advertisement/ad-regular-user.test.js","",""
"","45521","Check video block, footer banner, L vertical banner for regular user - Destiny 2 in desktop at 1280x800 viewport size","advertisement-tests","2026-08-14","failed","2026-08-14","Verify ad blocks for regular user","advertisement/ad-regular-user.test.js","",""
"","60522","Check video block, footer banner, L vertical banner, S vertical banner for regular user - Borderlands 4 in desktop at 1680x1050 viewport size","advertisement-tests","2026-08-14","failed","2026-08-14","Verify ad blocks for regular user","advertisement/ad-regular-user.test.js","",""
"","730","Check advertisement blocks for ad free user - Marvel Rivals in desktop at 800x800 viewport size","advertisement-tests","2026-08-14","passed","2026-08-14","Verify ad blocks for ad-free user","advertisement/ad-adFree-user.test.js","",""
"","30508","Check advertisement blocks for regular user - Overwatch in desktop at 640x1024 viewport size","advertisement-tests","2026-08-14","failed","2026-08-14","Verify ad blocks for regular user","advertisement/ad-regular-user.test.js","",""
"","582","Check advertisement blocks for plus user - Hades 2 in desktop at 640x1024 viewport size","advertisement-tests","2026-08-14","passed","2026-08-14","Verify ad blocks for plus user","advertisement/ad-plus-user.test.js","",""
"","30493","Check video block & footer banner for regular user - Hades 2 in desktop at 800x800 viewport size","advertisement-tests","2026-08-14","failed","2026-08-14","Verify ad blocks for regular user","advertisement/ad-regular-user.test.js","",""
"","927","Check video block, footer banner, L vertical banner, S vertical banner for ad free user - Riftbound in desktop at 1680x1050 viewport size","advertisement-tests","2026-08-14","passed","2026-08-14","Verify ad blocks for ad-free user","advertisement/ad-adFree-user.test.js","",""
"","30653","Check video block & footer banner for regular user - 2XKO in desktop at 1100x800 viewport size","advertisement-tests","2026-08-14","failed","2026-08-14","Verify ad blocks for regular user","advertisement/ad-regular-user.test.js","",""
"","752","Check video block, footer banner, L vertical banner, S vertical banner for ad free user - NTE in desktop at 1680x1050 viewport size","advertisement-tests","2026-08-14","passed","2026-08-14","Verify ad blocks for ad-free user","advertisement/ad-adFree-user.test.js","",""
"","9841","Check video block & footer banner for plus user - Marathon in desktop at 1100x800 viewport size","advertisement-tests","2026-08-14","passed","2026-08-14","Verify ad blocks for plus user","advertisement/ad-plus-user.test.js","",""
"","428","Check ad blocks for plus user - NTE in mobile at 360x780 viewport size","advertisement-tests","2026-08-14","passed","2026-08-14","Verify ad blocks for plus user","advertisement/ad-plus-user.test.js","",""
"","727","Check advertisement blocks for ad free user - PoE in desktop at 800x800 viewport size","advertisement-tests","2026-08-14","passed","2026-08-14","Verify ad blocks for ad-free user","advertisement/ad-adFree-user.test.js","",""
"","473","Check advertisement blocks for regular user - Val in desktop at 640x1024 viewport size","advertisement-tests","2026-08-14","passed","2026-08-14","Verify ad blocks for regular user","advertisement/ad-regular-user.test.js","",""
"","30488","Check video block & footer banner for regular user - Monster Hunter Wilds in desktop at 800x800 viewport size","advertisement-tests","2026-08-14","failed","2026-08-14","Verify ad blocks for regular user","advertisement/ad-regular-user.test.js","",""
"","815","Check advertisement blocks for ad free user - Marathon in desktop at 800x800 viewport size","advertisement-tests","2026-08-14","passed","2026-08-14","Verify ad blocks for ad-free user","advertisement/ad-adFree-user.test.js","",""
"","30512","Check video block & footer banner for regular user - Monster Hunter Wilds in desktop at 1100x800 viewport size","advertisement-tests","2026-08-14","failed","2026-08-14","Verify ad blocks for regular user","advertisement/ad-regular-user.test.js","",""
"","681","Check video block & footer banner for ad free user - The Bazaar in desktop at 1100x800 viewport size","advertisement-tests","2026-08-14","passed","2026-08-14","Verify ad blocks for ad-free user","advertisement/ad-adFree-user.test.js","",""
"","30477","Check video block & footer banner for regular user - The Bazaar in desktop at 800x800 viewport size","advertisement-tests","2026-08-14","failed","2026-08-14","Verify ad blocks for regular user","advertisement/ad-regular-user.test.js","",""
"","637","Check video block & footer banner for ad free user - Nightreign in desktop at 1100x800 viewport size","advertisement-tests","2026-08-14","passed","2026-08-14","Verify ad blocks for ad-free user","advertisement/ad-adFree-user.test.js","",""
"","45730","Check video block, footer banner, L vertical banner for ad free user - TFT in desktop at 1280x800 viewport size","advertisement-tests","2026-08-14","failed","2026-08-14","Verify ad blocks for ad-free user","advertisement/ad-adFree-user.test.js","",""
"","681","Check advertisement blocks for plus user - Diablo 4 in desktop at 800x800 viewport size","advertisement-tests","2026-08-14","passed","2026-08-14","Verify ad blocks for plus user","advertisement/ad-plus-user.test.js","",""
"","628","Check advertisement blocks for plus user - Marathon in desktop at 800x800 viewport size","advertisement-tests","2026-08-14","passed","2026-08-14","Verify ad blocks for plus user","advertisement/ad-plus-user.test.js","",""
"","2","Check ad blocks for regular user - Val in mobile at 360x780 viewport size","advertisement-tests","2026-08-14","skipped","2026-08-14","Verify ad blocks for regular user","advertisement/ad-regular-user.test.js","",""
"","13554","Check ad blocks for regular user - 2XKO in mobile at 360x780 viewport size","advertisement-tests","2026-08-14","passed","2026-08-14","Verify ad blocks for regular user","advertisement/ad-regular-user.test.js","",""
"","902","Check video block, footer banner, L vertical banner, S vertical banner for ad free user - Deadlock in desktop at 1680x1050 viewport size","advertisement-tests","2026-08-14","passed","2026-08-14","Verify ad blocks for ad-free user","advertisement/ad-adFree-user.test.js","",""
"","30466","Check ad blocks for regular user - Destiny 2 in mobile at 360x780 viewport size","advertisement-tests","2026-08-14","failed","2026-08-14","Verify ad blocks for regular user","advertisement/ad-regular-user.test.js","",""
"","896","Check advertisement blocks for ad free user - 2XKO in desktop at 800x800 viewport size","advertisement-tests","2026-08-14","passed","2026-08-14","Verify ad blocks for ad-free user","advertisement/ad-adFree-user.test.js","",""
"","60511","Check video block, footer banner, L vertical banner, S vertical banner for regular user - Riftbound in desktop at 1680x1050 viewport size","advertisement-tests","2026-08-14","failed","2026-08-14","Verify ad blocks for regular user","advertisement/ad-regular-user.test.js","",""
"","681","Check video block & footer banner for plus user - Val in desktop at 1100x800 viewport size","advertisement-tests","2026-08-14","passed","2026-08-14","Verify ad blocks for plus user","advertisement/ad-plus-user.test.js","",""
"","760","Check ad blocks for ad free user - Nightreign in mobile at 360x780 viewport size","advertisement-tests","2026-08-14","passed","2026-08-14","Verify ad blocks for ad-free user","advertisement/ad-adFree-user.test.js","",""
"","30516","Check video block & footer banner for unauthorized user - Marvel Rivals in mobile at 360x780 viewport size","advertisement-tests","2026-08-14","failed","2026-08-14","Verify ad blocks for guest user","advertisement/ad-unauthorized-user.test.js","",""
"","60503","Check video block, footer banner, L vertical banner, S vertical banner for regular user - Hades 2 in desktop at 1680x1050 viewport size","advertisement-tests","2026-08-14","failed","2026-08-14","Verify ad blocks for regular user","advertisement/ad-regular-user.test.js","",""
"","647","Check advertisement blocks for plus user - Val in desktop at 800x800 viewport size","advertisement-tests","2026-08-14","passed","2026-08-14","Verify ad blocks for plus user","advertisement/ad-plus-user.test.js","",""
"","594","Check ad blocks for plus user - Deadlock in mobile at 360x780 viewport size","advertisement-tests","2026-08-14","passed","2026-08-14","Verify ad blocks for plus user","advertisement/ad-plus-user.test.js","",""
"","30518","Check video block & footer banner for regular user - Destiny 2 in desktop at 800x800 viewport size","advertisement-tests","2026-08-14","failed","2026-08-14","Verify ad blocks for regular user","advertisement/ad-regular-user.test.js","",""
"","595","Check ad blocks for plus user - PoE 2 in mobile at 360x780 viewport size","advertisement-tests","2026-08-14","passed","2026-08-14","Verify ad blocks for plus user","advertisement/ad-plus-user.test.js","",""
"","583","Check advertisement blocks for plus user - Destiny 2 in desktop at 640x1024 viewport size","advertisement-tests","2026-08-14","passed","2026-08-14","Verify ad blocks for plus user","advertisement/ad-plus-user.test.js","",""
"","704","Check ad blocks for ad free user - The Bazaar in mobile at 360x780 viewport size","advertisement-tests","2026-08-14","passed","2026-08-14","Verify ad blocks for ad-free user","advertisement/ad-adFree-user.test.js","",""
"","123","Check advertisement blocks for unauthorized user - Val in desktop at 640x1024 viewport size","advertisement-tests","2026-08-14","skipped","2026-08-14","Verify ad blocks for guest user","advertisement/ad-unauthorized-user.test.js","",""
"","920","Check advertisement blocks for ad free user - 2XKO in desktop at 640x1024 viewport size","advertisement-tests","2026-08-14","passed","2026-08-14","Verify ad blocks for ad-free user","advertisement/ad-adFree-user.test.js","",""
"","934","Check ad blocks for ad free user - Destiny 2 in mobile at 360x780 viewport size","advertisement-tests","2026-08-14","passed","2026-08-14","Verify ad blocks for ad-free user","advertisement/ad-adFree-user.test.js","",""
"","870","Check video block, footer banner, L vertical banner, S vertical banner for ad free user - PoE in desktop at 1680x1050 viewport size","advertisement-tests","2026-08-14","passed","2026-08-14","Verify ad blocks for ad-free user","advertisement/ad-adFree-user.test.js","",""
"","636","Check advertisement blocks for plus user - Deadlock in desktop at 800x800 viewport size","advertisement-tests","2026-08-14","passed","2026-08-14","Verify ad blocks for plus user","advertisement/ad-plus-user.test.js","",""
"","901","Check video block, footer banner, L vertical banner, S vertical banner for ad free user - Diablo 4 in desktop at 1680x1050 viewport size","advertisement-tests","2026-08-14","passed","2026-08-14","Verify ad blocks for ad-free user","advertisement/ad-adFree-user.test.js","",""
"","45526","Check video block, footer banner, L vertical banner for regular user - Overwatch in desktop at 1280x800 viewport size","advertisement-tests","2026-08-14","failed","2026-08-14","Verify ad blocks for regular user","advertisement/ad-regular-user.test.js","",""
"","1573","Check video block, footer banner, L vertical banner, S vertical banner for plus user - Hades 2 in desktop at 1680x1050 viewport size","advertisement-tests","2026-08-14","passed","2026-08-14","Verify ad blocks for plus user","advertisement/ad-plus-user.test.js","",""
"","589","Check advertisement blocks for plus user - Deadlock in desktop at 640x1024 viewport size","advertisement-tests","2026-08-14","passed","2026-08-14","Verify ad blocks for plus user","advertisement/ad-plus-user.test.js","",""
"","615","Check advertisement blocks for ad free user - Monster Hunter Wilds in desktop at 800x800 viewport size","advertisement-tests","2026-08-14","passed","2026-08-14","Verify ad blocks for ad-free user","advertisement/ad-adFree-user.test.js","",""
"","17427","Check ad blocks for regular user - TFT in mobile at 360x780 viewport size","advertisement-tests","2026-08-14","passed","2026-08-14","Verify ad blocks for regular user","advertisement/ad-regular-user.test.js","",""
"","30512","Check advertisement blocks for regular user - PoE 2 in desktop at 640x1024 viewport size","advertisement-tests","2026-08-14","failed","2026-08-14","Verify ad blocks for regular user","advertisement/ad-regular-user.test.js","",""
"","45531","Check video block, footer banner, L vertical banner for regular user - The Bazaar in desktop at 1280x800 viewport size","advertisement-tests","2026-08-14","failed","2026-08-14","Verify ad blocks for regular user","advertisement/ad-regular-user.test.js","",""
"","45608","Check video block, footer banner, L vertical banner for ad free user - LoL in desktop at 1280x800 viewport size","advertisement-tests","2026-08-14","failed","2026-08-14","Verify ad blocks for ad-free user","advertisement/ad-adFree-user.test.js","",""
"","3395","Check video block, footer banner, L vertical banner, S vertical banner for plus user - Nightreign in desktop at 1680x1050 viewport size","advertisement-tests","2026-08-14","passed","2026-08-14","Verify ad blocks for plus user","advertisement/ad-plus-user.test.js","",""
"","30472","Check advertisement blocks for unauthorized user - Deadlock in desktop at 640x1024 viewport size","advertisement-tests","2026-08-14","failed","2026-08-14","Verify ad blocks for guest user","advertisement/ad-unauthorized-user.test.js","",""
"","682","Check ad blocks for plus user - Destiny 2 in mobile at 360x780 viewport size","advertisement-tests","2026-08-14","passed","2026-08-14","Verify ad blocks for plus user","advertisement/ad-plus-user.test.js","",""
"","726","Check video block & footer banner for ad free user - ZZZ in desktop at 1100x800 viewport size","advertisement-tests","2026-08-14","passed","2026-08-14","Verify ad blocks for ad-free user","advertisement/ad-adFree-user.test.js","",""
"","674","Check video block & footer banner for ad free user - Deadlock in desktop at 1100x800 viewport size","advertisement-tests","2026-08-14","passed","2026-08-14","Verify ad blocks for ad-free user","advertisement/ad-adFree-user.test.js","",""
"","30533","Check video block & footer banner for unauthorized user - TFT in mobile at 360x780 viewport size","advertisement-tests","2026-08-14","failed","2026-08-14","Verify ad blocks for guest user","advertisement/ad-unauthorized-user.test.js","",""
"","30563","Check video block & footer banner for regular user - STS 2 in desktop at 1100x800 viewport size","advertisement-tests","2026-08-14","failed","2026-08-14","Verify ad blocks for regular user","advertisement/ad-regular-user.test.js","",""
"","1765","Check video block, footer banner, L vertical banner, S vertical banner for plus user - TFT in desktop at 1680x1050 viewport size","advertisement-tests","2026-08-14","passed","2026-08-14","Verify ad blocks for plus user","advertisement/ad-plus-user.test.js","",""
"","60506","Check video block, footer banner, L vertical banner, S vertical banner for regular user - ZZZ in desktop at 1680x1050 viewport size","advertisement-tests","2026-08-14","failed","2026-08-14","Verify ad blocks for regular user","advertisement/ad-regular-user.test.js","",""
"","1893","Check video block, footer banner, L vertical banner, S vertical banner for plus user - Borderlands 4 in desktop at 1680x1050 viewport size","advertisement-tests","2026-08-14","passed","2026-08-14","Verify ad blocks for plus user","advertisement/ad-plus-user.test.js","",""
"","681","Check video block & footer banner for ad free user - PoE 2 in desktop at 1100x800 viewport size","advertisement-tests","2026-08-14","passed","2026-08-14","Verify ad blocks for ad-free user","advertisement/ad-adFree-user.test.js","",""
"","30507","Check video block & footer banner for unauthorized user - Deadlock in desktop at 800x800 viewport size","advertisement-tests","2026-08-14","failed","2026-08-14","Verify ad blocks for guest user","advertisement/ad-unauthorized-user.test.js","",""
"","732","Check advertisement blocks for ad free user - PoE in desktop at 640x1024 viewport size","advertisement-tests","2026-08-14","passed","2026-08-14","Verify ad blocks for ad-free user","advertisement/ad-adFree-user.test.js","",""
"","30512","Check video block & footer banner for regular user - ZZZ in desktop at 1100x800 viewport size","advertisement-tests","2026-08-14","failed","2026-08-14","Verify ad blocks for regular user","advertisement/ad-regular-user.test.js","",""
"","45484","Check video block, footer banner, L vertical banner for regular user - TFT in desktop at 1280x800 viewport size","advertisement-tests","2026-08-14","failed","2026-08-14","Verify ad blocks for regular user","advertisement/ad-regular-user.test.js","",""
"","1561","Check video block, footer banner, L vertical banner for plus user - Borderlands 4 in desktop at 1280x800 viewport size","advertisement-tests","2026-08-14","passed","2026-08-14","Verify ad blocks for plus user","advertisement/ad-plus-user.test.js","",""
"","45535","Check video block, footer banner, L vertical banner for regular user - LoL in desktop at 1280x800 viewport size","advertisement-tests","2026-08-14","failed","2026-08-14","Verify ad blocks for regular user","advertisement/ad-regular-user.test.js","",""
"","30934","Check advertisement blocks for ad free user - LoL in desktop at 640x1024 viewport size","advertisement-tests","2026-08-14","failed","2026-08-14","Verify ad blocks for ad-free user","advertisement/ad-adFree-user.test.js","",""
"","30539","Check video block & footer banner for unauthorized user - Deadlock in mobile at 360x780 viewport size","advertisement-tests","2026-08-14","failed","2026-08-14","Verify ad blocks for guest user","advertisement/ad-unauthorized-user.test.js","",""
"","30448","Check video block & footer banner for unauthorized user - Marvel Rivals in desktop at 800x800 viewport size","advertisement-tests","2026-08-14","failed","2026-08-14","Verify ad blocks for guest user","advertisement/ad-unauthorized-user.test.js","",""
"","609","Check video block & footer banner for plus user - NTE in desktop at 1100x800 viewport size","advertisement-tests","2026-08-14","passed","2026-08-14","Verify ad blocks for plus user","advertisement/ad-plus-user.test.js","",""
"","30500","Check video block & footer banner for regular user - Hades 2 in desktop at 1100x800 viewport size","advertisement-tests","2026-08-14","failed","2026-08-14","Verify ad blocks for regular user","advertisement/ad-regular-user.test.js","",""
"","627","Check advertisement blocks for ad free user - Overwatch in desktop at 640x1024 viewport size","advertisement-tests","2026-08-14","passed","2026-08-14","Verify ad blocks for ad-free user","advertisement/ad-adFree-user.test.js","",""
"","30474","Check advertisement blocks for unauthorized user - Hades 2 in desktop at 640x1024 viewport size","advertisement-tests","2026-08-14","failed","2026-08-14","Verify ad blocks for guest user","advertisement/ad-unauthorized-user.test.js","",""
"","30506","Check video block & footer banner for regular user - Riftbound in desktop at 800x800 viewport size","advertisement-tests","2026-08-14","failed","2026-08-14","Verify ad blocks for regular user","advertisement/ad-regular-user.test.js","",""
"","1851","Check video block, footer banner, L vertical banner for plus user - TFT in desktop at 1280x800 viewport size","advertisement-tests","2026-08-14","passed","2026-08-14","Verify ad blocks for plus user","advertisement/ad-plus-user.test.js","",""
"","478","Check advertisement blocks for plus user - NTE in desktop at 640x1024 viewport size","advertisement-tests","2026-08-14","passed","2026-08-14","Verify ad blocks for plus user","advertisement/ad-plus-user.test.js","",""
"","30681","Check ad blocks for ad free user - LoL in mobile at 360x780 viewport size","advertisement-tests","2026-08-14","failed","2026-08-14","Verify ad blocks for ad-free user","advertisement/ad-adFree-user.test.js","",""
"","672","Check advertisement blocks for plus user - TFT in desktop at 800x800 viewport size","advertisement-tests","2026-08-14","passed","2026-08-14","Verify ad blocks for plus user","advertisement/ad-plus-user.test.js","",""
"","2730","Check video block, footer banner, L vertical banner, S vertical banner for plus user - Destiny 2 in desktop at 1680x1050 viewport size","advertisement-tests","2026-08-14","passed","2026-08-14","Verify ad blocks for plus user","advertisement/ad-plus-user.test.js","",""
"","60496","Check video block, footer banner, L vertical banner, S vertical banner for regular user - TFT in desktop at 1680x1050 viewport size","advertisement-tests","2026-08-14","failed","2026-08-14","Verify ad blocks for regular user","advertisement/ad-regular-user.test.js","",""
"","60522","Check video block, footer banner, L vertical banner, S vertical banner for regular user - PoE 2 in desktop at 1680x1050 viewport size","advertisement-tests","2026-08-14","failed","2026-08-14","Verify ad blocks for regular user","advertisement/ad-regular-user.test.js","",""
"","566","Check advertisement blocks for ad free user - Val in desktop at 640x1024 viewport size","advertisement-tests","2026-08-14","passed","2026-08-14","Verify ad blocks for ad-free user","advertisement/ad-adFree-user.test.js","",""
"","5977","Check ad blocks for regular user - Diablo 4 in mobile at 360x780 viewport size","advertisement-tests","2026-08-14","passed","2026-08-14","Verify ad blocks for regular user","advertisement/ad-regular-user.test.js","",""
"","423","setup plus user","user-roles-setup","2026-08-14","passed","2026-08-14","","setup/userRoles.setup.test.js","",""
"","31108","Check video block & footer banner for ad free user - TFT in desktop at 1100x800 viewport size","advertisement-tests","2026-08-14","failed","2026-08-14","Verify ad blocks for ad-free user","advertisement/ad-adFree-user.test.js","",""
"","30547","Check video block & footer banner for regular user - Deadlock in desktop at 800x800 viewport size","advertisement-tests","2026-08-14","failed","2026-08-14","Verify ad blocks for regular user","advertisement/ad-regular-user.test.js","",""
"","3957","Check video block, footer banner, L vertical banner, S vertical banner for ad free user - Nightreign in desktop at 1680x1050 viewport size","advertisement-tests","2026-08-14","passed","2026-08-14","Verify ad blocks for ad-free user","advertisement/ad-adFree-user.test.js","",""
"","592","Check ad blocks for ad free user - Deadlock in mobile at 360x780 viewport size","advertisement-tests","2026-08-14","passed","2026-08-14","Verify ad blocks for ad-free user","advertisement/ad-adFree-user.test.js","",""
"","10885","Check video block, footer banner, L vertical banner for plus user - Endfield in desktop at 1280x800 viewport size","advertisement-tests","2026-08-14","passed","2026-08-14","Verify ad blocks for plus user","advertisement/ad-plus-user.test.js","",""
"","701","Check advertisement blocks for ad free user - Endfield in desktop at 640x1024 viewport size","advertisement-tests","2026-08-14","passed","2026-08-14","Verify ad blocks for ad-free user","advertisement/ad-adFree-user.test.js","",""
"","462","Check advertisement blocks for regular user - Nightreign in desktop at 640x1024 viewport size","advertisement-tests","2026-08-14","passed","2026-08-14","Verify ad blocks for regular user","advertisement/ad-regular-user.test.js","",""
"","651","Check video block & footer banner for plus user - Riftbound in desktop at 1100x800 viewport size","advertisement-tests","2026-08-14","passed","2026-08-14","Verify ad blocks for plus user","advertisement/ad-plus-user.test.js","",""
"","773","Check advertisement blocks for ad free user - Deadlock in desktop at 800x800 viewport size","advertisement-tests","2026-08-14","passed","2026-08-14","Verify ad blocks for ad-free user","advertisement/ad-adFree-user.test.js","",""
"","30475","Check ad blocks for regular user - PoE 2 in mobile at 360x780 viewport size","advertisement-tests","2026-08-14","failed","2026-08-14","Verify ad blocks for regular user","advertisement/ad-regular-user.test.js","",""
"","30540","Check video block & footer banner for regular user - Marvel Rivals in desktop at 800x800 viewport size","advertisement-tests","2026-08-14","failed","2026-08-14","Verify ad blocks for regular user","advertisement/ad-regular-user.test.js","",""
"","476","Check advertisement blocks for regular user - NTE in desktop at 640x1024 viewport size","advertisement-tests","2026-08-14","passed","2026-08-14","Verify ad blocks for regular user","advertisement/ad-regular-user.test.js","",""
"","698","Check ad blocks for plus user - Monster Hunter Wilds in mobile at 360x780 viewport size","advertisement-tests","2026-08-14","passed","2026-08-14","Verify ad blocks for plus user","advertisement/ad-plus-user.test.js","",""
"","761","Check video block & footer banner for plus user - Nightreign in desktop at 1100x800 viewport size","advertisement-tests","2026-08-14","passed","2026-08-14","Verify ad blocks for plus user","advertisement/ad-plus-user.test.js","",""
"","1275","Check video block & footer banner for plus user - PoE 2 in desktop at 1100x800 viewport size","advertisement-tests","2026-08-14","passed","2026-08-14","Verify ad blocks for plus user","advertisement/ad-plus-user.test.js","",""
"","30468","Check video block & footer banner for unauthorized user - PoE 2 in desktop at 800x800 viewport size","advertisement-tests","2026-08-14","failed","2026-08-14","Verify ad blocks for guest user","advertisement/ad-unauthorized-user.test.js","",""
"","30490","Check video block & footer banner for regular user - PoE in desktop at 800x800 viewport size","advertisement-tests","2026-08-14","failed","2026-08-14","Verify ad blocks for regular user","advertisement/ad-regular-user.test.js","",""
"","7598","Check video block & footer banner for plus user - PoE in desktop at 1100x800 viewport size","advertisement-tests","2026-08-14","passed","2026-08-14","Verify ad blocks for plus user","advertisement/ad-plus-user.test.js","",""
"","596","Check advertisement blocks for plus user - STS 2 in desktop at 640x1024 viewport size","advertisement-tests","2026-08-14","passed","2026-08-14","Verify ad blocks for plus user","advertisement/ad-plus-user.test.js","",""
"","621","Check advertisement blocks for plus user - Riftbound in desktop at 640x1024 viewport size","advertisement-tests","2026-08-14","passed","2026-08-14","Verify ad blocks for plus user","advertisement/ad-plus-user.test.js","",""
"","613","Check advertisement blocks for ad free user - Marathon in desktop at 640x1024 viewport size","advertisement-tests","2026-08-14","passed","2026-08-14","Verify ad blocks for ad-free user","advertisement/ad-adFree-user.test.js","",""
"","30579","Check advertisement blocks for ad free user - LoL in desktop at 800x800 viewport size","advertisement-tests","2026-08-14","failed","2026-08-14","Verify ad blocks for ad-free user","advertisement/ad-adFree-user.test.js","",""
"","585","Check advertisement blocks for ad free user - Genshin in desktop at 800x800 viewport size","advertisement-tests","2026-08-14","passed","2026-08-14","Verify ad blocks for ad-free user","advertisement/ad-adFree-user.test.js","",""
"","30596","Check advertisement blocks for regular user - Marvel Rivals in desktop at 640x1024 viewport size","advertisement-tests","2026-08-14","failed","2026-08-14","Verify ad blocks for regular user","advertisement/ad-regular-user.test.js","",""
"","728","Check video block & footer banner for plus user - LoL in desktop at 1100x800 viewport size","advertisement-tests","2026-08-14","passed","2026-08-14","Verify ad blocks for plus user","advertisement/ad-plus-user.test.js","",""
"","45595","Check video block, footer banner, L vertical banner for regular user - STS 2 in desktop at 1280x800 viewport size","advertisement-tests","2026-08-14","failed","2026-08-14","Verify ad blocks for regular user","advertisement/ad-regular-user.test.js","",""
"","30436","Check video block & footer banner for unauthorized user - Hades 2 in desktop at 800x800 viewport size","advertisement-tests","2026-08-14","failed","2026-08-14","Verify ad blocks for guest user","advertisement/ad-unauthorized-user.test.js","",""
"","946","Check video block & footer banner for ad free user - 2XKO in desktop at 1100x800 viewport size","advertisement-tests","2026-08-14","passed","2026-08-14","Verify ad blocks for ad-free user","advertisement/ad-adFree-user.test.js","",""
"","952","Check video block, footer banner, L vertical banner, S vertical banner for ad free user - Overwatch in desktop at 1680x1050 viewport size","advertisement-tests","2026-08-14","passed","2026-08-14","Verify ad blocks for ad-free user","advertisement/ad-adFree-user.test.js","",""
"","872","Check video block, footer banner, L vertical banner, S vertical banner for ad free user - Endfield in desktop at 1680x1050 viewport size","advertisement-tests","2026-08-14","passed","2026-08-14","Verify ad blocks for ad-free user","advertisement/ad-adFree-user.test.js","",""
"","30600","Check video block & footer banner for regular user - Endfield in desktop at 800x800 viewport size","advertisement-tests","2026-08-14","failed","2026-08-14","Verify ad blocks for regular user","advertisement/ad-regular-user.test.js","",""
"","595","Check advertisement blocks for ad free user - The Bazaar in desktop at 640x1024 viewport size","advertisement-tests","2026-08-14","passed","2026-08-14","Verify ad blocks for ad-free user","advertisement/ad-adFree-user.test.js","",""
"","30470","Check ad blocks for regular user - PoE in mobile at 360x780 viewport size","advertisement-tests","2026-08-14","failed","2026-08-14","Verify ad blocks for regular user","advertisement/ad-regular-user.test.js","",""
"","235","Check ad blocks for regular user - Nightreign in mobile at 360x780 viewport size","advertisement-tests","2026-08-14","passed","2026-08-14","Verify ad blocks for regular user","advertisement/ad-regular-user.test.js","",""
"","30397","Check video block & footer banner for unauthorized user - Borderlands 4 in mobile at 360x780 viewport size","advertisement-tests","2026-08-14","failed","2026-08-14","Verify ad blocks for guest user","advertisement/ad-unauthorized-user.test.js","",""
"","30508","Check video block & footer banner for regular user - Val in desktop at 800x800 viewport size","advertisement-tests","2026-08-14","failed","2026-08-14","Verify ad blocks for regular user","advertisement/ad-regular-user.test.js","",""
"","639","Check ad blocks for ad free user - Overwatch in mobile at 360x780 viewport size","advertisement-tests","2026-08-14","passed","2026-08-14","Verify ad blocks for ad-free user","advertisement/ad-adFree-user.test.js","",""
"","30457","Check video block & footer banner for unauthorized user - Nightreign in desktop at 800x800 viewport size","advertisement-tests","2026-08-14","failed","2026-08-14","Verify ad blocks for guest user","advertisement/ad-unauthorized-user.test.js","",""
"","30430","Check advertisement blocks for unauthorized user - Diablo 4 in desktop at 640x1024 viewport size","advertisement-tests","2026-08-14","failed","2026-08-14","Verify ad blocks for guest user","advertisement/ad-unauthorized-user.test.js","",""
"","30431","Check ad blocks for regular user - Endfield in mobile at 360x780 viewport size","advertisement-tests","2026-08-14","failed","2026-08-14","Verify ad blocks for regular user","advertisement/ad-regular-user.test.js","",""
"","789","Check video block, footer banner, L vertical banner for ad free user - Overwatch in desktop at 1280x800 viewport size","advertisement-tests","2026-08-14","passed","2026-08-14","Verify ad blocks for ad-free user","advertisement/ad-adFree-user.test.js","",""
"","652","Check advertisement blocks for plus user - PoE 2 in desktop at 800x800 viewport size","advertisement-tests","2026-08-14","passed","2026-08-14","Verify ad blocks for plus user","advertisement/ad-plus-user.test.js","",""
"","776","Check video block & footer banner for ad free user - Destiny 2 in desktop at 1100x800 viewport size","advertisement-tests","2026-08-14","passed","2026-08-14","Verify ad blocks for ad-free user","advertisement/ad-adFree-user.test.js","",""
"","605","Check video block, footer banner, L vertical banner for ad free user - NTE in desktop at 1280x800 viewport size","advertisement-tests","2026-08-14","passed","2026-08-14","Verify ad blocks for ad-free user","advertisement/ad-adFree-user.test.js","",""
"","650","Check video block & footer banner for ad free user - STS 2 in desktop at 1100x800 viewport size","advertisement-tests","2026-08-14","passed","2026-08-14","Verify ad blocks for ad-free user","advertisement/ad-adFree-user.test.js","",""
"","9404","Check video block & footer banner for plus user - Endfield in desktop at 1100x800 viewport size","advertisement-tests","2026-08-14","passed","2026-08-14","Verify ad blocks for plus user","advertisement/ad-plus-user.test.js","",""
"","30500","Check advertisement blocks for regular user - Riftbound in desktop at 640x1024 viewport size","advertisement-tests","2026-08-14","failed","2026-08-14","Verify ad blocks for regular user","advertisement/ad-regular-user.test.js","",""
"","2433","Check video block, footer banner, L vertical banner, S vertical banner for plus user - Marathon in desktop at 1680x1050 viewport size","advertisement-tests","2026-08-14","passed","2026-08-14","Verify ad blocks for plus user","advertisement/ad-plus-user.test.js","",""
"","45552","Check video block, footer banner, L vertical banner for regular user - ZZZ in desktop at 1280x800 viewport size","advertisement-tests","2026-08-14","failed","2026-08-14","Verify ad blocks for regular user","advertisement/ad-regular-user.test.js","",""
"","713","Check video block, footer banner, L vertical banner, S vertical banner for ad free user - Genshin in desktop at 1680x1050 viewport size","advertisement-tests","2026-08-14","passed","2026-08-14","Verify ad blocks for ad-free user","advertisement/ad-adFree-user.test.js","",""
"","4347","Check video block, footer banner, L vertical banner for ad free user - 2XKO in desktop at 1280x800 viewport size","advertisement-tests","2026-08-14","passed","2026-08-14","Verify ad blocks for ad-free user","advertisement/ad-adFree-user.test.js","",""
"","30472","Check advertisement blocks for unauthorized user - Destiny 2 in desktop at 640x1024 viewport size","advertisement-tests","2026-08-14","failed","2026-08-14","Verify ad blocks for guest user","advertisement/ad-unauthorized-user.test.js","",""
"","1982","Check video block, footer banner, L vertical banner for plus user - The Bazaar in desktop at 1280x800 viewport size","advertisement-tests","2026-08-14","passed","2026-08-14","Verify ad blocks for plus user","advertisement/ad-plus-user.test.js","",""
"","592","Check advertisement blocks for ad free user - Nightreign in desktop at 640x1024 viewport size","advertisement-tests","2026-08-14","passed","2026-08-14","Verify ad blocks for ad-free user","advertisement/ad-adFree-user.test.js","",""
"","30418","Check video block & footer banner for unauthorized user - The Bazaar in mobile at 360x780 viewport size","advertisement-tests","2026-08-14","failed","2026-08-14","Verify ad blocks for guest user","advertisement/ad-unauthorized-user.test.js","",""
"","12359","Check video block, footer banner, L vertical banner for plus user - PoE in desktop at 1280x800 viewport size","advertisement-tests","2026-08-14","passed","2026-08-14","Verify ad blocks for plus user","advertisement/ad-plus-user.test.js","",""
"","409","Check ad blocks for plus user - Genshin in mobile at 360x780 viewport size","advertisement-tests","2026-08-14","passed","2026-08-14","Verify ad blocks for plus user","advertisement/ad-plus-user.test.js","",""
"","60513","Check video block, footer banner, L vertical banner, S vertical banner for regular user - STS 2 in desktop at 1680x1050 viewport size","advertisement-tests","2026-08-14","failed","2026-08-14","Verify ad blocks for regular user","advertisement/ad-regular-user.test.js","",""
"","444","setup add free user","user-roles-setup","2026-08-14","passed","2026-08-14","","setup/userRoles.setup.test.js","",""
"","738","Check video block & footer banner for ad free user - Endfield in desktop at 1100x800 viewport size","advertisement-tests","2026-08-14","passed","2026-08-14","Verify ad blocks for ad-free user","advertisement/ad-adFree-user.test.js","",""
"","3419","Check ad blocks for ad free user - Diablo 4 in mobile at 360x780 viewport size","advertisement-tests","2026-08-14","passed","2026-08-14","Verify ad blocks for ad-free user","advertisement/ad-adFree-user.test.js","",""
"","443","Check video block & footer banner for regular user - Genshin in desktop at 800x800 viewport size","advertisement-tests","2026-08-14","passed","2026-08-14","Verify ad blocks for regular user","advertisement/ad-regular-user.test.js","",""
"","810","Check advertisement blocks for ad free user - Marvel Rivals in desktop at 640x1024 viewport size","advertisement-tests","2026-08-14","passed","2026-08-14","Verify ad blocks for ad-free user","advertisement/ad-adFree-user.test.js","",""
"","702","Check video block & footer banner for plus user - Diablo 4 in desktop at 1100x800 viewport size","advertisement-tests","2026-08-14","passed","2026-08-14","Verify ad blocks for plus user","advertisement/ad-plus-user.test.js","",""
"","609","Check advertisement blocks for ad free user - Hades 2 in desktop at 800x800 viewport size","advertisement-tests","2026-08-14","passed","2026-08-14","Verify ad blocks for ad-free user","advertisement/ad-adFree-user.test.js","",""
"","713","Check advertisement blocks for plus user - Riftbound in desktop at 800x800 viewport size","advertisement-tests","2026-08-14","passed","2026-08-14","Verify ad blocks for plus user","advertisement/ad-plus-user.test.js","",""
"","3163","Check advertisement blocks for ad free user - Riftbound in desktop at 640x1024 viewport size","advertisement-tests","2026-08-14","passed","2026-08-14","Verify ad blocks for ad-free user","advertisement/ad-adFree-user.test.js","",""
"","605","Check ad blocks for ad free user - Hades 2 in mobile at 360x780 viewport size","advertisement-tests","2026-08-14","passed","2026-08-14","Verify ad blocks for ad-free user","advertisement/ad-adFree-user.test.js","",""
"","11","Check ad blocks for ad free user - Val in mobile at 360x780 viewport size","advertisement-tests","2026-08-14","skipped","2026-08-14","Verify ad blocks for ad-free user","advertisement/ad-adFree-user.test.js","",""
"","227","Check video block & footer banner for unauthorized user - Genshin in mobile at 360x780 viewport size","advertisement-tests","2026-08-14","passed","2026-08-14","Verify ad blocks for guest user","advertisement/ad-unauthorized-user.test.js","",""
"","294","Check advertisement blocks for regular user - Genshin in desktop at 640x1024 viewport size","advertisement-tests","2026-08-14","passed","2026-08-14","Verify ad blocks for regular user","advertisement/ad-regular-user.test.js","",""
"","30777","Check video block & footer banner for unauthorized user - Destiny 2 in mobile at 360x780 viewport size","advertisement-tests","2026-08-14","failed","2026-08-14","Verify ad blocks for guest user","advertisement/ad-unauthorized-user.test.js","",""
"","732","Check advertisement blocks for ad free user - Nightreign in desktop at 800x800 viewport size","advertisement-tests","2026-08-14","passed","2026-08-14","Verify ad blocks for ad-free user","advertisement/ad-adFree-user.test.js","",""
"","30461","Check ad blocks for regular user - Monster Hunter Wilds in mobile at 360x780 viewport size","advertisement-tests","2026-08-14","failed","2026-08-14","Verify ad blocks for regular user","advertisement/ad-regular-user.test.js","",""
"","30489","Check video block & footer banner for regular user - Overwatch in desktop at 1100x800 viewport size","advertisement-tests","2026-08-14","failed","2026-08-14","Verify ad blocks for regular user","advertisement/ad-regular-user.test.js","",""
"","657","Check ad blocks for plus user - 2XKO in mobile at 360x780 viewport size","advertisement-tests","2026-08-14","passed","2026-08-14","Verify ad blocks for plus user","advertisement/ad-plus-user.test.js","",""
"","30499","Check advertisement blocks for unauthorized user - TFT in desktop at 640x1024 viewport size","advertisement-tests","2026-08-14","failed","2026-08-14","Verify ad blocks for guest user","advertisement/ad-unauthorized-user.test.js","",""
"","566","Check video block & footer banner for unauthorized user - Nightreign in mobile at 360x780 viewport size","advertisement-tests","2026-08-14","passed","2026-08-14","Verify ad blocks for guest user","advertisement/ad-unauthorized-user.test.js","",""
"","561","Check ad blocks for plus user - Borderlands 4 in mobile at 360x780 viewport size","advertisement-tests","2026-08-14","passed","2026-08-14","Verify ad blocks for plus user","advertisement/ad-plus-user.test.js","",""
"","410","setup regular user","user-roles-setup","2026-08-14","passed","2026-08-14","","setup/userRoles.setup.test.js","",""
"","687","Check advertisement blocks for ad free user - Destiny 2 in desktop at 800x800 viewport size","advertisement-tests","2026-08-14","passed","2026-08-14","Verify ad blocks for ad-free user","advertisement/ad-adFree-user.test.js","",""
"","628","Check video block, footer banner, L vertical banner for ad free user - Genshin in desktop at 1280x800 viewport size","advertisement-tests","2026-08-14","passed","2026-08-14","Verify ad blocks for ad-free user","advertisement/ad-adFree-user.test.js","",""
"","250","Check video block, footer banner, L vertical banner, S vertical banner for regular user - Genshin in desktop at 1680x1050 viewport size","advertisement-tests","2026-08-14","passed","2026-08-14","Verify ad blocks for regular user","advertisement/ad-regular-user.test.js","",""
"","30432","Check video block & footer banner for unauthorized user - PoE in desktop at 800x800 viewport size","advertisement-tests","2026-08-14","failed","2026-08-14","Verify ad blocks for guest user","advertisement/ad-unauthorized-user.test.js","",""
"","776","Check video block, footer banner, L vertical banner for ad free user - Diablo 4 in desktop at 1280x800 viewport size","advertisement-tests","2026-08-14","passed","2026-08-14","Verify ad blocks for ad-free user","advertisement/ad-adFree-user.test.js","",""
"","280","Check advertisement blocks for unauthorized user - NTE in desktop at 640x1024 viewport size","advertisement-tests","2026-08-14","passed","2026-08-14","Verify ad blocks for guest user","advertisement/ad-unauthorized-user.test.js","",""
"","30659","Check ad blocks for ad free user - TFT in mobile at 360x780 viewport size","advertisement-tests","2026-08-14","failed","2026-08-14","Verify ad blocks for ad-free user","advertisement/ad-adFree-user.test.js","",""
"","677","Check advertisement blocks for plus user - ZZZ in desktop at 640x1024 viewport size","advertisement-tests","2026-08-14","passed","2026-08-14","Verify ad blocks for plus user","advertisement/ad-plus-user.test.js","",""
"","30472","Check video block & footer banner for unauthorized user - Endfield in mobile at 360x780 viewport size","advertisement-tests","2026-08-14","failed","2026-08-14","Verify ad blocks for guest user","advertisement/ad-unauthorized-user.test.js","",""
"","9306","Check video block, footer banner, L vertical banner for plus user - Nightreign in desktop at 1280x800 viewport size","advertisement-tests","2026-08-14","passed","2026-08-14","Verify ad blocks for plus user","advertisement/ad-plus-user.test.js","",""
"","30502","Check advertisement blocks for regular user - Borderlands 4 in desktop at 640x1024 viewport size","advertisement-tests","2026-08-14","failed","2026-08-14","Verify ad blocks for regular user","advertisement/ad-regular-user.test.js","",""
"","704","Check video block & footer banner for ad free user - PoE in desktop at 1100x800 viewport size","advertisement-tests","2026-08-14","passed","2026-08-14","Verify ad blocks for ad-free user","advertisement/ad-adFree-user.test.js","",""
"","2864","Check video block, footer banner, L vertical banner, S vertical banner for plus user - LoL in desktop at 1680x1050 viewport size","advertisement-tests","2026-08-14","passed","2026-08-14","Verify ad blocks for plus user","advertisement/ad-plus-user.test.js","",""
"","795","Check ad blocks for ad free user - PoE in mobile at 360x780 viewport size","advertisement-tests","2026-08-14","passed","2026-08-14","Verify ad blocks for ad-free user","advertisement/ad-adFree-user.test.js","",""
"","500","Check video block & footer banner for regular user - NTE in desktop at 1100x800 viewport size","advertisement-tests","2026-08-14","passed","2026-08-14","Verify ad blocks for regular user","advertisement/ad-regular-user.test.js","",""
"","2014","Check video block, footer banner, L vertical banner for plus user - Val in desktop at 1280x800 viewport size","advertisement-tests","2026-08-14","passed","2026-08-14","Verify ad blocks for plus user","advertisement/ad-plus-user.test.js","",""
"","10530","Check video block, footer banner, L vertical banner for plus user - Diablo 4 in desktop at 1280x800 viewport size","advertisement-tests","2026-08-14","passed","2026-08-14","Verify ad blocks for plus user","advertisement/ad-plus-user.test.js","",""
"","1079","Check video block & footer banner for plus user - Destiny 2 in desktop at 1100x800 viewport size","advertisement-tests","2026-08-14","passed","2026-08-14","Verify ad blocks for plus user","advertisement/ad-plus-user.test.js","",""
"","579","Check advertisement blocks for plus user - Genshin in desktop at 800x800 viewport size","advertisement-tests","2026-08-14","passed","2026-08-14","Verify ad blocks for plus user","advertisement/ad-plus-user.test.js","",""
"","30480","Check video block & footer banner for regular user - Diablo 4 in desktop at 800x800 viewport size","advertisement-tests","2026-08-14","failed","2026-08-14","Verify ad blocks for regular user","advertisement/ad-regular-user.test.js","",""
"","673","Check video block & footer banner for ad free user - Diablo 4 in desktop at 1100x800 viewport size","advertisement-tests","2026-08-14","passed","2026-08-14","Verify ad blocks for ad-free user","advertisement/ad-adFree-user.test.js","",""
"","629","Check advertisement blocks for ad free user - STS 2 in desktop at 800x800 viewport size","advertisement-tests","2026-08-14","passed","2026-08-14","Verify ad blocks for ad-free user","advertisement/ad-adFree-user.test.js","",""
"","30499","Check video block & footer banner for unauthorized user - Riftbound in mobile at 360x780 viewport size","advertisement-tests","2026-08-14","failed","2026-08-14","Verify ad blocks for guest user","advertisement/ad-unauthorized-user.test.js","",""
"","1934","Check video block, footer banner, L vertical banner for plus user - Hades 2 in desktop at 1280x800 viewport size","advertisement-tests","2026-08-14","passed","2026-08-14","Verify ad blocks for plus user","advertisement/ad-plus-user.test.js","",""
"","30448","Check advertisement blocks for unauthorized user - 2XKO in desktop at 640x1024 viewport size","advertisement-tests","2026-08-14","failed","2026-08-14","Verify ad blocks for guest user","advertisement/ad-unauthorized-user.test.js","",""
"","60581","Check video block, footer banner, L vertical banner, S vertical banner for regular user - Destiny 2 in desktop at 1680x1050 viewport size","advertisement-tests","2026-08-14","failed","2026-08-14","Verify ad blocks for regular user","advertisement/ad-regular-user.test.js","",""
"","12383","Check video block, footer banner, L vertical banner, S vertical banner for plus user - Diablo 4 in desktop at 1680x1050 viewport size","advertisement-tests","2026-08-14","passed","2026-08-14","Verify ad blocks for plus user","advertisement/ad-plus-user.test.js","",""
"","11969","Check video block, footer banner, L vertical banner for plus user - Marathon in desktop at 1280x800 viewport size","advertisement-tests","2026-08-14","passed","2026-08-14","Verify ad blocks for plus user","advertisement/ad-plus-user.test.js","",""
"","633","Check video block & footer banner for ad free user - Marvel Rivals in desktop at 1100x800 viewport size","advertisement-tests","2026-08-14","passed","2026-08-14","Verify ad blocks for ad-free user","advertisement/ad-adFree-user.test.js","",""
"","9668","Check video block & footer banner for plus user - The Bazaar in desktop at 1100x800 viewport size","advertisement-tests","2026-08-14","passed","2026-08-14","Verify ad blocks for plus user","advertisement/ad-plus-user.test.js","",""
"","12071","Check video block, footer banner, L vertical banner for plus user - Overwatch in desktop at 1280x800 viewport size","advertisement-tests","2026-08-14","passed","2026-08-14","Verify ad blocks for plus user","advertisement/ad-plus-user.test.js","",""
"","30613","Check video block & footer banner for regular user - The Bazaar in desktop at 1100x800 viewport size","advertisement-tests","2026-08-14","failed","2026-08-14","Verify ad blocks for regular user","advertisement/ad-regular-user.test.js","",""
"","3475","Check video block & footer banner for ad free user - Monster Hunter Wilds in desktop at 1100x800 viewport size","advertisement-tests","2026-08-14","passed","2026-08-14","Verify ad blocks for ad-free user","advertisement/ad-adFree-user.test.js","",""
"","629","Check ad blocks for ad free user - Endfield in mobile at 360x780 viewport size","advertisement-tests","2026-08-14","passed","2026-08-14","Verify ad blocks for ad-free user","advertisement/ad-adFree-user.test.js","",""
"","60596","Check video block, footer banner, L vertical banner, S vertical banner for regular user - LoL in desktop at 1680x1050 viewport size","advertisement-tests","2026-08-14","failed","2026-08-14","Verify ad blocks for regular user","advertisement/ad-regular-user.test.js","",""
"","435","Check ad blocks for plus user - Nightreign in mobile at 360x780 viewport size","advertisement-tests","2026-08-14","passed","2026-08-14","Verify ad blocks for plus user","advertisement/ad-plus-user.test.js","",""
"","687","Check advertisement blocks for ad free user - Monster Hunter Wilds in desktop at 640x1024 viewport size","advertisement-tests","2026-08-14","passed","2026-08-14","Verify ad blocks for ad-free user","advertisement/ad-adFree-user.test.js","",""
"","45555","Check video block, footer banner, L vertical banner for regular user - Marvel Rivals in desktop at 1280x800 viewport size","advertisement-tests","2026-08-14","failed","2026-08-14","Verify ad blocks for regular user","advertisement/ad-regular-user.test.js","",""
"","30488","Check video block & footer banner for regular user - 2XKO in desktop at 800x800 viewport size","advertisement-tests","2026-08-14","failed","2026-08-14","Verify ad blocks for regular user","advertisement/ad-regular-user.test.js","",""
"","8827","Check video block, footer banner, L vertical banner, S vertical banner for plus user - Riftbound in desktop at 1680x1050 viewport size","advertisement-tests","2026-08-14","passed","2026-08-14","Verify ad blocks for plus user","advertisement/ad-plus-user.test.js","",""
"","45499","Check video block, footer banner, L vertical banner for regular user - 2XKO in desktop at 1280x800 viewport size","advertisement-tests","2026-08-14","failed","2026-08-14","Verify ad blocks for regular user","advertisement/ad-regular-user.test.js","",""
"","60493","Check video block, footer banner, L vertical banner, S vertical banner for regular user - Marathon in desktop at 1680x1050 viewport size","advertisement-tests","2026-08-14","failed","2026-08-14","Verify ad blocks for regular user","advertisement/ad-regular-user.test.js","",""
"","612","Check ad blocks for plus user - Endfield in mobile at 360x780 viewport size","advertisement-tests","2026-08-14","passed","2026-08-14","Verify ad blocks for plus user","advertisement/ad-plus-user.test.js","",""
"","773","Check video block, footer banner, L vertical banner for ad free user - Hades 2 in desktop at 1280x800 viewport size","advertisement-tests","2026-08-14","passed","2026-08-14","Verify ad blocks for ad-free user","advertisement/ad-adFree-user.test.js","",""
"","30435","Check advertisement blocks for unauthorized user - PoE in desktop at 640x1024 viewport size","advertisement-tests","2026-08-14","failed","2026-08-14","Verify ad blocks for guest user","advertisement/ad-unauthorized-user.test.js","",""
"","635","Check ad blocks for plus user - Riftbound in mobile at 360x780 viewport size","advertisement-tests","2026-08-14","passed","2026-08-14","Verify ad blocks for plus user","advertisement/ad-plus-user.test.js","",""
"","30489","Check advertisement blocks for unauthorized user - Marvel Rivals in desktop at 640x1024 viewport size","advertisement-tests","2026-08-14","failed","2026-08-14","Verify ad blocks for guest user","advertisement/ad-unauthorized-user.test.js","",""
"","30531","Check video block & footer banner for regular user - Endfield in desktop at 1100x800 viewport size","advertisement-tests","2026-08-14","failed","2026-08-14","Verify ad blocks for regular user","advertisement/ad-regular-user.test.js","",""
"","647","Check advertisement blocks for plus user - PoE in desktop at 800x800 viewport size","advertisement-tests","2026-08-14","passed","2026-08-14","Verify ad blocks for plus user","advertisement/ad-plus-user.test.js","",""
"","30494","Check advertisement blocks for regular user - Deadlock in desktop at 640x1024 viewport size","advertisement-tests","2026-08-14","failed","2026-08-14","Verify ad blocks for regular user","advertisement/ad-regular-user.test.js","",""
"","61775","Check video block, footer banner, L vertical banner, S vertical banner for ad free user - TFT in desktop at 1680x1050 viewport size","advertisement-tests","2026-08-14","failed","2026-08-14","Verify ad blocks for ad-free user","advertisement/ad-adFree-user.test.js","",""
"","645","Check video block, footer banner, L vertical banner for ad free user - Val in desktop at 1280x800 viewport size","advertisement-tests","2026-08-14","passed","2026-08-14","Verify ad blocks for ad-free user","advertisement/ad-adFree-user.test.js","",""
"","30433","Check video block & footer banner for unauthorized user - ZZZ in mobile at 360x780 viewport size","advertisement-tests","2026-08-14","failed","2026-08-14","Verify ad blocks for guest user","advertisement/ad-unauthorized-user.test.js","",""
"","1359","Check video block, footer banner, L vertical banner for plus user - Genshin in desktop at 1280x800 viewport size","advertisement-tests","2026-08-14","passed","2026-08-14","Verify ad blocks for plus user","advertisement/ad-plus-user.test.js","",""
"","1660","Check ad blocks for ad free user - 2XKO in mobile at 360x780 viewport size","advertisement-tests","2026-08-14","passed","2026-08-14","Verify ad blocks for ad-free user","advertisement/ad-adFree-user.test.js","",""
"","30515","Check advertisement blocks for regular user - ZZZ in desktop at 640x1024 viewport size","advertisement-tests","2026-08-14","failed","2026-08-14","Verify ad blocks for regular user","advertisement/ad-regular-user.test.js","",""
"","311","Check video block & footer banner for regular user - Genshin in desktop at 1100x800 viewport size","advertisement-tests","2026-08-14","passed","2026-08-14","Verify ad blocks for regular user","advertisement/ad-regular-user.test.js","",""
"","2678","Check video block, footer banner, L vertical banner, S vertical banner for plus user - Monster Hunter Wilds in desktop at 1680x1050 viewport size","advertisement-tests","2026-08-14","passed","2026-08-14","Verify ad blocks for plus user","advertisement/ad-plus-user.test.js","",""
"","804","Check advertisement blocks for ad free user - Riftbound in desktop at 800x800 viewport size","advertisement-tests","2026-08-14","passed","2026-08-14","Verify ad blocks for ad-free user","advertisement/ad-adFree-user.test.js","",""
"","204","Check video block, footer banner, L vertical banner, S vertical banner for regular user - NTE in desktop at 1680x1050 viewport size","advertisement-tests","2026-08-14","passed","2026-08-14","Verify ad blocks for regular user","advertisement/ad-regular-user.test.js","",""
"","547","Check advertisement blocks for plus user - Val in desktop at 640x1024 viewport size","advertisement-tests","2026-08-14","passed","2026-08-14","Verify ad blocks for plus user","advertisement/ad-plus-user.test.js","",""
"","925","Check video block & footer banner for plus user - Hades 2 in desktop at 1100x800 viewport size","advertisement-tests","2026-08-14","passed","2026-08-14","Verify ad blocks for plus user","advertisement/ad-plus-user.test.js","",""
"","60555","Check video block, footer banner, L vertical banner, S vertical banner for regular user - Val in desktop at 1680x1050 viewport size","advertisement-tests","2026-08-14","failed","2026-08-14","Verify ad blocks for regular user","advertisement/ad-regular-user.test.js","",""
