"DESCRIPTION","DURATION IN MS","NAME","PARENT SUITE","START TIME","STATUS","STOP TIME","SUB SUITE","SUITE","TEST CLASS","TEST METHOD"
"","60552","Check video block, footer banner, L vertical banner, S vertical banner for regular user - Endfield in desktop at 1680x1050 viewport size","advertisement-tests","2026-08-07","failed","2026-08-07","Verify ad blocks for regular user","advertisement/ad-regular-user.test.js","",""
"","2580","Check video block, footer banner, L vertical banner, S vertical banner for plus user - TFT in desktop at 1680x1050 viewport size","advertisement-tests","2026-08-07","passed","2026-08-07","Verify ad blocks for plus user","advertisement/ad-plus-user.test.js","",""
"","30560","Check video block & footer banner for regular user - Destiny 2 in desktop at 1100x800 viewport size","advertisement-tests","2026-08-07","failed","2026-08-07","Verify ad blocks for regular user","advertisement/ad-regular-user.test.js","",""
"","7440","Check video block, footer banner, L vertical banner for plus user - Genshin in desktop at 1280x800 viewport size","advertisement-tests","2026-08-07","passed","2026-08-07","Verify ad blocks for plus user","advertisement/ad-plus-user.test.js","",""
"","374","Check advertisement blocks for plus user - Nightreign in desktop at 640x1024 viewport size","advertisement-tests","2026-08-07","passed","2026-08-07","Verify ad blocks for plus user","advertisement/ad-plus-user.test.js","",""
"","603","Check ad blocks for plus user - Riftbound in mobile at 360x780 viewport size","advertisement-tests","2026-08-07","passed","2026-08-07","Verify ad blocks for plus user","advertisement/ad-plus-user.test.js","",""
"","882","Check video block, footer banner, L vertical banner, S vertical banner for ad free user - Monster Hunter Wilds in desktop at 1680x1050 viewport size","advertisement-tests","2026-08-07","passed","2026-08-07","Verify ad blocks for ad-free user","advertisement/ad-adFree-user.test.js","",""
"","392","Check ad blocks for regular user - NTE in mobile at 360x780 viewport size","advertisement-tests","2026-08-07","passed","2026-08-07","Verify ad blocks for regular user","advertisement/ad-regular-user.test.js","",""
"","9156","Check video block, footer banner, L vertical banner for plus user - Overwatch in desktop at 1280x800 viewport size","advertisement-tests","2026-08-07","passed","2026-08-07","Verify ad blocks for plus user","advertisement/ad-plus-user.test.js","",""
"","30684","Check video block & footer banner for regular user - Nightreign in desktop at 1100x800 viewport size","advertisement-tests","2026-08-07","failed","2026-08-07","Verify ad blocks for regular user","advertisement/ad-regular-user.test.js","",""
"","663","Check ad blocks for plus user - PoE 2 in mobile at 360x780 viewport size","advertisement-tests","2026-08-07","passed","2026-08-07","Verify ad blocks for plus user","advertisement/ad-plus-user.test.js","",""
"","566","Check advertisement blocks for plus user - Borderlands 4 in desktop at 640x1024 viewport size","advertisement-tests","2026-08-07","passed","2026-08-07","Verify ad blocks for plus user","advertisement/ad-plus-user.test.js","",""
"","12211","Check video block, footer banner, L vertical banner for plus user - Destiny 2 in desktop at 1280x800 viewport size","advertisement-tests","2026-08-07","passed","2026-08-07","Verify ad blocks for plus user","advertisement/ad-plus-user.test.js","",""
"","673","Check advertisement blocks for plus user - Riftbound in desktop at 640x1024 viewport size","advertisement-tests","2026-08-07","passed","2026-08-07","Verify ad blocks for plus user","advertisement/ad-plus-user.test.js","",""
"","30473","Check advertisement blocks for unauthorized user - Destiny 2 in desktop at 640x1024 viewport size","advertisement-tests","2026-08-07","failed","2026-08-07","Verify ad blocks for guest user","advertisement/ad-unauthorized-user.test.js","",""
"","1265","Check video block, footer banner, L vertical banner, S vertical banner for ad free user - Marathon in desktop at 1680x1050 viewport size","advertisement-tests","2026-08-07","passed","2026-08-07","Verify ad blocks for ad-free user","advertisement/ad-adFree-user.test.js","",""
"","5603","Check video block & footer banner for plus user - Marvel Rivals in desktop at 1100x800 viewport size","advertisement-tests","2026-08-07","passed","2026-08-07","Verify ad blocks for plus user","advertisement/ad-plus-user.test.js","",""
"","497","Check advertisement blocks for ad free user - The Bazaar in desktop at 800x800 viewport size","advertisement-tests","2026-08-07","passed","2026-08-07","Verify ad blocks for ad-free user","advertisement/ad-adFree-user.test.js","",""
"","621","Check advertisement blocks for ad free user - Deadlock in desktop at 640x1024 viewport size","advertisement-tests","2026-08-07","passed","2026-08-07","Verify ad blocks for ad-free user","advertisement/ad-adFree-user.test.js","",""
"","752","Check video block, footer banner, L vertical banner for ad free user - Val in desktop at 1280x800 viewport size","advertisement-tests","2026-08-07","passed","2026-08-07","Verify ad blocks for ad-free user","advertisement/ad-adFree-user.test.js","",""
"","621","Check advertisement blocks for plus user - Diablo 4 in desktop at 800x800 viewport size","advertisement-tests","2026-08-07","passed","2026-08-07","Verify ad blocks for plus user","advertisement/ad-plus-user.test.js","",""
"","30546","Check advertisement blocks for ad free user - LoL in desktop at 800x800 viewport size","advertisement-tests","2026-08-07","failed","2026-08-07","Verify ad blocks for ad-free user","advertisement/ad-adFree-user.test.js","",""
"","60587","Check video block, footer banner, L vertical banner, S vertical banner for regular user - Val in desktop at 1680x1050 viewport size","advertisement-tests","2026-08-07","failed","2026-08-07","Verify ad blocks for regular user","advertisement/ad-regular-user.test.js","",""
"","552","Check video block, footer banner, L vertical banner for ad free user - Nightreign in desktop at 1280x800 viewport size","advertisement-tests","2026-08-07","passed","2026-08-07","Verify ad blocks for ad-free user","advertisement/ad-adFree-user.test.js","",""
"","862","Check advertisement blocks for plus user - PoE 2 in desktop at 800x800 viewport size","advertisement-tests","2026-08-07","passed","2026-08-07","Verify ad blocks for plus user","advertisement/ad-plus-user.test.js","",""
"","2278","Check video block, footer banner, L vertical banner for plus user - The Bazaar in desktop at 1280x800 viewport size","advertisement-tests","2026-08-07","passed","2026-08-07","Verify ad blocks for plus user","advertisement/ad-plus-user.test.js","",""
"","320","Check advertisement blocks for unauthorized user - Genshin in desktop at 640x1024 viewport size","advertisement-tests","2026-08-07","passed","2026-08-07","Verify ad blocks for guest user","advertisement/ad-unauthorized-user.test.js","",""
"","725","Check advertisement blocks for plus user - Val in desktop at 800x800 viewport size","advertisement-tests","2026-08-07","passed","2026-08-07","Verify ad blocks for plus user","advertisement/ad-plus-user.test.js","",""
"","815","Check advertisement blocks for plus user - Marathon in desktop at 800x800 viewport size","advertisement-tests","2026-08-07","passed","2026-08-07","Verify ad blocks for plus user","advertisement/ad-plus-user.test.js","",""
"","30496","Check video block & footer banner for unauthorized user - Riftbound in mobile at 360x780 viewport size","advertisement-tests","2026-08-07","failed","2026-08-07","Verify ad blocks for guest user","advertisement/ad-unauthorized-user.test.js","",""
"","2413","Check video block & footer banner for plus user - Deadlock in desktop at 1100x800 viewport size","advertisement-tests","2026-08-07","passed","2026-08-07","Verify ad blocks for plus user","advertisement/ad-plus-user.test.js","",""
"","441","Check video block & footer banner for regular user - Genshin in desktop at 800x800 viewport size","advertisement-tests","2026-08-07","passed","2026-08-07","Verify ad blocks for regular user","advertisement/ad-regular-user.test.js","",""
"","30493","Check advertisement blocks for unauthorized user - Riftbound in desktop at 640x1024 viewport size","advertisement-tests","2026-08-07","failed","2026-08-07","Verify ad blocks for guest user","advertisement/ad-unauthorized-user.test.js","",""
"","1546","Check video block & footer banner for plus user - Borderlands 4 in desktop at 1100x800 viewport size","advertisement-tests","2026-08-07","passed","2026-08-07","Verify ad blocks for plus user","advertisement/ad-plus-user.test.js","",""
"","1867","Check advertisement blocks for ad free user - Marathon in desktop at 640x1024 viewport size","advertisement-tests","2026-08-07","passed","2026-08-07","Verify ad blocks for ad-free user","advertisement/ad-adFree-user.test.js","",""
"","478","Check advertisement blocks for ad free user - Overwatch in desktop at 800x800 viewport size","advertisement-tests","2026-08-07","passed","2026-08-07","Verify ad blocks for ad-free user","advertisement/ad-adFree-user.test.js","",""
"","45563","Check video block, footer banner, L vertical banner for regular user - 2XKO in desktop at 1280x800 viewport size","advertisement-tests","2026-08-07","failed","2026-08-07","Verify ad blocks for regular user","advertisement/ad-regular-user.test.js","",""
"","2588","Check video block, footer banner, L vertical banner for plus user - Borderlands 4 in desktop at 1280x800 viewport size","advertisement-tests","2026-08-07","passed","2026-08-07","Verify ad blocks for plus user","advertisement/ad-plus-user.test.js","",""
"","681","Check advertisement blocks for plus user - TFT in desktop at 800x800 viewport size","advertisement-tests","2026-08-07","passed","2026-08-07","Verify ad blocks for plus user","advertisement/ad-plus-user.test.js","",""
"","30507","Check video block & footer banner for regular user - STS 2 in desktop at 800x800 viewport size","advertisement-tests","2026-08-07","failed","2026-08-07","Verify ad blocks for regular user","advertisement/ad-regular-user.test.js","",""
"","540","Check ad blocks for plus user - Deadlock in mobile at 360x780 viewport size","advertisement-tests","2026-08-07","passed","2026-08-07","Verify ad blocks for plus user","advertisement/ad-plus-user.test.js","",""
"","60551","Check video block, footer banner, L vertical banner, S vertical banner for regular user - 2XKO in desktop at 1680x1050 viewport size","advertisement-tests","2026-08-07","failed","2026-08-07","Verify ad blocks for regular user","advertisement/ad-regular-user.test.js","",""
"","489","Check advertisement blocks for ad free user - Marathon in desktop at 800x800 viewport size","advertisement-tests","2026-08-07","passed","2026-08-07","Verify ad blocks for ad-free user","advertisement/ad-adFree-user.test.js","",""
"","13110","Check video block, footer banner, L vertical banner, S vertical banner for plus user - Borderlands 4 in desktop at 1680x1050 viewport size","advertisement-tests","2026-08-07","passed","2026-08-07","Verify ad blocks for plus user","advertisement/ad-plus-user.test.js","",""
"","30620","Check advertisement blocks for regular user - LoL in desktop at 640x1024 viewport size","advertisement-tests","2026-08-07","failed","2026-08-07","Verify ad blocks for regular user","advertisement/ad-regular-user.test.js","",""
"","451","Check advertisement blocks for ad free user - Diablo 4 in desktop at 640x1024 viewport size","advertisement-tests","2026-08-07","passed","2026-08-07","Verify ad blocks for ad-free user","advertisement/ad-adFree-user.test.js","",""
"","814","Check video block, footer banner, L vertical banner for ad free user - Hades 2 in desktop at 1280x800 viewport size","advertisement-tests","2026-08-07","passed","2026-08-07","Verify ad blocks for ad-free user","advertisement/ad-adFree-user.test.js","",""
"","1441","Check video block & footer banner for ad free user - Borderlands 4 in desktop at 1100x800 viewport size","advertisement-tests","2026-08-07","passed","2026-08-07","Verify ad blocks for ad-free user","advertisement/ad-adFree-user.test.js","",""
"","1659","Check video block, footer banner, L vertical banner, S vertical banner for ad free user - Hades 2 in desktop at 1680x1050 viewport size","advertisement-tests","2026-08-07","passed","2026-08-07","Verify ad blocks for ad-free user","advertisement/ad-adFree-user.test.js","",""
"","851","Check video block, footer banner, L vertical banner for ad free user - Marathon in desktop at 1280x800 viewport size","advertisement-tests","2026-08-07","passed","2026-08-07","Verify ad blocks for ad-free user","advertisement/ad-adFree-user.test.js","",""
"","30443","Check video block & footer banner for unauthorized user - LoL in mobile at 360x780 viewport size","advertisement-tests","2026-08-07","failed","2026-08-07","Verify ad blocks for guest user","advertisement/ad-unauthorized-user.test.js","",""
"","1573","Check video block, footer banner, L vertical banner for plus user - PoE in desktop at 1280x800 viewport size","advertisement-tests","2026-08-07","passed","2026-08-07","Verify ad blocks for plus user","advertisement/ad-plus-user.test.js","",""
"","617","Check advertisement blocks for plus user - NTE in desktop at 640x1024 viewport size","advertisement-tests","2026-08-07","passed","2026-08-07","Verify ad blocks for plus user","advertisement/ad-plus-user.test.js","",""
"","614","Check advertisement blocks for plus user - Val in desktop at 640x1024 viewport size","advertisement-tests","2026-08-07","passed","2026-08-07","Verify ad blocks for plus user","advertisement/ad-plus-user.test.js","",""
"","45599","Check video block, footer banner, L vertical banner for regular user - Borderlands 4 in desktop at 1280x800 viewport size","advertisement-tests","2026-08-07","failed","2026-08-07","Verify ad blocks for regular user","advertisement/ad-regular-user.test.js","",""
"","30632","Check video block & footer banner for regular user - Endfield in desktop at 1100x800 viewport size","advertisement-tests","2026-08-07","failed","2026-08-07","Verify ad blocks for regular user","advertisement/ad-regular-user.test.js","",""
"","4","Check ad blocks for regular user - Val in mobile at 360x780 viewport size","advertisement-tests","2026-08-07","skipped","2026-08-07","Verify ad blocks for regular user","advertisement/ad-regular-user.test.js","",""
"","624","Check video block & footer banner for ad free user - Val in desktop at 1100x800 viewport size","advertisement-tests","2026-08-07","passed","2026-08-07","Verify ad blocks for ad-free user","advertisement/ad-adFree-user.test.js","",""
"","460","Check advertisement blocks for ad free user - 2XKO in desktop at 640x1024 viewport size","advertisement-tests","2026-08-07","passed","2026-08-07","Verify ad blocks for ad-free user","advertisement/ad-adFree-user.test.js","",""
"","9480","Check video block, footer banner, L vertical banner, S vertical banner for plus user - Val in desktop at 1680x1050 viewport size","advertisement-tests","2026-08-07","passed","2026-08-07","Verify ad blocks for plus user","advertisement/ad-plus-user.test.js","",""
"","8906","Check advertisement blocks for ad free user - LoL in desktop at 640x1024 viewport size","advertisement-tests","2026-08-07","passed","2026-08-07","Verify ad blocks for ad-free user","advertisement/ad-adFree-user.test.js","",""
"","30416","Check video block & footer banner for unauthorized user - Borderlands 4 in mobile at 360x780 viewport size","advertisement-tests","2026-08-07","failed","2026-08-07","Verify ad blocks for guest user","advertisement/ad-unauthorized-user.test.js","",""
"","30727","Check video block & footer banner for ad free user - TFT in desktop at 1100x800 viewport size","advertisement-tests","2026-08-07","failed","2026-08-07","Verify ad blocks for ad-free user","advertisement/ad-adFree-user.test.js","",""
"","492","Check advertisement blocks for ad free user - Destiny 2 in desktop at 800x800 viewport size","advertisement-tests","2026-08-07","passed","2026-08-07","Verify ad blocks for ad-free user","advertisement/ad-adFree-user.test.js","",""
"","30532","Check video block & footer banner for regular user - Monster Hunter Wilds in desktop at 1100x800 viewport size","advertisement-tests","2026-08-07","failed","2026-08-07","Verify ad blocks for regular user","advertisement/ad-regular-user.test.js","",""
"","1156","Check ad blocks for ad free user - Destiny 2 in mobile at 360x780 viewport size","advertisement-tests","2026-08-07","passed","2026-08-07","Verify ad blocks for ad-free user","advertisement/ad-adFree-user.test.js","",""
"","45601","Check video block, footer banner, L vertical banner for ad free user - LoL in desktop at 1280x800 viewport size","advertisement-tests","2026-08-07","failed","2026-08-07","Verify ad blocks for ad-free user","advertisement/ad-adFree-user.test.js","",""
"","10387","Check video block & footer banner for plus user - Endfield in desktop at 1100x800 viewport size","advertisement-tests","2026-08-07","passed","2026-08-07","Verify ad blocks for plus user","advertisement/ad-plus-user.test.js","",""
"","658","Check advertisement blocks for plus user - Marathon in desktop at 640x1024 viewport size","advertisement-tests","2026-08-07","passed","2026-08-07","Verify ad blocks for plus user","advertisement/ad-plus-user.test.js","",""
"","218","Check video block, footer banner, L vertical banner, S vertical banner for regular user - NTE in desktop at 1680x1050 viewport size","advertisement-tests","2026-08-07","passed","2026-08-07","Verify ad blocks for regular user","advertisement/ad-regular-user.test.js","",""
"","162","Check advertisement blocks for unauthorized user - Val in desktop at 640x1024 viewport size","advertisement-tests","2026-08-07","skipped","2026-08-07","Verify ad blocks for guest user","advertisement/ad-unauthorized-user.test.js","",""
"","3123","Check video block, footer banner, L vertical banner, S vertical banner for plus user - PoE in desktop at 1680x1050 viewport size","advertisement-tests","2026-08-07","passed","2026-08-07","Verify ad blocks for plus user","advertisement/ad-plus-user.test.js","",""
"","475","Check advertisement blocks for regular user - NTE in desktop at 640x1024 viewport size","advertisement-tests","2026-08-07","passed","2026-08-07","Verify ad blocks for regular user","advertisement/ad-regular-user.test.js","",""
"","30514","Check video block & footer banner for regular user - Overwatch in desktop at 1100x800 viewport size","advertisement-tests","2026-08-07","failed","2026-08-07","Verify ad blocks for regular user","advertisement/ad-regular-user.test.js","",""
"","592","Check advertisement blocks for plus user - Genshin in desktop at 640x1024 viewport size","advertisement-tests","2026-08-07","passed","2026-08-07","Verify ad blocks for plus user","advertisement/ad-plus-user.test.js","",""
"","7693","Check ad blocks for ad free user - ZZZ in mobile at 360x780 viewport size","advertisement-tests","2026-08-07","passed","2026-08-07","Verify ad blocks for ad-free user","advertisement/ad-adFree-user.test.js","",""
"","555","Check video block, footer banner, L vertical banner for ad free user - NTE in desktop at 1280x800 viewport size","advertisement-tests","2026-08-07","passed","2026-08-07","Verify ad blocks for ad-free user","advertisement/ad-adFree-user.test.js","",""
"","30550","Check advertisement blocks for regular user - 2XKO in desktop at 640x1024 viewport size","advertisement-tests","2026-08-07","failed","2026-08-07","Verify ad blocks for regular user","advertisement/ad-regular-user.test.js","",""
"","676","Check advertisement blocks for plus user - Monster Hunter Wilds in desktop at 800x800 viewport size","advertisement-tests","2026-08-07","passed","2026-08-07","Verify ad blocks for plus user","advertisement/ad-plus-user.test.js","",""
"","30560","Check video block & footer banner for regular user - Deadlock in desktop at 800x800 viewport size","advertisement-tests","2026-08-07","failed","2026-08-07","Verify ad blocks for regular user","advertisement/ad-regular-user.test.js","",""
"","30466","Check advertisement blocks for unauthorized user - LoL in desktop at 640x1024 viewport size","advertisement-tests","2026-08-07","failed","2026-08-07","Verify ad blocks for guest user","advertisement/ad-unauthorized-user.test.js","",""
"","493","Check video block & footer banner for regular user - NTE in desktop at 800x800 viewport size","advertisement-tests","2026-08-07","passed","2026-08-07","Verify ad blocks for regular user","advertisement/ad-regular-user.test.js","",""
"","1354","Check video block, footer banner, L vertical banner, S vertical banner for ad free user - Overwatch in desktop at 1680x1050 viewport size","advertisement-tests","2026-08-07","passed","2026-08-07","Verify ad blocks for ad-free user","advertisement/ad-adFree-user.test.js","",""
"","367","Check advertisement blocks for ad free user - Nightreign in desktop at 640x1024 viewport size","advertisement-tests","2026-08-07","passed","2026-08-07","Verify ad blocks for ad-free user","advertisement/ad-adFree-user.test.js","",""
"","30471","Check video block & footer banner for unauthorized user - Riftbound in desktop at 800x800 viewport size","advertisement-tests","2026-08-07","failed","2026-08-07","Verify ad blocks for guest user","advertisement/ad-unauthorized-user.test.js","",""
"","1081","Check advertisement blocks for ad free user - The Bazaar in desktop at 640x1024 viewport size","advertisement-tests","2026-08-07","passed","2026-08-07","Verify ad blocks for ad-free user","advertisement/ad-adFree-user.test.js","",""
"","557","setup regular user","user-roles-setup","2026-08-07","passed","2026-08-07","","setup/userRoles.setup.test.js","",""
"","667","Check video block, footer banner, L vertical banner for ad free user - The Bazaar in desktop at 1280x800 viewport size","advertisement-tests","2026-08-07","passed","2026-08-07","Verify ad blocks for ad-free user","advertisement/ad-adFree-user.test.js","",""
"","700","Check video block & footer banner for ad free user - Marathon in desktop at 1100x800 viewport size","advertisement-tests","2026-08-07","passed","2026-08-07","Verify ad blocks for ad-free user","advertisement/ad-adFree-user.test.js","",""
"","469","Check advertisement blocks for ad free user - 2XKO in desktop at 800x800 viewport size","advertisement-tests","2026-08-07","passed","2026-08-07","Verify ad blocks for ad-free user","advertisement/ad-adFree-user.test.js","",""
"","61088","Check video block, footer banner, L vertical banner, S vertical banner for ad free user - LoL in desktop at 1680x1050 viewport size","advertisement-tests","2026-08-07","failed","2026-08-07","Verify ad blocks for ad-free user","advertisement/ad-adFree-user.test.js","",""
"","30513","Check video block & footer banner for regular user - Destiny 2 in desktop at 800x800 viewport size","advertisement-tests","2026-08-07","failed","2026-08-07","Verify ad blocks for regular user","advertisement/ad-regular-user.test.js","",""
"","16310","Check video block & footer banner for plus user - The Bazaar in desktop at 1100x800 viewport size","advertisement-tests","2026-08-07","passed","2026-08-07","Verify ad blocks for plus user","advertisement/ad-plus-user.test.js","",""
"","603","Check ad blocks for plus user - LoL in mobile at 360x780 viewport size","advertisement-tests","2026-08-07","passed","2026-08-07","Verify ad blocks for plus user","advertisement/ad-plus-user.test.js","",""
"","632","Check video block, footer banner, L vertical banner for ad free user - Riftbound in desktop at 1280x800 viewport size","advertisement-tests","2026-08-07","passed","2026-08-07","Verify ad blocks for ad-free user","advertisement/ad-adFree-user.test.js","",""
"","60561","Check video block, footer banner, L vertical banner, S vertical banner for regular user - The Bazaar in desktop at 1680x1050 viewport size","advertisement-tests","2026-08-07","failed","2026-08-07","Verify ad blocks for regular user","advertisement/ad-regular-user.test.js","",""
"","30540","Check video block & footer banner for regular user - PoE in desktop at 800x800 viewport size","advertisement-tests","2026-08-07","failed","2026-08-07","Verify ad blocks for regular user","advertisement/ad-regular-user.test.js","",""
"","472","Check advertisement blocks for ad free user - Endfield in desktop at 800x800 viewport size","advertisement-tests","2026-08-07","passed","2026-08-07","Verify ad blocks for ad-free user","advertisement/ad-adFree-user.test.js","",""
"","336","Check video block & footer banner for unauthorized user - NTE in mobile at 360x780 viewport size","advertisement-tests","2026-08-07","passed","2026-08-07","Verify ad blocks for guest user","advertisement/ad-unauthorized-user.test.js","",""
"","45584","Check video block, footer banner, L vertical banner for regular user - PoE 2 in desktop at 1280x800 viewport size","advertisement-tests","2026-08-07","failed","2026-08-07","Verify ad blocks for regular user","advertisement/ad-regular-user.test.js","",""
"","45565","Check video block, footer banner, L vertical banner for regular user - ZZZ in desktop at 1280x800 viewport size","advertisement-tests","2026-08-07","failed","2026-08-07","Verify ad blocks for regular user","advertisement/ad-regular-user.test.js","",""
"","30541","Check video block & footer banner for regular user - PoE 2 in desktop at 1100x800 viewport size","advertisement-tests","2026-08-07","failed","2026-08-07","Verify ad blocks for regular user","advertisement/ad-regular-user.test.js","",""
"","60572","Check video block, footer banner, L vertical banner, S vertical banner for regular user - Hades 2 in desktop at 1680x1050 viewport size","advertisement-tests","2026-08-07","failed","2026-08-07","Verify ad blocks for regular user","advertisement/ad-regular-user.test.js","",""
"","659","Check advertisement blocks for plus user - Monster Hunter Wilds in desktop at 640x1024 viewport size","advertisement-tests","2026-08-07","passed","2026-08-07","Verify ad blocks for plus user","advertisement/ad-plus-user.test.js","",""
"","1931","Check video block, footer banner, L vertical banner for plus user - Endfield in desktop at 1280x800 viewport size","advertisement-tests","2026-08-07","passed","2026-08-07","Verify ad blocks for plus user","advertisement/ad-plus-user.test.js","",""
"","30632","Check ad blocks for regular user - Riftbound in mobile at 360x780 viewport size","advertisement-tests","2026-08-07","failed","2026-08-07","Verify ad blocks for regular user","advertisement/ad-regular-user.test.js","",""
"","504","Check video block & footer banner for ad free user - 2XKO in desktop at 1100x800 viewport size","advertisement-tests","2026-08-07","passed","2026-08-07","Verify ad blocks for ad-free user","advertisement/ad-adFree-user.test.js","",""
"","30526","Check video block & footer banner for regular user - Monster Hunter Wilds in desktop at 800x800 viewport size","advertisement-tests","2026-08-07","failed","2026-08-07","Verify ad blocks for regular user","advertisement/ad-regular-user.test.js","",""
"","30546","Check video block & footer banner for regular user - PoE in desktop at 1100x800 viewport size","advertisement-tests","2026-08-07","failed","2026-08-07","Verify ad blocks for regular user","advertisement/ad-regular-user.test.js","",""
"","10656","Check video block & footer banner for plus user - PoE in desktop at 1100x800 viewport size","advertisement-tests","2026-08-07","passed","2026-08-07","Verify ad blocks for plus user","advertisement/ad-plus-user.test.js","",""
"","630","Check ad blocks for ad free user - Overwatch in mobile at 360x780 viewport size","advertisement-tests","2026-08-07","passed","2026-08-07","Verify ad blocks for ad-free user","advertisement/ad-adFree-user.test.js","",""
"","30479","Check advertisement blocks for unauthorized user - STS 2 in desktop at 640x1024 viewport size","advertisement-tests","2026-08-07","failed","2026-08-07","Verify ad blocks for guest user","advertisement/ad-unauthorized-user.test.js","",""
"","650","Check advertisement blocks for plus user - PoE 2 in desktop at 640x1024 viewport size","advertisement-tests","2026-08-07","passed","2026-08-07","Verify ad blocks for plus user","advertisement/ad-plus-user.test.js","",""
"","576","Check ad blocks for ad free user - Borderlands 4 in mobile at 360x780 viewport size","advertisement-tests","2026-08-07","passed","2026-08-07","Verify ad blocks for ad-free user","advertisement/ad-adFree-user.test.js","",""
"","926","Check video block, footer banner, L vertical banner, S vertical banner for ad free user - Nightreign in desktop at 1680x1050 viewport size","advertisement-tests","2026-08-07","passed","2026-08-07","Verify ad blocks for ad-free user","advertisement/ad-adFree-user.test.js","",""
"","30483","Check advertisement blocks for regular user - PoE in desktop at 640x1024 viewport size","advertisement-tests","2026-08-07","failed","2026-08-07","Verify ad blocks for regular user","advertisement/ad-regular-user.test.js","",""
"","1","Check ad blocks for plus user - Val in mobile at 360x780 viewport size","advertisement-tests","2026-08-07","skipped","2026-08-07","Verify ad blocks for plus user","advertisement/ad-plus-user.test.js","",""
"","30407","Check video block & footer banner for unauthorized user - 2XKO in mobile at 360x780 viewport size","advertisement-tests","2026-08-07","failed","2026-08-07","Verify ad blocks for guest user","advertisement/ad-unauthorized-user.test.js","",""
"","30533","Check video block & footer banner for regular user - Val in desktop at 1100x800 viewport size","advertisement-tests","2026-08-07","failed","2026-08-07","Verify ad blocks for regular user","advertisement/ad-regular-user.test.js","",""
"","60566","Check video block, footer banner, L vertical banner, S vertical banner for regular user - PoE 2 in desktop at 1680x1050 viewport size","advertisement-tests","2026-08-07","failed","2026-08-07","Verify ad blocks for regular user","advertisement/ad-regular-user.test.js","",""
"","1644","Check ad blocks for ad free user - 2XKO in mobile at 360x780 viewport size","advertisement-tests","2026-08-07","passed","2026-08-07","Verify ad blocks for ad-free user","advertisement/ad-adFree-user.test.js","",""
"","493","Check advertisement blocks for ad free user - Hades 2 in desktop at 800x800 viewport size","advertisement-tests","2026-08-07","passed","2026-08-07","Verify ad blocks for ad-free user","advertisement/ad-adFree-user.test.js","",""
"","30497","Check ad blocks for regular user - LoL in mobile at 360x780 viewport size","advertisement-tests","2026-08-07","failed","2026-08-07","Verify ad blocks for regular user","advertisement/ad-regular-user.test.js","",""
"","679","Check advertisement blocks for plus user - 2XKO in desktop at 800x800 viewport size","advertisement-tests","2026-08-07","passed","2026-08-07","Verify ad blocks for plus user","advertisement/ad-plus-user.test.js","",""
"","30537","Check video block & footer banner for regular user - Hades 2 in desktop at 800x800 viewport size","advertisement-tests","2026-08-07","failed","2026-08-07","Verify ad blocks for regular user","advertisement/ad-regular-user.test.js","",""
"","644","Check advertisement blocks for plus user - Nightreign in desktop at 800x800 viewport size","advertisement-tests","2026-08-07","passed","2026-08-07","Verify ad blocks for plus user","advertisement/ad-plus-user.test.js","",""
"","31054","Check video block & footer banner for ad free user - LoL in desktop at 1100x800 viewport size","advertisement-tests","2026-08-07","failed","2026-08-07","Verify ad blocks for ad-free user","advertisement/ad-adFree-user.test.js","",""
"","2130","Check video block, footer banner, L vertical banner, S vertical banner for plus user - Genshin in desktop at 1680x1050 viewport size","advertisement-tests","2026-08-07","passed","2026-08-07","Verify ad blocks for plus user","advertisement/ad-plus-user.test.js","",""
"","1080","Check video block, footer banner, L vertical banner, S vertical banner for ad free user - ZZZ in desktop at 1680x1050 viewport size","advertisement-tests","2026-08-07","passed","2026-08-07","Verify ad blocks for ad-free user","advertisement/ad-adFree-user.test.js","",""
"","30433","Check advertisement blocks for unauthorized user - Overwatch in desktop at 640x1024 viewport size","advertisement-tests","2026-08-07","failed","2026-08-07","Verify ad blocks for guest user","advertisement/ad-unauthorized-user.test.js","",""
"","3615","Check video block, footer banner, L vertical banner, S vertical banner for plus user - Marathon in desktop at 1680x1050 viewport size","advertisement-tests","2026-08-07","passed","2026-08-07","Verify ad blocks for plus user","advertisement/ad-plus-user.test.js","",""
"","30764","Check ad blocks for regular user - TFT in mobile at 360x780 viewport size","advertisement-tests","2026-08-07","failed","2026-08-07","Verify ad blocks for regular user","advertisement/ad-regular-user.test.js","",""
"","45584","Check video block, footer banner, L vertical banner for regular user - Diablo 4 in desktop at 1280x800 viewport size","advertisement-tests","2026-08-07","failed","2026-08-07","Verify ad blocks for regular user","advertisement/ad-regular-user.test.js","",""
"","30454","Check ad blocks for regular user - PoE in mobile at 360x780 viewport size","advertisement-tests","2026-08-07","failed","2026-08-07","Verify ad blocks for regular user","advertisement/ad-regular-user.test.js","",""
"","30599","Check video block & footer banner for regular user - Marvel Rivals in desktop at 1100x800 viewport size","advertisement-tests","2026-08-07","failed","2026-08-07","Verify ad blocks for regular user","advertisement/ad-regular-user.test.js","",""
"","694","Check video block & footer banner for plus user - Val in desktop at 1100x800 viewport size","advertisement-tests","2026-08-07","passed","2026-08-07","Verify ad blocks for plus user","advertisement/ad-plus-user.test.js","",""
"","561","Check ad blocks for ad free user - The Bazaar in mobile at 360x780 viewport size","advertisement-tests","2026-08-07","passed","2026-08-07","Verify ad blocks for ad-free user","advertisement/ad-adFree-user.test.js","",""
"","30532","Check video block & footer banner for unauthorized user - Monster Hunter Wilds in desktop at 800x800 viewport size","advertisement-tests","2026-08-07","failed","2026-08-07","Verify ad blocks for guest user","advertisement/ad-unauthorized-user.test.js","",""
"","524","Check advertisement blocks for ad free user - STS 2 in desktop at 800x800 viewport size","advertisement-tests","2026-08-07","passed","2026-08-07","Verify ad blocks for ad-free user","advertisement/ad-adFree-user.test.js","",""
"","30478","Check video block & footer banner for unauthorized user - LoL in desktop at 800x800 viewport size","advertisement-tests","2026-08-07","failed","2026-08-07","Verify ad blocks for guest user","advertisement/ad-unauthorized-user.test.js","",""
"","45554","Check video block, footer banner, L vertical banner for regular user - Monster Hunter Wilds in desktop at 1280x800 viewport size","advertisement-tests","2026-08-07","failed","2026-08-07","Verify ad blocks for regular user","advertisement/ad-regular-user.test.js","",""
"","512","Check video block, footer banner, L vertical banner for ad free user - Marvel Rivals in desktop at 1280x800 viewport size","advertisement-tests","2026-08-07","passed","2026-08-07","Verify ad blocks for ad-free user","advertisement/ad-adFree-user.test.js","",""
"","30580","Check video block & footer banner for regular user - Nightreign in desktop at 800x800 viewport size","advertisement-tests","2026-08-07","failed","2026-08-07","Verify ad blocks for regular user","advertisement/ad-regular-user.test.js","",""
"","299","Check advertisement blocks for unauthorized user - NTE in desktop at 640x1024 viewport size","advertisement-tests","2026-08-07","passed","2026-08-07","Verify ad blocks for guest user","advertisement/ad-unauthorized-user.test.js","",""
"","465","Check advertisement blocks for ad free user - PoE 2 in desktop at 800x800 viewport size","advertisement-tests","2026-08-07","passed","2026-08-07","Verify ad blocks for ad-free user","advertisement/ad-adFree-user.test.js","",""
"","415","Check ad blocks for plus user - NTE in mobile at 360x780 viewport size","advertisement-tests","2026-08-07","passed","2026-08-07","Verify ad blocks for plus user","advertisement/ad-plus-user.test.js","",""
"","30513","Check advertisement blocks for regular user - TFT in desktop at 640x1024 viewport size","advertisement-tests","2026-08-07","failed","2026-08-07","Verify ad blocks for regular user","advertisement/ad-regular-user.test.js","",""
"","670","Check video block & footer banner for ad free user - STS 2 in desktop at 1100x800 viewport size","advertisement-tests","2026-08-07","passed","2026-08-07","Verify ad blocks for ad-free user","advertisement/ad-adFree-user.test.js","",""
"","436","Check advertisement blocks for regular user - Genshin in desktop at 640x1024 viewport size","advertisement-tests","2026-08-07","passed","2026-08-07","Verify ad blocks for regular user","advertisement/ad-regular-user.test.js","",""
"","786","Check advertisement blocks for ad free user - Val in desktop at 800x800 viewport size","advertisement-tests","2026-08-07","passed","2026-08-07","Verify ad blocks for ad-free user","advertisement/ad-adFree-user.test.js","",""
"","1376","Check video block & footer banner for plus user - Nightreign in desktop at 1100x800 viewport size","advertisement-tests","2026-08-07","passed","2026-08-07","Verify ad blocks for plus user","advertisement/ad-plus-user.test.js","",""
"","612","Check advertisement blocks for plus user - Deadlock in desktop at 640x1024 viewport size","advertisement-tests","2026-08-07","passed","2026-08-07","Verify ad blocks for plus user","advertisement/ad-plus-user.test.js","",""
"","30415","Check video block & footer banner for unauthorized user - PoE 2 in mobile at 360x780 viewport size","advertisement-tests","2026-08-07","failed","2026-08-07","Verify ad blocks for guest user","advertisement/ad-unauthorized-user.test.js","",""
"","45640","Check video block, footer banner, L vertical banner for regular user - Deadlock in desktop at 1280x800 viewport size","advertisement-tests","2026-08-07","failed","2026-08-07","Verify ad blocks for regular user","advertisement/ad-regular-user.test.js","",""
"","30593","Check advertisement blocks for ad free user - TFT in desktop at 800x800 viewport size","advertisement-tests","2026-08-07","failed","2026-08-07","Verify ad blocks for ad-free user","advertisement/ad-adFree-user.test.js","",""
"","45553","Check video block, footer banner, L vertical banner for regular user - The Bazaar in desktop at 1280x800 viewport size","advertisement-tests","2026-08-07","failed","2026-08-07","Verify ad blocks for regular user","advertisement/ad-regular-user.test.js","",""
"","703","Check video block & footer banner for ad free user - Diablo 4 in desktop at 1100x800 viewport size","advertisement-tests","2026-08-07","passed","2026-08-07","Verify ad blocks for ad-free user","advertisement/ad-adFree-user.test.js","",""
"","30476","Check video block & footer banner for unauthorized user - Diablo 4 in desktop at 800x800 viewport size","advertisement-tests","2026-08-07","failed","2026-08-07","Verify ad blocks for guest user","advertisement/ad-unauthorized-user.test.js","",""
"","30499","Check advertisement blocks for unauthorized user - Endfield in desktop at 640x1024 viewport size","advertisement-tests","2026-08-07","failed","2026-08-07","Verify ad blocks for guest user","advertisement/ad-unauthorized-user.test.js","",""
"","584","Check ad blocks for ad free user - Endfield in mobile at 360x780 viewport size","advertisement-tests","2026-08-07","passed","2026-08-07","Verify ad blocks for ad-free user","advertisement/ad-adFree-user.test.js","",""
"","410","Check advertisement blocks for ad free user - Genshin in desktop at 800x800 viewport size","advertisement-tests","2026-08-07","passed","2026-08-07","Verify ad blocks for ad-free user","advertisement/ad-adFree-user.test.js","",""
"","1153","Check video block & footer banner for ad free user - Deadlock in desktop at 1100x800 viewport size","advertisement-tests","2026-08-07","passed","2026-08-07","Verify ad blocks for ad-free user","advertisement/ad-adFree-user.test.js","",""
"","490","Check advertisement blocks for ad free user - Borderlands 4 in desktop at 800x800 viewport size","advertisement-tests","2026-08-07","passed","2026-08-07","Verify ad blocks for ad-free user","advertisement/ad-adFree-user.test.js","",""
"","885","Check video block, footer banner, L vertical banner, S vertical banner for ad free user - Destiny 2 in desktop at 1680x1050 viewport size","advertisement-tests","2026-08-07","passed","2026-08-07","Verify ad blocks for ad-free user","advertisement/ad-adFree-user.test.js","",""
"","30546","Check video block & footer banner for regular user - Val in desktop at 800x800 viewport size","advertisement-tests","2026-08-07","failed","2026-08-07","Verify ad blocks for regular user","advertisement/ad-regular-user.test.js","",""
"","60549","Check video block, footer banner, L vertical banner, S vertical banner for regular user - PoE in desktop at 1680x1050 viewport size","advertisement-tests","2026-08-07","failed","2026-08-07","Verify ad blocks for regular user","advertisement/ad-regular-user.test.js","",""
"","737","Check video block, footer banner, L vertical banner for ad free user - Destiny 2 in desktop at 1280x800 viewport size","advertisement-tests","2026-08-07","passed","2026-08-07","Verify ad blocks for ad-free user","advertisement/ad-adFree-user.test.js","",""
"","2727","Check video block, footer banner, L vertical banner, S vertical banner for plus user - Endfield in desktop at 1680x1050 viewport size","advertisement-tests","2026-08-07","passed","2026-08-07","Verify ad blocks for plus user","advertisement/ad-plus-user.test.js","",""
"","627","Check ad blocks for plus user - ZZZ in mobile at 360x780 viewport size","advertisement-tests","2026-08-07","passed","2026-08-07","Verify ad blocks for plus user","advertisement/ad-plus-user.test.js","",""
"","30455","Check advertisement blocks for unauthorized user - PoE 2 in desktop at 640x1024 viewport size","advertisement-tests","2026-08-07","failed","2026-08-07","Verify ad blocks for guest user","advertisement/ad-unauthorized-user.test.js","",""
"","60642","Check video block, footer banner, L vertical banner, S vertical banner for regular user - STS 2 in desktop at 1680x1050 viewport size","advertisement-tests","2026-08-07","failed","2026-08-07","Verify ad blocks for regular user","advertisement/ad-regular-user.test.js","",""
"","30415","Check video block & footer banner for unauthorized user - TFT in mobile at 360x780 viewport size","advertisement-tests","2026-08-07","failed","2026-08-07","Verify ad blocks for guest user","advertisement/ad-unauthorized-user.test.js","",""
"","268","Check advertisement blocks for ad free user - NTE in desktop at 640x1024 viewport size","advertisement-tests","2026-08-07","passed","2026-08-07","Verify ad blocks for ad-free user","advertisement/ad-adFree-user.test.js","",""
"","30472","Check video block & footer banner for regular user - PoE 2 in desktop at 800x800 viewport size","advertisement-tests","2026-08-07","failed","2026-08-07","Verify ad blocks for regular user","advertisement/ad-regular-user.test.js","",""
"","30456","Check ad blocks for regular user - ZZZ in mobile at 360x780 viewport size","advertisement-tests","2026-08-07","failed","2026-08-07","Verify ad blocks for regular user","advertisement/ad-regular-user.test.js","",""
"","7241","Check video block, footer banner, L vertical banner, S vertical banner for ad free user - PoE 2 in desktop at 1680x1050 viewport size","advertisement-tests","2026-08-07","passed","2026-08-07","Verify ad blocks for ad-free user","advertisement/ad-adFree-user.test.js","",""
"","30533","Check video block & footer banner for regular user - 2XKO in desktop at 1100x800 viewport size","advertisement-tests","2026-08-07","failed","2026-08-07","Verify ad blocks for regular user","advertisement/ad-regular-user.test.js","",""
"","626","Check advertisement blocks for plus user - LoL in desktop at 800x800 viewport size","advertisement-tests","2026-08-07","passed","2026-08-07","Verify ad blocks for plus user","advertisement/ad-plus-user.test.js","",""
"","3543","Check video block, footer banner, L vertical banner, S vertical banner for ad free user - NTE in desktop at 1680x1050 viewport size","advertisement-tests","2026-08-07","passed","2026-08-07","Verify ad blocks for ad-free user","advertisement/ad-adFree-user.test.js","",""
"","30606","Check video block & footer banner for regular user - Borderlands 4 in desktop at 800x800 viewport size","advertisement-tests","2026-08-07","failed","2026-08-07","Verify ad blocks for regular user","advertisement/ad-regular-user.test.js","",""
"","30451","Check video block & footer banner for unauthorized user - Val in desktop at 800x800 viewport size","advertisement-tests","2026-08-07","failed","2026-08-07","Verify ad blocks for guest user","advertisement/ad-unauthorized-user.test.js","",""
"","586","Check advertisement blocks for plus user - Genshin in desktop at 800x800 viewport size","advertisement-tests","2026-08-07","passed","2026-08-07","Verify ad blocks for plus user","advertisement/ad-plus-user.test.js","",""
"","5802","Check ad blocks for ad free user - LoL in mobile at 360x780 viewport size","advertisement-tests","2026-08-07","passed","2026-08-07","Verify ad blocks for ad-free user","advertisement/ad-adFree-user.test.js","",""
"","30426","Check video block & footer banner for unauthorized user - Overwatch in mobile at 360x780 viewport size","advertisement-tests","2026-08-07","failed","2026-08-07","Verify ad blocks for guest user","advertisement/ad-unauthorized-user.test.js","",""
"","655","Check advertisement blocks for plus user - Destiny 2 in desktop at 800x800 viewport size","advertisement-tests","2026-08-07","passed","2026-08-07","Verify ad blocks for plus user","advertisement/ad-plus-user.test.js","",""
"","521","Check video block, footer banner, L vertical banner for ad free user - ZZZ in desktop at 1280x800 viewport size","advertisement-tests","2026-08-07","passed","2026-08-07","Verify ad blocks for ad-free user","advertisement/ad-adFree-user.test.js","",""
"","45603","Check video block, footer banner, L vertical banner for regular user - Marvel Rivals in desktop at 1280x800 viewport size","advertisement-tests","2026-08-07","failed","2026-08-07","Verify ad blocks for regular user","advertisement/ad-regular-user.test.js","",""
"","502","Check ad blocks for plus user - Genshin in mobile at 360x780 viewport size","advertisement-tests","2026-08-07","passed","2026-08-07","Verify ad blocks for plus user","advertisement/ad-plus-user.test.js","",""
"","10363","Check video block, footer banner, L vertical banner for plus user - ZZZ in desktop at 1280x800 viewport size","advertisement-tests","2026-08-07","passed","2026-08-07","Verify ad blocks for plus user","advertisement/ad-plus-user.test.js","",""
"","667","Check video block & footer banner for plus user - TFT in desktop at 1100x800 viewport size","advertisement-tests","2026-08-07","passed","2026-08-07","Verify ad blocks for plus user","advertisement/ad-plus-user.test.js","",""
"","30469","Check advertisement blocks for regular user - Endfield in desktop at 640x1024 viewport size","advertisement-tests","2026-08-07","failed","2026-08-07","Verify ad blocks for regular user","advertisement/ad-regular-user.test.js","",""
"","831","Check ad blocks for ad free user - Monster Hunter Wilds in mobile at 360x780 viewport size","advertisement-tests","2026-08-07","passed","2026-08-07","Verify ad blocks for ad-free user","advertisement/ad-adFree-user.test.js","",""
"","30561","Check advertisement blocks for regular user - Diablo 4 in desktop at 640x1024 viewport size","advertisement-tests","2026-08-07","failed","2026-08-07","Verify ad blocks for regular user","advertisement/ad-regular-user.test.js","",""
"","5136","Check advertisement blocks for ad free user - STS 2 in desktop at 640x1024 viewport size","advertisement-tests","2026-08-07","passed","2026-08-07","Verify ad blocks for ad-free user","advertisement/ad-adFree-user.test.js","",""
"","475","Check advertisement blocks for ad free user - PoE in desktop at 800x800 viewport size","advertisement-tests","2026-08-07","passed","2026-08-07","Verify ad blocks for ad-free user","advertisement/ad-adFree-user.test.js","",""
"","60654","Check video block, footer banner, L vertical banner, S vertical banner for regular user - Overwatch in desktop at 1680x1050 viewport size","advertisement-tests","2026-08-07","failed","2026-08-07","Verify ad blocks for regular user","advertisement/ad-regular-user.test.js","",""
"","30479","Check advertisement blocks for unauthorized user - 2XKO in desktop at 640x1024 viewport size","advertisement-tests","2026-08-07","failed","2026-08-07","Verify ad blocks for guest user","advertisement/ad-unauthorized-user.test.js","",""
"","30487","Check advertisement blocks for unauthorized user - TFT in desktop at 640x1024 viewport size","advertisement-tests","2026-08-07","failed","2026-08-07","Verify ad blocks for guest user","advertisement/ad-unauthorized-user.test.js","",""
"","607","Check ad blocks for plus user - The Bazaar in mobile at 360x780 viewport size","advertisement-tests","2026-08-07","passed","2026-08-07","Verify ad blocks for plus user","advertisement/ad-plus-user.test.js","",""
"","11278","Check video block, footer banner, L vertical banner, S vertical banner for plus user - 2XKO in desktop at 1680x1050 viewport size","advertisement-tests","2026-08-07","passed","2026-08-07","Verify ad blocks for plus user","advertisement/ad-plus-user.test.js","",""
"","1016","Check video block, footer banner, L vertical banner, S vertical banner for ad free user - Val in desktop at 1680x1050 viewport size","advertisement-tests","2026-08-07","passed","2026-08-07","Verify ad blocks for ad-free user","advertisement/ad-adFree-user.test.js","",""
"","12598","Check video block & footer banner for plus user - Marathon in desktop at 1100x800 viewport size","advertisement-tests","2026-08-07","passed","2026-08-07","Verify ad blocks for plus user","advertisement/ad-plus-user.test.js","",""
"","1784","Check video block, footer banner, L vertical banner, S vertical banner for ad free user - Endfield in desktop at 1680x1050 viewport size","advertisement-tests","2026-08-07","passed","2026-08-07","Verify ad blocks for ad-free user","advertisement/ad-adFree-user.test.js","",""
"","30510","Check video block & footer banner for regular user - ZZZ in desktop at 800x800 viewport size","advertisement-tests","2026-08-07","failed","2026-08-07","Verify ad blocks for regular user","advertisement/ad-regular-user.test.js","",""
"","60562","Check video block, footer banner, L vertical banner, S vertical banner for regular user - Destiny 2 in desktop at 1680x1050 viewport size","advertisement-tests","2026-08-07","failed","2026-08-07","Verify ad blocks for regular user","advertisement/ad-regular-user.test.js","",""
"","602","Check advertisement blocks for plus user - NTE in desktop at 800x800 viewport size","advertisement-tests","2026-08-07","passed","2026-08-07","Verify ad blocks for plus user","advertisement/ad-plus-user.test.js","",""
"","30555","Check advertisement blocks for regular user - Marvel Rivals in desktop at 640x1024 viewport size","advertisement-tests","2026-08-07","failed","2026-08-07","Verify ad blocks for regular user","advertisement/ad-regular-user.test.js","",""
"","806","Check video block & footer banner for plus user - 2XKO in desktop at 1100x800 viewport size","advertisement-tests","2026-08-07","passed","2026-08-07","Verify ad blocks for plus user","advertisement/ad-plus-user.test.js","",""
"","564","Check ad blocks for plus user - Borderlands 4 in mobile at 360x780 viewport size","advertisement-tests","2026-08-07","passed","2026-08-07","Verify ad blocks for plus user","advertisement/ad-plus-user.test.js","",""
"","2315","Check video block, footer banner, L vertical banner for plus user - Val in desktop at 1280x800 viewport size","advertisement-tests","2026-08-07","passed","2026-08-07","Verify ad blocks for plus user","advertisement/ad-plus-user.test.js","",""
"","863","Check video block, footer banner, L vertical banner, S vertical banner for ad free user - Diablo 4 in desktop at 1680x1050 viewport size","advertisement-tests","2026-08-07","passed","2026-08-07","Verify ad blocks for ad-free user","advertisement/ad-adFree-user.test.js","",""
"","30515","Check advertisement blocks for regular user - Borderlands 4 in desktop at 640x1024 viewport size","advertisement-tests","2026-08-07","failed","2026-08-07","Verify ad blocks for regular user","advertisement/ad-regular-user.test.js","",""
"","599","Check ad blocks for ad free user - Hades 2 in mobile at 360x780 viewport size","advertisement-tests","2026-08-07","passed","2026-08-07","Verify ad blocks for ad-free user","advertisement/ad-adFree-user.test.js","",""
"","253","Check video block, footer banner, L vertical banner, S vertical banner for regular user - Genshin in desktop at 1680x1050 viewport size","advertisement-tests","2026-08-07","passed","2026-08-07","Verify ad blocks for regular user","advertisement/ad-regular-user.test.js","",""
"","30481","Check ad blocks for regular user - Hades 2 in mobile at 360x780 viewport size","advertisement-tests","2026-08-07","failed","2026-08-07","Verify ad blocks for regular user","advertisement/ad-regular-user.test.js","",""
"","657","Check advertisement blocks for plus user - ZZZ in desktop at 640x1024 viewport size","advertisement-tests","2026-08-07","passed","2026-08-07","Verify ad blocks for plus user","advertisement/ad-plus-user.test.js","",""
"","30517","Check video block & footer banner for regular user - LoL in desktop at 800x800 viewport size","advertisement-tests","2026-08-07","failed","2026-08-07","Verify ad blocks for regular user","advertisement/ad-regular-user.test.js","",""
"","916","Check video block, footer banner, L vertical banner, S vertical banner for ad free user - STS 2 in desktop at 1680x1050 viewport size","advertisement-tests","2026-08-07","passed","2026-08-07","Verify ad blocks for ad-free user","advertisement/ad-adFree-user.test.js","",""
"","2425","Check video block & footer banner for plus user - Diablo 4 in desktop at 1100x800 viewport size","advertisement-tests","2026-08-07","passed","2026-08-07","Verify ad blocks for plus user","advertisement/ad-plus-user.test.js","",""
"","852","Check advertisement blocks for plus user - PoE in desktop at 800x800 viewport size","advertisement-tests","2026-08-07","passed","2026-08-07","Verify ad blocks for plus user","advertisement/ad-plus-user.test.js","",""
"","535","Check advertisement blocks for ad free user - Riftbound in desktop at 640x1024 viewport size","advertisement-tests","2026-08-07","passed","2026-08-07","Verify ad blocks for ad-free user","advertisement/ad-adFree-user.test.js","",""
"","345","Check ad blocks for regular user - Genshin in mobile at 360x780 viewport size","advertisement-tests","2026-08-07","passed","2026-08-07","Verify ad blocks for regular user","advertisement/ad-regular-user.test.js","",""
"","528","Check video block & footer banner for ad free user - Marvel Rivals in desktop at 1100x800 viewport size","advertisement-tests","2026-08-07","passed","2026-08-07","Verify ad blocks for ad-free user","advertisement/ad-adFree-user.test.js","",""
"","60617","Check video block, footer banner, L vertical banner, S vertical banner for regular user - Diablo 4 in desktop at 1680x1050 viewport size","advertisement-tests","2026-08-07","failed","2026-08-07","Verify ad blocks for regular user","advertisement/ad-regular-user.test.js","",""
"","1015","Check video block, footer banner, L vertical banner, S vertical banner for ad free user - Riftbound in desktop at 1680x1050 viewport size","advertisement-tests","2026-08-07","passed","2026-08-07","Verify ad blocks for ad-free user","advertisement/ad-adFree-user.test.js","",""
"","30586","Check video block & footer banner for regular user - Endfield in desktop at 800x800 viewport size","advertisement-tests","2026-08-07","failed","2026-08-07","Verify ad blocks for regular user","advertisement/ad-regular-user.test.js","",""
"","11855","Check video block & footer banner for plus user - Hades 2 in desktop at 1100x800 viewport size","advertisement-tests","2026-08-07","passed","2026-08-07","Verify ad blocks for plus user","advertisement/ad-plus-user.test.js","",""
"","30546","Check video block & footer banner for regular user - Diablo 4 in desktop at 1100x800 viewport size","advertisement-tests","2026-08-07","failed","2026-08-07","Verify ad blocks for regular user","advertisement/ad-regular-user.test.js","",""
"","30565","Check advertisement blocks for regular user - PoE 2 in desktop at 640x1024 viewport size","advertisement-tests","2026-08-07","failed","2026-08-07","Verify ad blocks for regular user","advertisement/ad-regular-user.test.js","",""
"","1058","Check video block, footer banner, L vertical banner for ad free user - Monster Hunter Wilds in desktop at 1280x800 viewport size","advertisement-tests","2026-08-07","passed","2026-08-07","Verify ad blocks for ad-free user","advertisement/ad-adFree-user.test.js","",""
"","362","Check video block & footer banner for unauthorized user - Nightreign in mobile at 360x780 viewport size","advertisement-tests","2026-08-07","passed","2026-08-07","Verify ad blocks for guest user","advertisement/ad-unauthorized-user.test.js","",""
"","30642","Check video block & footer banner for regular user - Deadlock in desktop at 1100x800 viewport size","advertisement-tests","2026-08-07","failed","2026-08-07","Verify ad blocks for regular user","advertisement/ad-regular-user.test.js","",""
"","571","Check ad blocks for plus user - Hades 2 in mobile at 360x780 viewport size","advertisement-tests","2026-08-07","passed","2026-08-07","Verify ad blocks for plus user","advertisement/ad-plus-user.test.js","",""
"","708","Check advertisement blocks for plus user - Marvel Rivals in desktop at 800x800 viewport size","advertisement-tests","2026-08-07","passed","2026-08-07","Verify ad blocks for plus user","advertisement/ad-plus-user.test.js","",""
"","45584","Check video block, footer banner, L vertical banner for regular user - Destiny 2 in desktop at 1280x800 viewport size","advertisement-tests","2026-08-07","failed","2026-08-07","Verify ad blocks for regular user","advertisement/ad-regular-user.test.js","",""
"","545","Check video block, footer banner, L vertical banner for ad free user - 2XKO in desktop at 1280x800 viewport size","advertisement-tests","2026-08-07","passed","2026-08-07","Verify ad blocks for ad-free user","advertisement/ad-adFree-user.test.js","",""
"","30459","Check ad blocks for regular user - Marathon in mobile at 360x780 viewport size","advertisement-tests","2026-08-07","failed","2026-08-07","Verify ad blocks for regular user","advertisement/ad-regular-user.test.js","",""
"","30593","Check video block & footer banner for regular user - The Bazaar in desktop at 1100x800 viewport size","advertisement-tests","2026-08-07","failed","2026-08-07","Verify ad blocks for regular user","advertisement/ad-regular-user.test.js","",""
"","653","Check advertisement blocks for plus user - Riftbound in desktop at 800x800 viewport size","advertisement-tests","2026-08-07","passed","2026-08-07","Verify ad blocks for plus user","advertisement/ad-plus-user.test.js","",""
"","30561","Check video block & footer banner for regular user - LoL in desktop at 1100x800 viewport size","advertisement-tests","2026-08-07","failed","2026-08-07","Verify ad blocks for regular user","advertisement/ad-regular-user.test.js","",""
"","549","Check video block & footer banner for regular user - NTE in desktop at 1100x800 viewport size","advertisement-tests","2026-08-07","passed","2026-08-07","Verify ad blocks for regular user","advertisement/ad-regular-user.test.js","",""
"","60567","Check video block, footer banner, L vertical banner, S vertical banner for regular user - Deadlock in desktop at 1680x1050 viewport size","advertisement-tests","2026-08-07","failed","2026-08-07","Verify ad blocks for regular user","advertisement/ad-regular-user.test.js","",""
"","2275","Check video block & footer banner for plus user - Monster Hunter Wilds in desktop at 1100x800 viewport size","advertisement-tests","2026-08-07","passed","2026-08-07","Verify ad blocks for plus user","advertisement/ad-plus-user.test.js","",""
"","619","Check ad blocks for ad free user - Marathon in mobile at 360x780 viewport size","advertisement-tests","2026-08-07","passed","2026-08-07","Verify ad blocks for ad-free user","advertisement/ad-adFree-user.test.js","",""
"","1359","Check video block & footer banner for plus user - NTE in desktop at 1100x800 viewport size","advertisement-tests","2026-08-07","passed","2026-08-07","Verify ad blocks for plus user","advertisement/ad-plus-user.test.js","",""
"","30643","Check advertisement blocks for regular user - Monster Hunter Wilds in desktop at 640x1024 viewport size","advertisement-tests","2026-08-07","failed","2026-08-07","Verify ad blocks for regular user","advertisement/ad-regular-user.test.js","",""
"","30421","Check advertisement blocks for unauthorized user - PoE in desktop at 640x1024 viewport size","advertisement-tests","2026-08-07","failed","2026-08-07","Verify ad blocks for guest user","advertisement/ad-unauthorized-user.test.js","",""
"","650","Check advertisement blocks for plus user - STS 2 in desktop at 800x800 viewport size","advertisement-tests","2026-08-07","passed","2026-08-07","Verify ad blocks for plus user","advertisement/ad-plus-user.test.js","",""
"","11297","Check video block, footer banner, L vertical banner, S vertical banner for plus user - The Bazaar in desktop at 1680x1050 viewport size","advertisement-tests","2026-08-07","passed","2026-08-07","Verify ad blocks for plus user","advertisement/ad-plus-user.test.js","",""
"","5379","Check video block & footer banner for ad free user - Hades 2 in desktop at 1100x800 viewport size","advertisement-tests","2026-08-07","passed","2026-08-07","Verify ad blocks for ad-free user","advertisement/ad-adFree-user.test.js","",""
"","30529","Check video block & footer banner for regular user - The Bazaar in desktop at 800x800 viewport size","advertisement-tests","2026-08-07","failed","2026-08-07","Verify ad blocks for regular user","advertisement/ad-regular-user.test.js","",""
"","964","Check ad blocks for ad free user - Nightreign in mobile at 360x780 viewport size","advertisement-tests","2026-08-07","passed","2026-08-07","Verify ad blocks for ad-free user","advertisement/ad-adFree-user.test.js","",""
"","665","Check advertisement blocks for plus user - Overwatch in desktop at 800x800 viewport size","advertisement-tests","2026-08-07","passed","2026-08-07","Verify ad blocks for plus user","advertisement/ad-plus-user.test.js","",""
"","608","Check video block & footer banner for ad free user - Riftbound in desktop at 1100x800 viewport size","advertisement-tests","2026-08-07","passed","2026-08-07","Verify ad blocks for ad-free user","advertisement/ad-adFree-user.test.js","",""
"","581","Check ad blocks for plus user - Diablo 4 in mobile at 360x780 viewport size","advertisement-tests","2026-08-07","passed","2026-08-07","Verify ad blocks for plus user","advertisement/ad-plus-user.test.js","",""
"","30464","Check video block & footer banner for unauthorized user - The Bazaar in mobile at 360x780 viewport size","advertisement-tests","2026-08-07","failed","2026-08-07","Verify ad blocks for guest user","advertisement/ad-unauthorized-user.test.js","",""
"","5","Check ad blocks for ad free user - Val in mobile at 360x780 viewport size","advertisement-tests","2026-08-07","skipped","2026-08-07","Verify ad blocks for ad-free user","advertisement/ad-adFree-user.test.js","",""
"","2235","Check video block, footer banner, L vertical banner, S vertical banner for plus user - LoL in desktop at 1680x1050 viewport size","advertisement-tests","2026-08-07","passed","2026-08-07","Verify ad blocks for plus user","advertisement/ad-plus-user.test.js","",""
"","633","Check advertisement blocks for plus user - Destiny 2 in desktop at 640x1024 viewport size","advertisement-tests","2026-08-07","passed","2026-08-07","Verify ad blocks for plus user","advertisement/ad-plus-user.test.js","",""
"","30614","Check ad blocks for regular user - Destiny 2 in mobile at 360x780 viewport size","advertisement-tests","2026-08-07","failed","2026-08-07","Verify ad blocks for regular user","advertisement/ad-regular-user.test.js","",""
"","30464","Check video block & footer banner for unauthorized user - Nightreign in desktop at 800x800 viewport size","advertisement-tests","2026-08-07","failed","2026-08-07","Verify ad blocks for guest user","advertisement/ad-unauthorized-user.test.js","",""
"","30613","Check ad blocks for ad free user - TFT in mobile at 360x780 viewport size","advertisement-tests","2026-08-07","failed","2026-08-07","Verify ad blocks for ad-free user","advertisement/ad-adFree-user.test.js","",""
"","562","Check ad blocks for ad free user - Deadlock in mobile at 360x780 viewport size","advertisement-tests","2026-08-07","passed","2026-08-07","Verify ad blocks for ad-free user","advertisement/ad-adFree-user.test.js","",""
"","60564","Check video block, footer banner, L vertical banner, S vertical banner for regular user - ZZZ in desktop at 1680x1050 viewport size","advertisement-tests","2026-08-07","failed","2026-08-07","Verify ad blocks for regular user","advertisement/ad-regular-user.test.js","",""
"","30496","Check advertisement blocks for regular user - ZZZ in desktop at 640x1024 viewport size","advertisement-tests","2026-08-07","failed","2026-08-07","Verify ad blocks for regular user","advertisement/ad-regular-user.test.js","",""
"","3700","Check video block, footer banner, L vertical banner for ad free user - Endfield in desktop at 1280x800 viewport size","advertisement-tests","2026-08-07","passed","2026-08-07","Verify ad blocks for ad-free user","advertisement/ad-adFree-user.test.js","",""
"","1070","Check video block & footer banner for ad free user - The Bazaar in desktop at 1100x800 viewport size","advertisement-tests","2026-08-07","passed","2026-08-07","Verify ad blocks for ad-free user","advertisement/ad-adFree-user.test.js","",""
"","472","Check advertisement blocks for regular user - Val in desktop at 640x1024 viewport size","advertisement-tests","2026-08-07","passed","2026-08-07","Verify ad blocks for regular user","advertisement/ad-regular-user.test.js","",""
"","10775","Check video block, footer banner, L vertical banner, S vertical banner for plus user - PoE 2 in desktop at 1680x1050 viewport size","advertisement-tests","2026-08-07","passed","2026-08-07","Verify ad blocks for plus user","advertisement/ad-plus-user.test.js","",""
"","792","Check video block & footer banner for ad free user - Genshin in desktop at 1100x800 viewport size","advertisement-tests","2026-08-07","passed","2026-08-07","Verify ad blocks for ad-free user","advertisement/ad-adFree-user.test.js","",""
"","45985","Check video block, footer banner, L vertical banner for ad free user - TFT in desktop at 1280x800 viewport size","advertisement-tests","2026-08-07","failed","2026-08-07","Verify ad blocks for ad-free user","advertisement/ad-adFree-user.test.js","",""
"","557","Check video block, footer banner, L vertical banner for regular user - NTE in desktop at 1280x800 viewport size","advertisement-tests","2026-08-07","passed","2026-08-07","Verify ad blocks for regular user","advertisement/ad-regular-user.test.js","",""
"","479","Check advertisement blocks for ad free user - Marvel Rivals in desktop at 800x800 viewport size","advertisement-tests","2026-08-07","passed","2026-08-07","Verify ad blocks for ad-free user","advertisement/ad-adFree-user.test.js","",""
"","30511","Check advertisement blocks for regular user - Destiny 2 in desktop at 640x1024 viewport size","advertisement-tests","2026-08-07","failed","2026-08-07","Verify ad blocks for regular user","advertisement/ad-regular-user.test.js","",""
"","45526","Check video block, footer banner, L vertical banner for regular user - Overwatch in desktop at 1280x800 viewport size","advertisement-tests","2026-08-07","failed","2026-08-07","Verify ad blocks for regular user","advertisement/ad-regular-user.test.js","",""
"","30472","Check advertisement blocks for unauthorized user - Monster Hunter Wilds in desktop at 640x1024 viewport size","advertisement-tests","2026-08-07","failed","2026-08-07","Verify ad blocks for guest user","advertisement/ad-unauthorized-user.test.js","",""
"","444","Check ad blocks for regular user - Nightreign in mobile at 360x780 viewport size","advertisement-tests","2026-08-07","passed","2026-08-07","Verify ad blocks for regular user","advertisement/ad-regular-user.test.js","",""
"","604","Check video block, footer banner, L vertical banner for ad free user - Genshin in desktop at 1280x800 viewport size","advertisement-tests","2026-08-07","passed","2026-08-07","Verify ad blocks for ad-free user","advertisement/ad-adFree-user.test.js","",""
"","30411","Check video block & footer banner for unauthorized user - STS 2 in mobile at 360x780 viewport size","advertisement-tests","2026-08-07","failed","2026-08-07","Verify ad blocks for guest user","advertisement/ad-unauthorized-user.test.js","",""
"","30479","Check ad blocks for regular user - STS 2 in mobile at 360x780 viewport size","advertisement-tests","2026-08-07","failed","2026-08-07","Verify ad blocks for regular user","advertisement/ad-regular-user.test.js","",""
"","30407","Check video block & footer banner for unauthorized user - Deadlock in mobile at 360x780 viewport size","advertisement-tests","2026-08-07","failed","2026-08-07","Verify ad blocks for guest user","advertisement/ad-unauthorized-user.test.js","",""
"","559","Check ad blocks for plus user - TFT in mobile at 360x780 viewport size","advertisement-tests","2026-08-07","passed","2026-08-07","Verify ad blocks for plus user","advertisement/ad-plus-user.test.js","",""
"","30542","Check advertisement blocks for regular user - Riftbound in desktop at 640x1024 viewport size","advertisement-tests","2026-08-07","failed","2026-08-07","Verify ad blocks for regular user","advertisement/ad-regular-user.test.js","",""
"","60552","Check video block, footer banner, L vertical banner, S vertical banner for regular user - Monster Hunter Wilds in desktop at 1680x1050 viewport size","advertisement-tests","2026-08-07","failed","2026-08-07","Verify ad blocks for regular user","advertisement/ad-regular-user.test.js","",""
"","5676","Check video block, footer banner, L vertical banner, S vertical banner for ad free user - The Bazaar in desktop at 1680x1050 viewport size","advertisement-tests","2026-08-07","passed","2026-08-07","Verify ad blocks for ad-free user","advertisement/ad-adFree-user.test.js","",""
"","2854","Check video block, footer banner, L vertical banner for plus user - LoL in desktop at 1280x800 viewport size","advertisement-tests","2026-08-07","passed","2026-08-07","Verify ad blocks for plus user","advertisement/ad-plus-user.test.js","",""
"","12001","Check video block, footer banner, L vertical banner for plus user - Monster Hunter Wilds in desktop at 1280x800 viewport size","advertisement-tests","2026-08-07","passed","2026-08-07","Verify ad blocks for plus user","advertisement/ad-plus-user.test.js","",""
"","568","Check advertisement blocks for ad free user - Riftbound in desktop at 800x800 viewport size","advertisement-tests","2026-08-07","passed","2026-08-07","Verify ad blocks for ad-free user","advertisement/ad-adFree-user.test.js","",""
"","30713","Check video block & footer banner for regular user - Borderlands 4 in desktop at 1100x800 viewport size","advertisement-tests","2026-08-07","failed","2026-08-07","Verify ad blocks for regular user","advertisement/ad-regular-user.test.js","",""
"","791","Check video block, footer banner, L vertical banner for ad free user - Borderlands 4 in desktop at 1280x800 viewport size","advertisement-tests","2026-08-07","passed","2026-08-07","Verify ad blocks for ad-free user","advertisement/ad-adFree-user.test.js","",""
"","443","Check advertisement blocks for ad free user - Borderlands 4 in desktop at 640x1024 viewport size","advertisement-tests","2026-08-07","passed","2026-08-07","Verify ad blocks for ad-free user","advertisement/ad-adFree-user.test.js","",""
"","613","Check advertisement blocks for ad free user - ZZZ in desktop at 640x1024 viewport size","advertisement-tests","2026-08-07","passed","2026-08-07","Verify ad blocks for ad-free user","advertisement/ad-adFree-user.test.js","",""
"","1576","Check video block, footer banner, L vertical banner, S vertical banner for ad free user - PoE in desktop at 1680x1050 viewport size","advertisement-tests","2026-08-07","passed","2026-08-07","Verify ad blocks for ad-free user","advertisement/ad-adFree-user.test.js","",""
"","649","Check advertisement blocks for plus user - The Bazaar in desktop at 800x800 viewport size","advertisement-tests","2026-08-07","passed","2026-08-07","Verify ad blocks for plus user","advertisement/ad-plus-user.test.js","",""
"","1150","Check advertisement blocks for ad free user - Endfield in desktop at 640x1024 viewport size","advertisement-tests","2026-08-07","passed","2026-08-07","Verify ad blocks for ad-free user","advertisement/ad-adFree-user.test.js","",""
"","30578","Check ad blocks for regular user - The Bazaar in mobile at 360x780 viewport size","advertisement-tests","2026-08-07","failed","2026-08-07","Verify ad blocks for regular user","advertisement/ad-regular-user.test.js","",""
"","780","Check video block & footer banner for ad free user - Overwatch in desktop at 1100x800 viewport size","advertisement-tests","2026-08-07","passed","2026-08-07","Verify ad blocks for ad-free user","advertisement/ad-adFree-user.test.js","",""
"","480","Check advertisement blocks for ad free user - Monster Hunter Wilds in desktop at 800x800 viewport size","advertisement-tests","2026-08-07","passed","2026-08-07","Verify ad blocks for ad-free user","advertisement/ad-adFree-user.test.js","",""
"","277","Check advertisement blocks for ad free user - Genshin in desktop at 640x1024 viewport size","advertisement-tests","2026-08-07","passed","2026-08-07","Verify ad blocks for ad-free user","advertisement/ad-adFree-user.test.js","",""
"","652","Check ad blocks for ad free user - STS 2 in mobile at 360x780 viewport size","advertisement-tests","2026-08-07","passed","2026-08-07","Verify ad blocks for ad-free user","advertisement/ad-adFree-user.test.js","",""
"","642","Check advertisement blocks for plus user - PoE in desktop at 640x1024 viewport size","advertisement-tests","2026-08-07","passed","2026-08-07","Verify ad blocks for plus user","advertisement/ad-plus-user.test.js","",""
"","714","Check advertisement blocks for plus user - Endfield in desktop at 640x1024 viewport size","advertisement-tests","2026-08-07","passed","2026-08-07","Verify ad blocks for plus user","advertisement/ad-plus-user.test.js","",""
"","461","Check ad blocks for ad free user - Genshin in mobile at 360x780 viewport size","advertisement-tests","2026-08-07","passed","2026-08-07","Verify ad blocks for ad-free user","advertisement/ad-adFree-user.test.js","",""
"","30523","Check advertisement blocks for regular user - Hades 2 in desktop at 640x1024 viewport size","advertisement-tests","2026-08-07","failed","2026-08-07","Verify ad blocks for regular user","advertisement/ad-regular-user.test.js","",""
"","667","Check video block & footer banner for plus user - LoL in desktop at 1100x800 viewport size","advertisement-tests","2026-08-07","passed","2026-08-07","Verify ad blocks for plus user","advertisement/ad-plus-user.test.js","",""
"","678","Check advertisement blocks for plus user - 2XKO in desktop at 640x1024 viewport size","advertisement-tests","2026-08-07","passed","2026-08-07","Verify ad blocks for plus user","advertisement/ad-plus-user.test.js","",""
"","775","Check video block, footer banner, L vertical banner for ad free user - Deadlock in desktop at 1280x800 viewport size","advertisement-tests","2026-08-07","passed","2026-08-07","Verify ad blocks for ad-free user","advertisement/ad-adFree-user.test.js","",""
"","722","Check video block & footer banner for ad free user - Monster Hunter Wilds in desktop at 1100x800 viewport size","advertisement-tests","2026-08-07","passed","2026-08-07","Verify ad blocks for ad-free user","advertisement/ad-adFree-user.test.js","",""
"","30530","Check advertisement blocks for regular user - Marathon in desktop at 640x1024 viewport size","advertisement-tests","2026-08-07","failed","2026-08-07","Verify ad blocks for regular user","advertisement/ad-regular-user.test.js","",""
"","453","Check advertisement blocks for ad free user - Marvel Rivals in desktop at 640x1024 viewport size","advertisement-tests","2026-08-07","passed","2026-08-07","Verify ad blocks for ad-free user","advertisement/ad-adFree-user.test.js","",""
"","30412","Check video block & footer banner for unauthorized user - PoE in mobile at 360x780 viewport size","advertisement-tests","2026-08-07","failed","2026-08-07","Verify ad blocks for guest user","advertisement/ad-unauthorized-user.test.js","",""
"","598","Check advertisement blocks for ad free user - Val in desktop at 640x1024 viewport size","advertisement-tests","2026-08-07","passed","2026-08-07","Verify ad blocks for ad-free user","advertisement/ad-adFree-user.test.js","",""
"","343","Check ad blocks for plus user - Nightreign in mobile at 360x780 viewport size","advertisement-tests","2026-08-07","passed","2026-08-07","Verify ad blocks for plus user","advertisement/ad-plus-user.test.js","",""
"","717","Check video block, footer banner, L vertical banner, S vertical banner for ad free user - Genshin in desktop at 1680x1050 viewport size","advertisement-tests","2026-08-07","passed","2026-08-07","Verify ad blocks for ad-free user","advertisement/ad-adFree-user.test.js","",""
"","2296","Check video block, footer banner, L vertical banner, S vertical banner for plus user - NTE in desktop at 1680x1050 viewport size","advertisement-tests","2026-08-07","passed","2026-08-07","Verify ad blocks for plus user","advertisement/ad-plus-user.test.js","",""
"","483","Check advertisement blocks for ad free user - Diablo 4 in desktop at 800x800 viewport size","advertisement-tests","2026-08-07","passed","2026-08-07","Verify ad blocks for ad-free user","advertisement/ad-adFree-user.test.js","",""
"","1117","Check video block, footer banner, L vertical banner for ad free user - STS 2 in desktop at 1280x800 viewport size","advertisement-tests","2026-08-07","passed","2026-08-07","Verify ad blocks for ad-free user","advertisement/ad-adFree-user.test.js","",""
"","798","Check advertisement blocks for ad free user - PoE in desktop at 640x1024 viewport size","advertisement-tests","2026-08-07","passed","2026-08-07","Verify ad blocks for ad-free user","advertisement/ad-adFree-user.test.js","",""
"","462","Check advertisement blocks for ad free user - Destiny 2 in desktop at 640x1024 viewport size","advertisement-tests","2026-08-07","passed","2026-08-07","Verify ad blocks for ad-free user","advertisement/ad-adFree-user.test.js","",""
"","2662","Check video block, footer banner, L vertical banner for plus user - Marvel Rivals in desktop at 1280x800 viewport size","advertisement-tests","2026-08-07","passed","2026-08-07","Verify ad blocks for plus user","advertisement/ad-plus-user.test.js","",""
"","30495","Check video block & footer banner for regular user - Marathon in desktop at 800x800 viewport size","advertisement-tests","2026-08-07","failed","2026-08-07","Verify ad blocks for regular user","advertisement/ad-regular-user.test.js","",""
"","13286","Check video block, footer banner, L vertical banner, S vertical banner for plus user - Nightreign in desktop at 1680x1050 viewport size","advertisement-tests","2026-08-07","passed","2026-08-07","Verify ad blocks for plus user","advertisement/ad-plus-user.test.js","",""
"","480","Check advertisement blocks for ad free user - ZZZ in desktop at 800x800 viewport size","advertisement-tests","2026-08-07","passed","2026-08-07","Verify ad blocks for ad-free user","advertisement/ad-adFree-user.test.js","",""
"","1738","Check video block, footer banner, L vertical banner for plus user - Nightreign in desktop at 1280x800 viewport size","advertisement-tests","2026-08-07","passed","2026-08-07","Verify ad blocks for plus user","advertisement/ad-plus-user.test.js","",""
"","521","Check video block, footer banner, L vertical banner for ad free user - Diablo 4 in desktop at 1280x800 viewport size","advertisement-tests","2026-08-07","passed","2026-08-07","Verify ad blocks for ad-free user","advertisement/ad-adFree-user.test.js","",""
"","30429","Check advertisement blocks for unauthorized user - Deadlock in desktop at 640x1024 viewport size","advertisement-tests","2026-08-07","failed","2026-08-07","Verify ad blocks for guest user","advertisement/ad-unauthorized-user.test.js","",""
"","30537","Check video block & footer banner for regular user - Marathon in desktop at 1100x800 viewport size","advertisement-tests","2026-08-07","failed","2026-08-07","Verify ad blocks for regular user","advertisement/ad-regular-user.test.js","",""
"","629","Check ad blocks for plus user - 2XKO in mobile at 360x780 viewport size","advertisement-tests","2026-08-07","passed","2026-08-07","Verify ad blocks for plus user","advertisement/ad-plus-user.test.js","",""
"","628","Check ad blocks for plus user - Marvel Rivals in mobile at 360x780 viewport size","advertisement-tests","2026-08-07","passed","2026-08-07","Verify ad blocks for plus user","advertisement/ad-plus-user.test.js","",""
"","30517","Check ad blocks for regular user - Borderlands 4 in mobile at 360x780 viewport size","advertisement-tests","2026-08-07","failed","2026-08-07","Verify ad blocks for regular user","advertisement/ad-regular-user.test.js","",""
"","60560","Check video block, footer banner, L vertical banner, S vertical banner for regular user - LoL in desktop at 1680x1050 viewport size","advertisement-tests","2026-08-07","failed","2026-08-07","Verify ad blocks for regular user","advertisement/ad-regular-user.test.js","",""
"","660","Check advertisement blocks for plus user - Deadlock in desktop at 800x800 viewport size","advertisement-tests","2026-08-07","passed","2026-08-07","Verify ad blocks for plus user","advertisement/ad-plus-user.test.js","",""
"","45605","Check video block, footer banner, L vertical banner for regular user - PoE in desktop at 1280x800 viewport size","advertisement-tests","2026-08-07","failed","2026-08-07","Verify ad blocks for regular user","advertisement/ad-regular-user.test.js","",""
"","2481","Check video block, footer banner, L vertical banner for plus user - Deadlock in desktop at 1280x800 viewport size","advertisement-tests","2026-08-07","passed","2026-08-07","Verify ad blocks for plus user","advertisement/ad-plus-user.test.js","",""
"","30434","Check video block & footer banner for unauthorized user - ZZZ in desktop at 800x800 viewport size","advertisement-tests","2026-08-07","failed","2026-08-07","Verify ad blocks for guest user","advertisement/ad-unauthorized-user.test.js","",""
"","45523","Check video block, footer banner, L vertical banner for regular user - Val in desktop at 1280x800 viewport size","advertisement-tests","2026-08-07","failed","2026-08-07","Verify ad blocks for regular user","advertisement/ad-regular-user.test.js","",""
"","60567","Check video block, footer banner, L vertical banner, S vertical banner for regular user - Riftbound in desktop at 1680x1050 viewport size","advertisement-tests","2026-08-07","failed","2026-08-07","Verify ad blocks for regular user","advertisement/ad-regular-user.test.js","",""
"","10965","Check video block, footer banner, L vertical banner, S vertical banner for plus user - Overwatch in desktop at 1680x1050 viewport size","advertisement-tests","2026-08-07","passed","2026-08-07","Verify ad blocks for plus user","advertisement/ad-plus-user.test.js","",""
"","2469","Check video block, footer banner, L vertical banner, S vertical banner for plus user - Hades 2 in desktop at 1680x1050 viewport size","advertisement-tests","2026-08-07","passed","2026-08-07","Verify ad blocks for plus user","advertisement/ad-plus-user.test.js","",""
"","575","Check ad blocks for plus user - Monster Hunter Wilds in mobile at 360x780 viewport size","advertisement-tests","2026-08-07","passed","2026-08-07","Verify ad blocks for plus user","advertisement/ad-plus-user.test.js","",""
"","589","setup plus user","user-roles-setup","2026-08-07","passed","2026-08-07","","setup/userRoles.setup.test.js","",""
"","509","Check video block, footer banner, L vertical banner for regular user - Genshin in desktop at 1280x800 viewport size","advertisement-tests","2026-08-07","passed","2026-08-07","Verify ad blocks for regular user","advertisement/ad-regular-user.test.js","",""
"","30547","Check video block & footer banner for regular user - Riftbound in desktop at 1100x800 viewport size","advertisement-tests","2026-08-07","failed","2026-08-07","Verify ad blocks for regular user","advertisement/ad-regular-user.test.js","",""
"","30532","Check advertisement blocks for regular user - Overwatch in desktop at 640x1024 viewport size","advertisement-tests","2026-08-07","failed","2026-08-07","Verify ad blocks for regular user","advertisement/ad-regular-user.test.js","",""
"","30419","Check video block & footer banner for unauthorized user - Destiny 2 in mobile at 360x780 viewport size","advertisement-tests","2026-08-07","failed","2026-08-07","Verify ad blocks for guest user","advertisement/ad-unauthorized-user.test.js","",""
"","45584","Check video block, footer banner, L vertical banner for regular user - Endfield in desktop at 1280x800 viewport size","advertisement-tests","2026-08-07","failed","2026-08-07","Verify ad blocks for regular user","advertisement/ad-regular-user.test.js","",""
"","14016","Check video block & footer banner for plus user - Overwatch in desktop at 1100x800 viewport size","advertisement-tests","2026-08-07","passed","2026-08-07","Verify ad blocks for plus user","advertisement/ad-plus-user.test.js","",""
"","2618","Check video block, footer banner, L vertical banner for plus user - TFT in desktop at 1280x800 viewport size","advertisement-tests","2026-08-07","passed","2026-08-07","Verify ad blocks for plus user","advertisement/ad-plus-user.test.js","",""
"","1549","Check advertisement blocks for ad free user - Overwatch in desktop at 640x1024 viewport size","advertisement-tests","2026-08-07","passed","2026-08-07","Verify ad blocks for ad-free user","advertisement/ad-adFree-user.test.js","",""
"","789","Check video block, footer banner, L vertical banner, S vertical banner for ad free user - Marvel Rivals in desktop at 1680x1050 viewport size","advertisement-tests","2026-08-07","passed","2026-08-07","Verify ad blocks for ad-free user","advertisement/ad-adFree-user.test.js","",""
"","30478","Check advertisement blocks for unauthorized user - The Bazaar in desktop at 640x1024 viewport size","advertisement-tests","2026-08-07","failed","2026-08-07","Verify ad blocks for guest user","advertisement/ad-unauthorized-user.test.js","",""
"","642","Check advertisement blocks for plus user - ZZZ in desktop at 800x800 viewport size","advertisement-tests","2026-08-07","passed","2026-08-07","Verify ad blocks for plus user","advertisement/ad-plus-user.test.js","",""
"","765","Check video block & footer banner for plus user - Riftbound in desktop at 1100x800 viewport size","advertisement-tests","2026-08-07","passed","2026-08-07","Verify ad blocks for plus user","advertisement/ad-plus-user.test.js","",""
"","30622","Check ad blocks for regular user - Deadlock in mobile at 360x780 viewport size","advertisement-tests","2026-08-07","failed","2026-08-07","Verify ad blocks for regular user","advertisement/ad-regular-user.test.js","",""
"","3833","Check video block & footer banner for ad free user - PoE 2 in desktop at 1100x800 viewport size","advertisement-tests","2026-08-07","passed","2026-08-07","Verify ad blocks for ad-free user","advertisement/ad-adFree-user.test.js","",""
"","30547","Check video block & footer banner for regular user - Riftbound in desktop at 800x800 viewport size","advertisement-tests","2026-08-07","failed","2026-08-07","Verify ad blocks for regular user","advertisement/ad-regular-user.test.js","",""
"","30478","Check advertisement blocks for unauthorized user - Diablo 4 in desktop at 640x1024 viewport size","advertisement-tests","2026-08-07","failed","2026-08-07","Verify ad blocks for guest user","advertisement/ad-unauthorized-user.test.js","",""
"","983","Check video block & footer banner for plus user - ZZZ in desktop at 1100x800 viewport size","advertisement-tests","2026-08-07","passed","2026-08-07","Verify ad blocks for plus user","advertisement/ad-plus-user.test.js","",""
"","30422","Check video block & footer banner for unauthorized user - Diablo 4 in mobile at 360x780 viewport size","advertisement-tests","2026-08-07","failed","2026-08-07","Verify ad blocks for guest user","advertisement/ad-unauthorized-user.test.js","",""
"","30472","Check advertisement blocks for unauthorized user - ZZZ in desktop at 640x1024 viewport size","advertisement-tests","2026-08-07","failed","2026-08-07","Verify ad blocks for guest user","advertisement/ad-unauthorized-user.test.js","",""
"","30594","Check advertisement blocks for regular user - The Bazaar in desktop at 640x1024 viewport size","advertisement-tests","2026-08-07","failed","2026-08-07","Verify ad blocks for regular user","advertisement/ad-regular-user.test.js","",""
"","60553","Check video block, footer banner, L vertical banner, S vertical banner for regular user - TFT in desktop at 1680x1050 viewport size","advertisement-tests","2026-08-07","failed","2026-08-07","Verify ad blocks for regular user","advertisement/ad-regular-user.test.js","",""
"","12596","Check video block, footer banner, L vertical banner, S vertical banner for plus user - ZZZ in desktop at 1680x1050 viewport size","advertisement-tests","2026-08-07","passed","2026-08-07","Verify ad blocks for plus user","advertisement/ad-plus-user.test.js","",""
"","604","Check advertisement blocks for plus user - Hades 2 in desktop at 800x800 viewport size","advertisement-tests","2026-08-07","passed","2026-08-07","Verify ad blocks for plus user","advertisement/ad-plus-user.test.js","",""
"","45569","Check video block, footer banner, L vertical banner for regular user - Hades 2 in desktop at 1280x800 viewport size","advertisement-tests","2026-08-07","failed","2026-08-07","Verify ad blocks for regular user","advertisement/ad-regular-user.test.js","",""
"","132","Check video block & footer banner for unauthorized user - Val in mobile at 360x780 viewport size","advertisement-tests","2026-08-07","skipped","2026-08-07","Verify ad blocks for guest user","advertisement/ad-unauthorized-user.test.js","",""
"","30476","Check advertisement blocks for regular user - STS 2 in desktop at 640x1024 viewport size","advertisement-tests","2026-08-07","failed","2026-08-07","Verify ad blocks for regular user","advertisement/ad-regular-user.test.js","",""
"","45577","Check video block, footer banner, L vertical banner for regular user - Nightreign in desktop at 1280x800 viewport size","advertisement-tests","2026-08-07","failed","2026-08-07","Verify ad blocks for regular user","advertisement/ad-regular-user.test.js","",""
"","30410","Check video block & footer banner for unauthorized user - Marathon in mobile at 360x780 viewport size","advertisement-tests","2026-08-07","failed","2026-08-07","Verify ad blocks for guest user","advertisement/ad-unauthorized-user.test.js","",""
"","583","Check advertisement blocks for plus user - Diablo 4 in desktop at 640x1024 viewport size","advertisement-tests","2026-08-07","passed","2026-08-07","Verify ad blocks for plus user","advertisement/ad-plus-user.test.js","",""
"","472","Check advertisement blocks for regular user - Nightreign in desktop at 640x1024 viewport size","advertisement-tests","2026-08-07","passed","2026-08-07","Verify ad blocks for regular user","advertisement/ad-regular-user.test.js","",""
"","2980","Check video block, footer banner, L vertical banner, S vertical banner for plus user - Monster Hunter Wilds in desktop at 1680x1050 viewport size","advertisement-tests","2026-08-07","passed","2026-08-07","Verify ad blocks for plus user","advertisement/ad-plus-user.test.js","",""
"","30519","Check video block & footer banner for regular user - TFT in desktop at 800x800 viewport size","advertisement-tests","2026-08-07","failed","2026-08-07","Verify ad blocks for regular user","advertisement/ad-regular-user.test.js","",""
"","30427","Check video block & footer banner for unauthorized user - Monster Hunter Wilds in mobile at 360x780 viewport size","advertisement-tests","2026-08-07","failed","2026-08-07","Verify ad blocks for guest user","advertisement/ad-unauthorized-user.test.js","",""
"","634","Check ad blocks for plus user - PoE in mobile at 360x780 viewport size","advertisement-tests","2026-08-07","passed","2026-08-07","Verify ad blocks for plus user","advertisement/ad-plus-user.test.js","",""
"","4353","Check ad blocks for regular user - 2XKO in mobile at 360x780 viewport size","advertisement-tests","2026-08-07","passed","2026-08-07","Verify ad blocks for regular user","advertisement/ad-regular-user.test.js","",""
"","45562","Check video block, footer banner, L vertical banner for regular user - STS 2 in desktop at 1280x800 viewport size","advertisement-tests","2026-08-07","failed","2026-08-07","Verify ad blocks for regular user","advertisement/ad-regular-user.test.js","",""
"","8412","Check video block & footer banner for plus user - Genshin in desktop at 1100x800 viewport size","advertisement-tests","2026-08-07","passed","2026-08-07","Verify ad blocks for plus user","advertisement/ad-plus-user.test.js","",""
"","1444","Check video block, footer banner, L vertical banner, S vertical banner for ad free user - 2XKO in desktop at 1680x1050 viewport size","advertisement-tests","2026-08-07","passed","2026-08-07","Verify ad blocks for ad-free user","advertisement/ad-adFree-user.test.js","",""
"","30459","Check ad blocks for regular user - Monster Hunter Wilds in mobile at 360x780 viewport size","advertisement-tests","2026-08-07","failed","2026-08-07","Verify ad blocks for regular user","advertisement/ad-regular-user.test.js","",""
"","2973","Check video block, footer banner, L vertical banner, S vertical banner for plus user - Diablo 4 in desktop at 1680x1050 viewport size","advertisement-tests","2026-08-07","passed","2026-08-07","Verify ad blocks for plus user","advertisement/ad-plus-user.test.js","",""
"","1828","Check ad blocks for ad free user - Riftbound in mobile at 360x780 viewport size","advertisement-tests","2026-08-07","passed","2026-08-07","Verify ad blocks for ad-free user","advertisement/ad-adFree-user.test.js","",""
"","30530","Check video block & footer banner for regular user - 2XKO in desktop at 800x800 viewport size","advertisement-tests","2026-08-07","failed","2026-08-07","Verify ad blocks for regular user","advertisement/ad-regular-user.test.js","",""
"","2971","Check video block, footer banner, L vertical banner, S vertical banner for plus user - Marvel Rivals in desktop at 1680x1050 viewport size","advertisement-tests","2026-08-07","passed","2026-08-07","Verify ad blocks for plus user","advertisement/ad-plus-user.test.js","",""
"","659","Check advertisement blocks for plus user - TFT in desktop at 640x1024 viewport size","advertisement-tests","2026-08-07","passed","2026-08-07","Verify ad blocks for plus user","advertisement/ad-plus-user.test.js","",""
"","45564","Check video block, footer banner, L vertical banner for regular user - TFT in desktop at 1280x800 viewport size","advertisement-tests","2026-08-07","failed","2026-08-07","Verify ad blocks for regular user","advertisement/ad-regular-user.test.js","",""
"","868","Check video block, footer banner, L vertical banner for ad free user - Overwatch in desktop at 1280x800 viewport size","advertisement-tests","2026-08-07","passed","2026-08-07","Verify ad blocks for ad-free user","advertisement/ad-adFree-user.test.js","",""
"","60572","Check video block, footer banner, L vertical banner, S vertical banner for regular user - Marvel Rivals in desktop at 1680x1050 viewport size","advertisement-tests","2026-08-07","failed","2026-08-07","Verify ad blocks for regular user","advertisement/ad-regular-user.test.js","",""
"","3727","Check video block, footer banner, L vertical banner, S vertical banner for plus user - Destiny 2 in desktop at 1680x1050 viewport size","advertisement-tests","2026-08-07","passed","2026-08-07","Verify ad blocks for plus user","advertisement/ad-plus-user.test.js","",""
"","30452","Check video block & footer banner for unauthorized user - ZZZ in mobile at 360x780 viewport size","advertisement-tests","2026-08-07","failed","2026-08-07","Verify ad blocks for guest user","advertisement/ad-unauthorized-user.test.js","",""
"","334","Check video block & footer banner for regular user - Genshin in desktop at 1100x800 viewport size","advertisement-tests","2026-08-07","passed","2026-08-07","Verify ad blocks for regular user","advertisement/ad-regular-user.test.js","",""
"","45553","Check video block, footer banner, L vertical banner for regular user - Marathon in desktop at 1280x800 viewport size","advertisement-tests","2026-08-07","failed","2026-08-07","Verify ad blocks for regular user","advertisement/ad-regular-user.test.js","",""
"","474","Check ad blocks for ad free user - NTE in mobile at 360x780 viewport size","advertisement-tests","2026-08-07","passed","2026-08-07","Verify ad blocks for ad-free user","advertisement/ad-adFree-user.test.js","",""
"","647","Check advertisement blocks for plus user - STS 2 in desktop at 640x1024 viewport size","advertisement-tests","2026-08-07","passed","2026-08-07","Verify ad blocks for plus user","advertisement/ad-plus-user.test.js","",""
"","30522","Check video block & footer banner for unauthorized user - Destiny 2 in desktop at 800x800 viewport size","advertisement-tests","2026-08-07","failed","2026-08-07","Verify ad blocks for guest user","advertisement/ad-unauthorized-user.test.js","",""
"","2315","Check ad blocks for ad free user - Marvel Rivals in mobile at 360x780 viewport size","advertisement-tests","2026-08-07","passed","2026-08-07","Verify ad blocks for ad-free user","advertisement/ad-adFree-user.test.js","",""
"","30515","Check video block & footer banner for regular user - STS 2 in desktop at 1100x800 viewport size","advertisement-tests","2026-08-07","failed","2026-08-07","Verify ad blocks for regular user","advertisement/ad-regular-user.test.js","",""
"","30489","Check advertisement blocks for unauthorized user - Hades 2 in desktop at 640x1024 viewport size","advertisement-tests","2026-08-07","failed","2026-08-07","Verify ad blocks for guest user","advertisement/ad-unauthorized-user.test.js","",""
"","592","setup add free user","user-roles-setup","2026-08-07","passed","2026-08-07","","setup/userRoles.setup.test.js","",""
"","615","Check video block & footer banner for ad free user - ZZZ in desktop at 1100x800 viewport size","advertisement-tests","2026-08-07","passed","2026-08-07","Verify ad blocks for ad-free user","advertisement/ad-adFree-user.test.js","",""
"","2695","Check video block, footer banner, L vertical banner for plus user - STS 2 in desktop at 1280x800 viewport size","advertisement-tests","2026-08-07","passed","2026-08-07","Verify ad blocks for plus user","advertisement/ad-plus-user.test.js","",""
"","30508","Check video block & footer banner for regular user - Overwatch in desktop at 800x800 viewport size","advertisement-tests","2026-08-07","failed","2026-08-07","Verify ad blocks for regular user","advertisement/ad-regular-user.test.js","",""
"","752","Check video block, footer banner, L vertical banner for ad free user - PoE 2 in desktop at 1280x800 viewport size","advertisement-tests","2026-08-07","passed","2026-08-07","Verify ad blocks for ad-free user","advertisement/ad-adFree-user.test.js","",""
"","479","Check advertisement blocks for ad free user - Nightreign in desktop at 800x800 viewport size","advertisement-tests","2026-08-07","passed","2026-08-07","Verify ad blocks for ad-free user","advertisement/ad-adFree-user.test.js","",""
"","45595","Check video block, footer banner, L vertical banner for regular user - LoL in desktop at 1280x800 viewport size","advertisement-tests","2026-08-07","failed","2026-08-07","Verify ad blocks for regular user","advertisement/ad-regular-user.test.js","",""
"","30524","Check video block & footer banner for regular user - TFT in desktop at 1100x800 viewport size","advertisement-tests","2026-08-07","failed","2026-08-07","Verify ad blocks for regular user","advertisement/ad-regular-user.test.js","",""
"","30642","Check ad blocks for regular user - Diablo 4 in mobile at 360x780 viewport size","advertisement-tests","2026-08-07","failed","2026-08-07","Verify ad blocks for regular user","advertisement/ad-regular-user.test.js","",""
"","30449","Check advertisement blocks for unauthorized user - Borderlands 4 in desktop at 640x1024 viewport size","advertisement-tests","2026-08-07","failed","2026-08-07","Verify ad blocks for guest user","advertisement/ad-unauthorized-user.test.js","",""
"","609","Check advertisement blocks for plus user - The Bazaar in desktop at 640x1024 viewport size","advertisement-tests","2026-08-07","passed","2026-08-07","Verify ad blocks for plus user","advertisement/ad-plus-user.test.js","",""
"","30519","Check video block & footer banner for regular user - ZZZ in desktop at 1100x800 viewport size","advertisement-tests","2026-08-07","failed","2026-08-07","Verify ad blocks for regular user","advertisement/ad-regular-user.test.js","",""
"","743","Check advertisement blocks for ad free user - PoE 2 in desktop at 640x1024 viewport size","advertisement-tests","2026-08-07","passed","2026-08-07","Verify ad blocks for ad-free user","advertisement/ad-adFree-user.test.js","",""
"","618","Check video block & footer banner for ad free user - Destiny 2 in desktop at 1100x800 viewport size","advertisement-tests","2026-08-07","passed","2026-08-07","Verify ad blocks for ad-free user","advertisement/ad-adFree-user.test.js","",""
"","3465","Check video block & footer banner for ad free user - Nightreign in desktop at 1100x800 viewport size","advertisement-tests","2026-08-07","passed","2026-08-07","Verify ad blocks for ad-free user","advertisement/ad-adFree-user.test.js","",""
"","603","Check ad blocks for plus user - Overwatch in mobile at 360x780 viewport size","advertisement-tests","2026-08-07","passed","2026-08-07","Verify ad blocks for plus user","advertisement/ad-plus-user.test.js","",""
"","623","Check advertisement blocks for plus user - Overwatch in desktop at 640x1024 viewport size","advertisement-tests","2026-08-07","passed","2026-08-07","Verify ad blocks for plus user","advertisement/ad-plus-user.test.js","",""
"","61773","Check video block, footer banner, L vertical banner, S vertical banner for ad free user - TFT in desktop at 1680x1050 viewport size","advertisement-tests","2026-08-07","failed","2026-08-07","Verify ad blocks for ad-free user","advertisement/ad-adFree-user.test.js","",""
"","30436","Check video block & footer banner for unauthorized user - Hades 2 in mobile at 360x780 viewport size","advertisement-tests","2026-08-07","failed","2026-08-07","Verify ad blocks for guest user","advertisement/ad-unauthorized-user.test.js","",""
"","5715","Check video block, footer banner, L vertical banner, S vertical banner for ad free user - Borderlands 4 in desktop at 1680x1050 viewport size","advertisement-tests","2026-08-07","passed","2026-08-07","Verify ad blocks for ad-free user","advertisement/ad-adFree-user.test.js","",""
"","860","Check video block, footer banner, L vertical banner for ad free user - PoE in desktop at 1280x800 viewport size","advertisement-tests","2026-08-07","passed","2026-08-07","Verify ad blocks for ad-free user","advertisement/ad-adFree-user.test.js","",""
"","30503","Check ad blocks for regular user - PoE 2 in mobile at 360x780 viewport size","advertisement-tests","2026-08-07","failed","2026-08-07","Verify ad blocks for regular user","advertisement/ad-regular-user.test.js","",""
"","30436","Check advertisement blocks for unauthorized user - Marvel Rivals in desktop at 640x1024 viewport size","advertisement-tests","2026-08-07","failed","2026-08-07","Verify ad blocks for guest user","advertisement/ad-unauthorized-user.test.js","",""
"","2907","Check video block, footer banner, L vertical banner for plus user - 2XKO in desktop at 1280x800 viewport size","advertisement-tests","2026-08-07","passed","2026-08-07","Verify ad blocks for plus user","advertisement/ad-plus-user.test.js","",""
"","60561","Check video block, footer banner, L vertical banner, S vertical banner for regular user - Borderlands 4 in desktop at 1680x1050 viewport size","advertisement-tests","2026-08-07","failed","2026-08-07","Verify ad blocks for regular user","advertisement/ad-regular-user.test.js","",""
"","30456","Check video block & footer banner for unauthorized user - Marvel Rivals in desktop at 800x800 viewport size","advertisement-tests","2026-08-07","failed","2026-08-07","Verify ad blocks for guest user","advertisement/ad-unauthorized-user.test.js","",""
"","3222","Check video block & footer banner for plus user - PoE 2 in desktop at 1100x800 viewport size","advertisement-tests","2026-08-07","passed","2026-08-07","Verify ad blocks for plus user","advertisement/ad-plus-user.test.js","",""
"","60579","Check video block, footer banner, L vertical banner, S vertical banner for regular user - Nightreign in desktop at 1680x1050 viewport size","advertisement-tests","2026-08-07","failed","2026-08-07","Verify ad blocks for regular user","advertisement/ad-regular-user.test.js","",""
"","697","Check advertisement blocks for plus user - Marvel Rivals in desktop at 640x1024 viewport size","advertisement-tests","2026-08-07","passed","2026-08-07","Verify ad blocks for plus user","advertisement/ad-plus-user.test.js","",""
"","613","Check ad blocks for ad free user - PoE 2 in mobile at 360x780 viewport size","advertisement-tests","2026-08-07","passed","2026-08-07","Verify ad blocks for ad-free user","advertisement/ad-adFree-user.test.js","",""
"","30477","Check ad blocks for regular user - Marvel Rivals in mobile at 360x780 viewport size","advertisement-tests","2026-08-07","failed","2026-08-07","Verify ad blocks for regular user","advertisement/ad-regular-user.test.js","",""
"","1877","Check video block, footer banner, L vertical banner for plus user - Marathon in desktop at 1280x800 viewport size","advertisement-tests","2026-08-07","passed","2026-08-07","Verify ad blocks for plus user","advertisement/ad-plus-user.test.js","",""
"","2776","Check video block, footer banner, L vertical banner for plus user - Riftbound in desktop at 1280x800 viewport size","advertisement-tests","2026-08-07","passed","2026-08-07","Verify ad blocks for plus user","advertisement/ad-plus-user.test.js","",""
"","13907","Check video block, footer banner, L vertical banner for plus user - Diablo 4 in desktop at 1280x800 viewport size","advertisement-tests","2026-08-07","passed","2026-08-07","Verify ad blocks for plus user","advertisement/ad-plus-user.test.js","",""
"","2921","Check video block, footer banner, L vertical banner, S vertical banner for plus user - STS 2 in desktop at 1680x1050 viewport size","advertisement-tests","2026-08-07","passed","2026-08-07","Verify ad blocks for plus user","advertisement/ad-plus-user.test.js","",""
"","30545","Check video block & footer banner for regular user - Hades 2 in desktop at 1100x800 viewport size","advertisement-tests","2026-08-07","failed","2026-08-07","Verify ad blocks for regular user","advertisement/ad-regular-user.test.js","",""
"","9861","Check video block, footer banner, L vertical banner, S vertical banner for plus user - Riftbound in desktop at 1680x1050 viewport size","advertisement-tests","2026-08-07","passed","2026-08-07","Verify ad blocks for plus user","advertisement/ad-plus-user.test.js","",""
"","461","Check video block & footer banner for ad free user - NTE in desktop at 1100x800 viewport size","advertisement-tests","2026-08-07","passed","2026-08-07","Verify ad blocks for ad-free user","advertisement/ad-adFree-user.test.js","",""
"","30469","Check ad blocks for regular user - Overwatch in mobile at 360x780 viewport size","advertisement-tests","2026-08-07","failed","2026-08-07","Verify ad blocks for regular user","advertisement/ad-regular-user.test.js","",""
"","632","Check advertisement blocks for plus user - Hades 2 in desktop at 640x1024 viewport size","advertisement-tests","2026-08-07","passed","2026-08-07","Verify ad blocks for plus user","advertisement/ad-plus-user.test.js","",""
"","687","Check advertisement blocks for plus user - LoL in desktop at 640x1024 viewport size","advertisement-tests","2026-08-07","passed","2026-08-07","Verify ad blocks for plus user","advertisement/ad-plus-user.test.js","",""
"","572","Check ad blocks for plus user - Destiny 2 in mobile at 360x780 viewport size","advertisement-tests","2026-08-07","passed","2026-08-07","Verify ad blocks for plus user","advertisement/ad-plus-user.test.js","",""
"","30433","Check video block & footer banner for unauthorized user - Endfield in mobile at 360x780 viewport size","advertisement-tests","2026-08-07","failed","2026-08-07","Verify ad blocks for guest user","advertisement/ad-unauthorized-user.test.js","",""
"","2419","Check ad blocks for ad free user - Diablo 4 in mobile at 360x780 viewport size","advertisement-tests","2026-08-07","passed","2026-08-07","Verify ad blocks for ad-free user","advertisement/ad-adFree-user.test.js","",""
"","30434","Check video block & footer banner for unauthorized user - TFT in desktop at 800x800 viewport size","advertisement-tests","2026-08-07","failed","2026-08-07","Verify ad blocks for guest user","advertisement/ad-unauthorized-user.test.js","",""
"","643","Check advertisement blocks for plus user - Endfield in desktop at 800x800 viewport size","advertisement-tests","2026-08-07","passed","2026-08-07","Verify ad blocks for plus user","advertisement/ad-plus-user.test.js","",""
"","509","Check advertisement blocks for ad free user - Deadlock in desktop at 800x800 viewport size","advertisement-tests","2026-08-07","passed","2026-08-07","Verify ad blocks for ad-free user","advertisement/ad-adFree-user.test.js","",""
"","30424","Check advertisement blocks for unauthorized user - Marathon in desktop at 640x1024 viewport size","advertisement-tests","2026-08-07","failed","2026-08-07","Verify ad blocks for guest user","advertisement/ad-unauthorized-user.test.js","",""
"","635","Check ad blocks for plus user - Endfield in mobile at 360x780 viewport size","advertisement-tests","2026-08-07","passed","2026-08-07","Verify ad blocks for plus user","advertisement/ad-plus-user.test.js","",""
"","30402","Check video block & footer banner for unauthorized user - Marvel Rivals in mobile at 360x780 viewport size","advertisement-tests","2026-08-07","failed","2026-08-07","Verify ad blocks for guest user","advertisement/ad-unauthorized-user.test.js","",""
"","30819","Check advertisement blocks for ad free user - TFT in desktop at 640x1024 viewport size","advertisement-tests","2026-08-07","failed","2026-08-07","Verify ad blocks for ad-free user","advertisement/ad-adFree-user.test.js","",""
"","622","Check ad blocks for plus user - Marathon in mobile at 360x780 viewport size","advertisement-tests","2026-08-07","passed","2026-08-07","Verify ad blocks for plus user","advertisement/ad-plus-user.test.js","",""
"","858","Check video block & footer banner for ad free user - Endfield in desktop at 1100x800 viewport size","advertisement-tests","2026-08-07","passed","2026-08-07","Verify ad blocks for ad-free user","advertisement/ad-adFree-user.test.js","",""
"","45584","Check video block, footer banner, L vertical banner for regular user - Riftbound in desktop at 1280x800 viewport size","advertisement-tests","2026-08-07","failed","2026-08-07","Verify ad blocks for regular user","advertisement/ad-regular-user.test.js","",""
"","581","Check ad blocks for plus user - STS 2 in mobile at 360x780 viewport size","advertisement-tests","2026-08-07","passed","2026-08-07","Verify ad blocks for plus user","advertisement/ad-plus-user.test.js","",""
"","30485","Check advertisement blocks for regular user - Deadlock in desktop at 640x1024 viewport size","advertisement-tests","2026-08-07","failed","2026-08-07","Verify ad blocks for regular user","advertisement/ad-regular-user.test.js","",""
"","60556","Check video block, footer banner, L vertical banner, S vertical banner for regular user - Marathon in desktop at 1680x1050 viewport size","advertisement-tests","2026-08-07","failed","2026-08-07","Verify ad blocks for regular user","advertisement/ad-regular-user.test.js","",""
"","30565","Check video block & footer banner for regular user - Diablo 4 in desktop at 800x800 viewport size","advertisement-tests","2026-08-07","failed","2026-08-07","Verify ad blocks for regular user","advertisement/ad-regular-user.test.js","",""
"","1071","Check video block & footer banner for ad free user - PoE in desktop at 1100x800 viewport size","advertisement-tests","2026-08-07","passed","2026-08-07","Verify ad blocks for ad-free user","advertisement/ad-adFree-user.test.js","",""
"","464","Check advertisement blocks for ad free user - Hades 2 in desktop at 640x1024 viewport size","advertisement-tests","2026-08-07","passed","2026-08-07","Verify ad blocks for ad-free user","advertisement/ad-adFree-user.test.js","",""
"","30518","Check video block & footer banner for regular user - Marvel Rivals in desktop at 800x800 viewport size","advertisement-tests","2026-08-07","failed","2026-08-07","Verify ad blocks for regular user","advertisement/ad-regular-user.test.js","",""
"","30700","Check ad blocks for regular user - Endfield in mobile at 360x780 viewport size","advertisement-tests","2026-08-07","failed","2026-08-07","Verify ad blocks for regular user","advertisement/ad-regular-user.test.js","",""
"","1385","Check video block, footer banner, L vertical banner for plus user - NTE in desktop at 1280x800 viewport size","advertisement-tests","2026-08-07","passed","2026-08-07","Verify ad blocks for plus user","advertisement/ad-plus-user.test.js","",""
"","661","Check advertisement blocks for plus user - Borderlands 4 in desktop at 800x800 viewport size","advertisement-tests","2026-08-07","passed","2026-08-07","Verify ad blocks for plus user","advertisement/ad-plus-user.test.js","",""
"","458","Check advertisement blocks for ad free user - Monster Hunter Wilds in desktop at 640x1024 viewport size","advertisement-tests","2026-08-07","passed","2026-08-07","Verify ad blocks for ad-free user","advertisement/ad-adFree-user.test.js","",""
"","603","Check ad blocks for ad free user - PoE in mobile at 360x780 viewport size","advertisement-tests","2026-08-07","passed","2026-08-07","Verify ad blocks for ad-free user","advertisement/ad-adFree-user.test.js","",""
"","2838","Check video block, footer banner, L vertical banner for plus user - Hades 2 in desktop at 1280x800 viewport size","advertisement-tests","2026-08-07","passed","2026-08-07","Verify ad blocks for plus user","advertisement/ad-plus-user.test.js","",""
"","14459","Check video block, footer banner, L vertical banner, S vertical banner for plus user - Deadlock in desktop at 1680x1050 viewport size","advertisement-tests","2026-08-07","passed","2026-08-07","Verify ad blocks for plus user","advertisement/ad-plus-user.test.js","",""
"","30466","Check video block & footer banner for unauthorized user - 2XKO in desktop at 800x800 viewport size","advertisement-tests","2026-08-07","failed","2026-08-07","Verify ad blocks for guest user","advertisement/ad-unauthorized-user.test.js","",""
"","200","Check video block & footer banner for unauthorized user - Genshin in mobile at 360x780 viewport size","advertisement-tests","2026-08-07","passed","2026-08-07","Verify ad blocks for guest user","advertisement/ad-unauthorized-user.test.js","",""
"","426","Check advertisement blocks for ad free user - NTE in desktop at 800x800 viewport size","advertisement-tests","2026-08-07","passed","2026-08-07","Verify ad blocks for ad-free user","advertisement/ad-adFree-user.test.js","",""
"","7801","Check video block, footer banner, L vertical banner for plus user - PoE 2 in desktop at 1280x800 viewport size","advertisement-tests","2026-08-07","passed","2026-08-07","Verify ad blocks for plus user","advertisement/ad-plus-user.test.js","",""
"","12201","Check video block & footer banner for plus user - STS 2 in desktop at 1100x800 viewport size","advertisement-tests","2026-08-07","passed","2026-08-07","Verify ad blocks for plus user","advertisement/ad-plus-user.test.js","",""
"","1380","Check video block & footer banner for plus user - Destiny 2 in desktop at 1100x800 viewport size","advertisement-tests","2026-08-07","passed","2026-08-07","Verify ad blocks for plus user","advertisement/ad-plus-user.test.js","",""
"","294","Check advertisement blocks for unauthorized user - Nightreign in desktop at 640x1024 viewport size","advertisement-tests","2026-08-07","passed","2026-08-07","Verify ad blocks for guest user","advertisement/ad-unauthorized-user.test.js","",""
"","925","Check video block, footer banner, L vertical banner, S vertical banner for ad free user - Deadlock in desktop at 1680x1050 viewport size","advertisement-tests","2026-08-07","passed","2026-08-07","Verify ad blocks for ad-free user","advertisement/ad-adFree-user.test.js","",""
