"DESCRIPTION","DURATION IN MS","NAME","PARENT SUITE","START TIME","STATUS","STOP TIME","SUB SUITE","SUITE","TEST CLASS","TEST METHOD"
"","7547","Check video block, footer banner, L vertical banner, S vertical banner for unauthorized user - Hades 2 in desktop at 1680x1050 viewport size","advertisement-tests","2026-07-10","passed","2026-07-10","Verify ad blocks within the desktop viewport range (>1412px) for different user roles","advertisement.test.js","",""
"","10817","Check video block, footer banner, L vertical banner, S vertical banner for plus user - Hades 2 in desktop at 1680x1050 viewport size","advertisement-tests","2026-07-10","passed","2026-07-10","Verify ad blocks within the desktop viewport range (>1412px) for different user roles","advertisement.test.js","",""
"","9531","Check video block & footer banner for regular user - Marvel Rivals in desktop at 800x800 viewport size","advertisement-tests","2026-07-10","passed","2026-07-10","Verify video ad block & footer banner within the desktop viewport range (768-1023px) for different user roles","advertisement.test.js","",""
"","10793","Check video block, footer banner, L vertical banner, S vertical banner for plus user - Monster Hunter Wilds in desktop at 1680x1050 viewport size","advertisement-tests","2026-07-10","passed","2026-07-10","Verify ad blocks within the desktop viewport range (>1412px) for different user roles","advertisement.test.js","",""
"","11875","Check video block & footer banner for regular user - PoE in desktop at 800x800 viewport size","advertisement-tests","2026-07-10","passed","2026-07-10","Verify video ad block & footer banner within the desktop viewport range (768-1023px) for different user roles","advertisement.test.js","",""
"","7926","Check video block, footer banner, L vertical banner, S vertical banner for plus user - Val in desktop at 1680x1050 viewport size","advertisement-tests","2026-07-10","passed","2026-07-10","Verify ad blocks within the desktop viewport range (>1412px) for different user roles","advertisement.test.js","",""
"","13863","Check video block, footer banner, L vertical banner, S vertical banner for ad free user - Monster Hunter Wilds in desktop at 1680x1050 viewport size","advertisement-tests","2026-07-10","passed","2026-07-10","Verify ad blocks within the desktop viewport range (>1412px) for different user roles","advertisement.test.js","",""
"","5503","Check video block, footer banner, L vertical banner for ad free user - Endfield in desktop at 1280x800 viewport size","advertisement-tests","2026-07-10","passed","2026-07-10","Verify ad blocks within the desktop viewport range (1233-1411px) for different user roles","advertisement.test.js","",""
"","6176","Check ad blocks for ad free user - Borderlands 4 in mobile at 360x780 viewport size","advertisement-tests","2026-07-10","passed","2026-07-10","Verify ad blocks within the mobile viewport range (320–575px) for different user roles","advertisement.test.js","",""
"","6824","Check advertisement blocks for ad free user - Overwatch in desktop at 640x1024 viewport size","advertisement-tests","2026-07-10","passed","2026-07-10","Verify ad blocks within the desktop viewport range (576-767px) for different user roles","advertisement.test.js","",""
"","5694","Check video block, footer banner, L vertical banner for plus user - Marathon in desktop at 1280x800 viewport size","advertisement-tests","2026-07-10","passed","2026-07-10","Verify ad blocks within the desktop viewport range (1233-1411px) for different user roles","advertisement.test.js","",""
"","8849","Check video block, footer banner, L vertical banner, S vertical banner for unauthorized user - Endfield in desktop at 1680x1050 viewport size","advertisement-tests","2026-07-10","passed","2026-07-10","Verify ad blocks within the desktop viewport range (>1412px) for different user roles","advertisement.test.js","",""
"","4067","Check video block & footer banner for plus user - Monster Hunter Wilds in desktop at 1100x800 viewport size","advertisement-tests","2026-07-10","passed","2026-07-10","Verify ad blocks within the desktop viewport range (1024-1232px) for different user roles","advertisement.test.js","",""
"","7806","Check advertisement blocks for ad free user - PoE in desktop at 800x800 viewport size","advertisement-tests","2026-07-10","passed","2026-07-10","Verify video ad block & footer banner within the desktop viewport range (768-1023px) for different user roles","advertisement.test.js","",""
"","15369","Check video block, footer banner, L vertical banner for regular user - Monster Hunter Wilds in desktop at 1280x800 viewport size","advertisement-tests","2026-07-10","passed","2026-07-10","Verify ad blocks within the desktop viewport range (1233-1411px) for different user roles","advertisement.test.js","",""
"","15373","Check video block, footer banner, L vertical banner, S vertical banner for regular user - TFT in desktop at 1680x1050 viewport size","advertisement-tests","2026-07-10","passed","2026-07-10","Verify ad blocks within the desktop viewport range (>1412px) for different user roles","advertisement.test.js","",""
"","16556","Check video block, footer banner, L vertical banner, S vertical banner for regular user - Monster Hunter Wilds in desktop at 1680x1050 viewport size","advertisement-tests","2026-07-10","passed","2026-07-10","Verify ad blocks within the desktop viewport range (>1412px) for different user roles","advertisement.test.js","",""
"","8931","Check advertisement blocks for plus user - LoL in desktop at 800x800 viewport size","advertisement-tests","2026-07-10","passed","2026-07-10","Verify video ad block & footer banner within the desktop viewport range (768-1023px) for different user roles","advertisement.test.js","",""
"","12064","Check advertisement blocks for ad free user - TFT in desktop at 800x800 viewport size","advertisement-tests","2026-07-10","passed","2026-07-10","Verify video ad block & footer banner within the desktop viewport range (768-1023px) for different user roles","advertisement.test.js","",""
"","10794","Check video block & footer banner for unauthorized user - Borderlands 4 in desktop at 1100x800 viewport size","advertisement-tests","2026-07-10","passed","2026-07-10","Verify ad blocks within the desktop viewport range (1024-1232px) for different user roles","advertisement.test.js","",""
"","8550","Check video block & footer banner for unauthorized user - The Bazaar in mobile at 360x780 viewport size","advertisement-tests","2026-07-10","passed","2026-07-10","Verify ad blocks within the mobile viewport range (320–575px) for different user roles","advertisement.test.js","",""
"","11236","Check video block & footer banner for unauthorized user - PoE in desktop at 1100x800 viewport size","advertisement-tests","2026-07-10","passed","2026-07-10","Verify ad blocks within the desktop viewport range (1024-1232px) for different user roles","advertisement.test.js","",""
"","15529","Check video block, footer banner, L vertical banner, S vertical banner for regular user - STS 2 in desktop at 1680x1050 viewport size","advertisement-tests","2026-07-10","passed","2026-07-10","Verify ad blocks within the desktop viewport range (>1412px) for different user roles","advertisement.test.js","",""
"","6975","Check advertisement blocks for plus user - ZZZ in desktop at 640x1024 viewport size","advertisement-tests","2026-07-10","passed","2026-07-10","Verify ad blocks within the desktop viewport range (576-767px) for different user roles","advertisement.test.js","",""
"","9777","Check advertisement blocks for unauthorized user - Endfield in desktop at 640x1024 viewport size","advertisement-tests","2026-07-10","passed","2026-07-10","Verify ad blocks within the desktop viewport range (576-767px) for different user roles","advertisement.test.js","",""
"","7685","Check advertisement blocks for ad free user - Borderlands 4 in desktop at 640x1024 viewport size","advertisement-tests","2026-07-10","passed","2026-07-10","Verify ad blocks within the desktop viewport range (576-767px) for different user roles","advertisement.test.js","",""
"","10237","Check video block & footer banner for unauthorized user - STS 2 in desktop at 1100x800 viewport size","advertisement-tests","2026-07-10","passed","2026-07-10","Verify ad blocks within the desktop viewport range (1024-1232px) for different user roles","advertisement.test.js","",""
"","16882","Check ad blocks for ad free user - LoL in mobile at 360x780 viewport size","advertisement-tests","2026-07-10","passed","2026-07-10","Verify ad blocks within the mobile viewport range (320–575px) for different user roles","advertisement.test.js","",""
"","15936","Check video block & footer banner for regular user - Monster Hunter Wilds in desktop at 1100x800 viewport size","advertisement-tests","2026-07-10","passed","2026-07-10","Verify ad blocks within the desktop viewport range (1024-1232px) for different user roles","advertisement.test.js","",""
"","8250","Check advertisement blocks for ad free user - Deadlock in desktop at 640x1024 viewport size","advertisement-tests","2026-07-10","passed","2026-07-10","Verify ad blocks within the desktop viewport range (576-767px) for different user roles","advertisement.test.js","",""
"","10680","Check video block, footer banner, L vertical banner, S vertical banner for plus user - Nightreign in desktop at 1680x1050 viewport size","advertisement-tests","2026-07-10","passed","2026-07-10","Verify ad blocks within the desktop viewport range (>1412px) for different user roles","advertisement.test.js","",""
"","8486","Check video block & footer banner for unauthorized user - 2XKO in mobile at 360x780 viewport size","advertisement-tests","2026-07-10","passed","2026-07-10","Verify ad blocks within the mobile viewport range (320–575px) for different user roles","advertisement.test.js","",""
"","12996","Check video block & footer banner for ad free user - LoL in desktop at 1100x800 viewport size","advertisement-tests","2026-07-10","passed","2026-07-10","Verify ad blocks within the desktop viewport range (1024-1232px) for different user roles","advertisement.test.js","",""
"","9021","Check ad blocks for plus user - PoE in mobile at 360x780 viewport size","advertisement-tests","2026-07-10","passed","2026-07-10","Verify ad blocks within the mobile viewport range (320–575px) for different user roles","advertisement.test.js","",""
"","3458","Check video block, footer banner, L vertical banner for ad free user - Marvel Rivals in desktop at 1280x800 viewport size","advertisement-tests","2026-07-10","passed","2026-07-10","Verify ad blocks within the desktop viewport range (1233-1411px) for different user roles","advertisement.test.js","",""
"","7909","Check video block, footer banner, L vertical banner for plus user - Monster Hunter Wilds in desktop at 1280x800 viewport size","advertisement-tests","2026-07-10","passed","2026-07-10","Verify ad blocks within the desktop viewport range (1233-1411px) for different user roles","advertisement.test.js","",""
"","9203","Check video block, footer banner, L vertical banner for unauthorized user - ZZZ in desktop at 1280x800 viewport size","advertisement-tests","2026-07-10","passed","2026-07-10","Verify ad blocks within the desktop viewport range (1233-1411px) for different user roles","advertisement.test.js","",""
"","9011","Check ad blocks for ad free user - Monster Hunter Wilds in mobile at 360x780 viewport size","advertisement-tests","2026-07-10","passed","2026-07-10","Verify ad blocks within the mobile viewport range (320–575px) for different user roles","advertisement.test.js","",""
"","9226","Check video block & footer banner for unauthorized user - Hades 2 in desktop at 1100x800 viewport size","advertisement-tests","2026-07-10","passed","2026-07-10","Verify ad blocks within the desktop viewport range (1024-1232px) for different user roles","advertisement.test.js","",""
"","12923","Check video block & footer banner for regular user - ZZZ in desktop at 800x800 viewport size","advertisement-tests","2026-07-10","passed","2026-07-10","Verify video ad block & footer banner within the desktop viewport range (768-1023px) for different user roles","advertisement.test.js","",""
"","10903","Check video block, footer banner, L vertical banner, S vertical banner for plus user - Marathon in desktop at 1680x1050 viewport size","advertisement-tests","2026-07-10","passed","2026-07-10","Verify ad blocks within the desktop viewport range (>1412px) for different user roles","advertisement.test.js","",""
"","10446","Check video block & footer banner for unauthorized user - STS 2 in mobile at 360x780 viewport size","advertisement-tests","2026-07-10","passed","2026-07-10","Verify ad blocks within the mobile viewport range (320–575px) for different user roles","advertisement.test.js","",""
"","7976","Check video block & footer banner for unauthorized user - Val in desktop at 800x800 viewport size","advertisement-tests","2026-07-10","passed","2026-07-10","Verify video ad block & footer banner within the desktop viewport range (768-1023px) for different user roles","advertisement.test.js","",""
"","1740","Check video block & footer banner for ad free user - Borderlands 4 in desktop at 1100x800 viewport size","advertisement-tests","2026-07-10","passed","2026-07-10","Verify ad blocks within the desktop viewport range (1024-1232px) for different user roles","advertisement.test.js","",""
"","11094","Check video block & footer banner for regular user - Borderlands 4 in desktop at 800x800 viewport size","advertisement-tests","2026-07-10","passed","2026-07-10","Verify video ad block & footer banner within the desktop viewport range (768-1023px) for different user roles","advertisement.test.js","",""
"","6987","Check ad blocks for plus user - Overwatch in mobile at 360x780 viewport size","advertisement-tests","2026-07-10","passed","2026-07-10","Verify ad blocks within the mobile viewport range (320–575px) for different user roles","advertisement.test.js","",""
"","16560","Check video block & footer banner for regular user - TFT in desktop at 1100x800 viewport size","advertisement-tests","2026-07-10","passed","2026-07-10","Verify ad blocks within the desktop viewport range (1024-1232px) for different user roles","advertisement.test.js","",""
"","7809","Check ad blocks for plus user - TFT in mobile at 360x780 viewport size","advertisement-tests","2026-07-10","passed","2026-07-10","Verify ad blocks within the mobile viewport range (320–575px) for different user roles","advertisement.test.js","",""
"","6836","Check ad blocks for ad free user - Diablo 4 in mobile at 360x780 viewport size","advertisement-tests","2026-07-10","passed","2026-07-10","Verify ad blocks within the mobile viewport range (320–575px) for different user roles","advertisement.test.js","",""
"","11758","Check advertisement blocks for regular user - 2XKO in desktop at 640x1024 viewport size","advertisement-tests","2026-07-10","passed","2026-07-10","Verify ad blocks within the desktop viewport range (576-767px) for different user roles","advertisement.test.js","",""
"","8616","Check ad blocks for ad free user - Marvel Rivals in mobile at 360x780 viewport size","advertisement-tests","2026-07-10","passed","2026-07-10","Verify ad blocks within the mobile viewport range (320–575px) for different user roles","advertisement.test.js","",""
"","8391","Check advertisement blocks for plus user - Endfield in desktop at 800x800 viewport size","advertisement-tests","2026-07-10","passed","2026-07-10","Verify video ad block & footer banner within the desktop viewport range (768-1023px) for different user roles","advertisement.test.js","",""
"","6553","Check advertisement blocks for plus user - STS 2 in desktop at 640x1024 viewport size","advertisement-tests","2026-07-10","passed","2026-07-10","Verify ad blocks within the desktop viewport range (576-767px) for different user roles","advertisement.test.js","",""
"","7168","Check video block, footer banner, L vertical banner for ad free user - PoE 2 in desktop at 1280x800 viewport size","advertisement-tests","2026-07-10","passed","2026-07-10","Verify ad blocks within the desktop viewport range (1233-1411px) for different user roles","advertisement.test.js","",""
"","6","Check ad blocks for regular user - Val in mobile at 360x780 viewport size","advertisement-tests","2026-07-10","skipped","2026-07-10","Verify ad blocks within the mobile viewport range (320–575px) for different user roles","advertisement.test.js","",""
"","9433","Check ad blocks for plus user - PoE 2 in mobile at 360x780 viewport size","advertisement-tests","2026-07-10","passed","2026-07-10","Verify ad blocks within the mobile viewport range (320–575px) for different user roles","advertisement.test.js","",""
"","8106","Check advertisement blocks for ad free user - Diablo 4 in desktop at 640x1024 viewport size","advertisement-tests","2026-07-10","passed","2026-07-10","Verify ad blocks within the desktop viewport range (576-767px) for different user roles","advertisement.test.js","",""
"","614","Check video block & footer banner for unauthorized user - Val in mobile at 360x780 viewport size","advertisement-tests","2026-07-10","skipped","2026-07-10","Verify ad blocks within the mobile viewport range (320–575px) for different user roles","advertisement.test.js","",""
"","8110","Check advertisement blocks for plus user - Val in desktop at 800x800 viewport size","advertisement-tests","2026-07-10","passed","2026-07-10","Verify video ad block & footer banner within the desktop viewport range (768-1023px) for different user roles","advertisement.test.js","",""
"","12467","Check video block & footer banner for regular user - Borderlands 4 in desktop at 1100x800 viewport size","advertisement-tests","2026-07-10","passed","2026-07-10","Verify ad blocks within the desktop viewport range (1024-1232px) for different user roles","advertisement.test.js","",""
"","10710","Check video block & footer banner for regular user - 2XKO in desktop at 800x800 viewport size","advertisement-tests","2026-07-10","passed","2026-07-10","Verify video ad block & footer banner within the desktop viewport range (768-1023px) for different user roles","advertisement.test.js","",""
"","2736","Check video block, footer banner, L vertical banner for ad free user - Hades 2 in desktop at 1280x800 viewport size","advertisement-tests","2026-07-10","passed","2026-07-10","Verify ad blocks within the desktop viewport range (1233-1411px) for different user roles","advertisement.test.js","",""
"","821","setup plus user","user-roles-setup","2026-07-10","passed","2026-07-10","","setup/userRoles.setup.test.js","",""
"","12650","Check video block & footer banner for regular user - PoE 2 in desktop at 1100x800 viewport size","advertisement-tests","2026-07-10","passed","2026-07-10","Verify ad blocks within the desktop viewport range (1024-1232px) for different user roles","advertisement.test.js","",""
"","16095","Check video block & footer banner for regular user - ZZZ in desktop at 1100x800 viewport size","advertisement-tests","2026-07-10","passed","2026-07-10","Verify ad blocks within the desktop viewport range (1024-1232px) for different user roles","advertisement.test.js","",""
"","8087","Check ad blocks for ad free user - Deadlock in mobile at 360x780 viewport size","advertisement-tests","2026-07-10","passed","2026-07-10","Verify ad blocks within the mobile viewport range (320–575px) for different user roles","advertisement.test.js","",""
"","16064","Check ad blocks for regular user - Deadlock in mobile at 360x780 viewport size","advertisement-tests","2026-07-10","passed","2026-07-10","Verify ad blocks within the mobile viewport range (320–575px) for different user roles","advertisement.test.js","",""
"","9108","Check video block & footer banner for unauthorized user - PoE in mobile at 360x780 viewport size","advertisement-tests","2026-07-10","passed","2026-07-10","Verify ad blocks within the mobile viewport range (320–575px) for different user roles","advertisement.test.js","",""
"","9706","Check video block & footer banner for ad free user - Riftbound in desktop at 1100x800 viewport size","advertisement-tests","2026-07-10","passed","2026-07-10","Verify ad blocks within the desktop viewport range (1024-1232px) for different user roles","advertisement.test.js","",""
"","7583","Check advertisement blocks for ad free user - Endfield in desktop at 640x1024 viewport size","advertisement-tests","2026-07-10","passed","2026-07-10","Verify ad blocks within the desktop viewport range (576-767px) for different user roles","advertisement.test.js","",""
"","5376","Check video block, footer banner, L vertical banner for unauthorized user - Riftbound in desktop at 1280x800 viewport size","advertisement-tests","2026-07-10","passed","2026-07-10","Verify ad blocks within the desktop viewport range (1233-1411px) for different user roles","advertisement.test.js","",""
"","6606","Check video block & footer banner for plus user - ZZZ in desktop at 1100x800 viewport size","advertisement-tests","2026-07-10","passed","2026-07-10","Verify ad blocks within the desktop viewport range (1024-1232px) for different user roles","advertisement.test.js","",""
"","24254","Check video block & footer banner for plus user - STS 2 in desktop at 1100x800 viewport size","advertisement-tests","2026-07-10","failed","2026-07-10","Verify ad blocks within the desktop viewport range (1024-1232px) for different user roles","advertisement.test.js","",""
"","8821","Check video block, footer banner, L vertical banner for plus user - Borderlands 4 in desktop at 1280x800 viewport size","advertisement-tests","2026-07-10","passed","2026-07-10","Verify ad blocks within the desktop viewport range (1233-1411px) for different user roles","advertisement.test.js","",""
"","13026","Check video block, footer banner, L vertical banner for regular user - Borderlands 4 in desktop at 1280x800 viewport size","advertisement-tests","2026-07-10","passed","2026-07-10","Verify ad blocks within the desktop viewport range (1233-1411px) for different user roles","advertisement.test.js","",""
"","12206","Check video block, footer banner, L vertical banner for unauthorized user - Endfield in desktop at 1280x800 viewport size","advertisement-tests","2026-07-10","passed","2026-07-10","Verify ad blocks within the desktop viewport range (1233-1411px) for different user roles","advertisement.test.js","",""
"","11087","Check video block & footer banner for regular user - STS 2 in desktop at 800x800 viewport size","advertisement-tests","2026-07-10","passed","2026-07-10","Verify video ad block & footer banner within the desktop viewport range (768-1023px) for different user roles","advertisement.test.js","",""
"","6444","Check video block, footer banner, L vertical banner for plus user - ZZZ in desktop at 1280x800 viewport size","advertisement-tests","2026-07-10","passed","2026-07-10","Verify ad blocks within the desktop viewport range (1233-1411px) for different user roles","advertisement.test.js","",""
"","9482","Check video block & footer banner for unauthorized user - 2XKO in desktop at 800x800 viewport size","advertisement-tests","2026-07-10","passed","2026-07-10","Verify video ad block & footer banner within the desktop viewport range (768-1023px) for different user roles","advertisement.test.js","",""
"","8512","Check video block & footer banner for ad free user - PoE 2 in desktop at 1100x800 viewport size","advertisement-tests","2026-07-10","passed","2026-07-10","Verify ad blocks within the desktop viewport range (1024-1232px) for different user roles","advertisement.test.js","",""
"","6250","Check video block, footer banner, L vertical banner, S vertical banner for unauthorized user - 2XKO in desktop at 1680x1050 viewport size","advertisement-tests","2026-07-10","passed","2026-07-10","Verify ad blocks within the desktop viewport range (>1412px) for different user roles","advertisement.test.js","",""
"","9461","Check ad blocks for plus user - The Bazaar in mobile at 360x780 viewport size","advertisement-tests","2026-07-10","passed","2026-07-10","Verify ad blocks within the mobile viewport range (320–575px) for different user roles","advertisement.test.js","",""
"","9897","Check video block & footer banner for ad free user - Nightreign in desktop at 1100x800 viewport size","advertisement-tests","2026-07-10","passed","2026-07-10","Verify ad blocks within the desktop viewport range (1024-1232px) for different user roles","advertisement.test.js","",""
"","8772","Check video block, footer banner, L vertical banner for regular user - LoL in desktop at 1280x800 viewport size","advertisement-tests","2026-07-10","passed","2026-07-10","Verify ad blocks within the desktop viewport range (1233-1411px) for different user roles","advertisement.test.js","",""
"","5678","Check video block, footer banner, L vertical banner, S vertical banner for unauthorized user - TFT in desktop at 1680x1050 viewport size","advertisement-tests","2026-07-10","passed","2026-07-10","Verify ad blocks within the desktop viewport range (>1412px) for different user roles","advertisement.test.js","",""
"","5218","Check advertisement blocks for ad free user - Nightreign in desktop at 640x1024 viewport size","advertisement-tests","2026-07-10","passed","2026-07-10","Verify ad blocks within the desktop viewport range (576-767px) for different user roles","advertisement.test.js","",""
"","6690","Check advertisement blocks for ad free user - Marvel Rivals in desktop at 640x1024 viewport size","advertisement-tests","2026-07-10","passed","2026-07-10","Verify ad blocks within the desktop viewport range (576-767px) for different user roles","advertisement.test.js","",""
"","9288","Check advertisement blocks for unauthorized user - ZZZ in desktop at 640x1024 viewport size","advertisement-tests","2026-07-10","passed","2026-07-10","Verify ad blocks within the desktop viewport range (576-767px) for different user roles","advertisement.test.js","",""
"","9494","Check advertisement blocks for ad free user - Borderlands 4 in desktop at 800x800 viewport size","advertisement-tests","2026-07-10","passed","2026-07-10","Verify video ad block & footer banner within the desktop viewport range (768-1023px) for different user roles","advertisement.test.js","",""
"","7761","Check video block, footer banner, L vertical banner for ad free user - Riftbound in desktop at 1280x800 viewport size","advertisement-tests","2026-07-10","passed","2026-07-10","Verify ad blocks within the desktop viewport range (1233-1411px) for different user roles","advertisement.test.js","",""
"","8959","Check ad blocks for regular user - LoL in mobile at 360x780 viewport size","advertisement-tests","2026-07-10","passed","2026-07-10","Verify ad blocks within the mobile viewport range (320–575px) for different user roles","advertisement.test.js","",""
"","4416","Check advertisement blocks for ad free user - Monster Hunter Wilds in desktop at 640x1024 viewport size","advertisement-tests","2026-07-10","passed","2026-07-10","Verify ad blocks within the desktop viewport range (576-767px) for different user roles","advertisement.test.js","",""
"","8283","Check video block & footer banner for unauthorized user - Riftbound in mobile at 360x780 viewport size","advertisement-tests","2026-07-10","passed","2026-07-10","Verify ad blocks within the mobile viewport range (320–575px) for different user roles","advertisement.test.js","",""
"","7575","Check video block, footer banner, L vertical banner, S vertical banner for unauthorized user - Nightreign in desktop at 1680x1050 viewport size","advertisement-tests","2026-07-10","passed","2026-07-10","Verify ad blocks within the desktop viewport range (>1412px) for different user roles","advertisement.test.js","",""
"","18429","Check video block & footer banner for regular user - Diablo 4 in desktop at 1100x800 viewport size","advertisement-tests","2026-07-10","passed","2026-07-10","Verify ad blocks within the desktop viewport range (1024-1232px) for different user roles","advertisement.test.js","",""
"","5238","Check advertisement blocks for plus user - Marvel Rivals in desktop at 800x800 viewport size","advertisement-tests","2026-07-10","passed","2026-07-10","Verify video ad block & footer banner within the desktop viewport range (768-1023px) for different user roles","advertisement.test.js","",""
"","11975","Check video block & footer banner for regular user - Hades 2 in desktop at 1100x800 viewport size","advertisement-tests","2026-07-10","passed","2026-07-10","Verify ad blocks within the desktop viewport range (1024-1232px) for different user roles","advertisement.test.js","",""
"","9210","Check advertisement blocks for plus user - PoE in desktop at 800x800 viewport size","advertisement-tests","2026-07-10","passed","2026-07-10","Verify video ad block & footer banner within the desktop viewport range (768-1023px) for different user roles","advertisement.test.js","",""
"","6739","Check ad blocks for plus user - Nightreign in mobile at 360x780 viewport size","advertisement-tests","2026-07-10","passed","2026-07-10","Verify ad blocks within the mobile viewport range (320–575px) for different user roles","advertisement.test.js","",""
"","8861","Check video block & footer banner for ad free user - Marvel Rivals in desktop at 1100x800 viewport size","advertisement-tests","2026-07-10","passed","2026-07-10","Verify ad blocks within the desktop viewport range (1024-1232px) for different user roles","advertisement.test.js","",""
"","4965","Check video block & footer banner for plus user - Hades 2 in desktop at 1100x800 viewport size","advertisement-tests","2026-07-10","passed","2026-07-10","Verify ad blocks within the desktop viewport range (1024-1232px) for different user roles","advertisement.test.js","",""
"","15058","Check ad blocks for regular user - Marathon in mobile at 360x780 viewport size","advertisement-tests","2026-07-10","passed","2026-07-10","Verify ad blocks within the mobile viewport range (320–575px) for different user roles","advertisement.test.js","",""
"","533","Check advertisement blocks for unauthorized user - Val in desktop at 640x1024 viewport size","advertisement-tests","2026-07-10","skipped","2026-07-10","Verify ad blocks within the desktop viewport range (576-767px) for different user roles","advertisement.test.js","",""
"","10366","Check video block & footer banner for unauthorized user - The Bazaar in desktop at 1100x800 viewport size","advertisement-tests","2026-07-10","passed","2026-07-10","Verify ad blocks within the desktop viewport range (1024-1232px) for different user roles","advertisement.test.js","",""
"","14362","Check video block & footer banner for regular user - Diablo 4 in desktop at 800x800 viewport size","advertisement-tests","2026-07-10","passed","2026-07-10","Verify video ad block & footer banner within the desktop viewport range (768-1023px) for different user roles","advertisement.test.js","",""
"","11193","Check video block & footer banner for unauthorized user - Diablo 4 in desktop at 800x800 viewport size","advertisement-tests","2026-07-10","passed","2026-07-10","Verify video ad block & footer banner within the desktop viewport range (768-1023px) for different user roles","advertisement.test.js","",""
"","13923","Check video block & footer banner for regular user - Endfield in desktop at 1100x800 viewport size","advertisement-tests","2026-07-10","passed","2026-07-10","Verify ad blocks within the desktop viewport range (1024-1232px) for different user roles","advertisement.test.js","",""
"","5861","Check video block & footer banner for ad free user - STS 2 in desktop at 1100x800 viewport size","advertisement-tests","2026-07-10","passed","2026-07-10","Verify ad blocks within the desktop viewport range (1024-1232px) for different user roles","advertisement.test.js","",""
"","28022","Check video block, footer banner, L vertical banner, S vertical banner for ad free user - TFT in desktop at 1680x1050 viewport size","advertisement-tests","2026-07-10","passed","2026-07-10","Verify ad blocks within the desktop viewport range (>1412px) for different user roles","advertisement.test.js","",""
"","7796","Check ad blocks for plus user - STS 2 in mobile at 360x780 viewport size","advertisement-tests","2026-07-10","passed","2026-07-10","Verify ad blocks within the mobile viewport range (320–575px) for different user roles","advertisement.test.js","",""
"","22637","Check video block, footer banner, L vertical banner, S vertical banner for ad free user - LoL in desktop at 1680x1050 viewport size","advertisement-tests","2026-07-10","passed","2026-07-10","Verify ad blocks within the desktop viewport range (>1412px) for different user roles","advertisement.test.js","",""
"","10468","Check advertisement blocks for plus user - Monster Hunter Wilds in desktop at 800x800 viewport size","advertisement-tests","2026-07-10","passed","2026-07-10","Verify video ad block & footer banner within the desktop viewport range (768-1023px) for different user roles","advertisement.test.js","",""
"","3337","Check video block, footer banner, L vertical banner for ad free user - Marathon in desktop at 1280x800 viewport size","advertisement-tests","2026-07-10","passed","2026-07-10","Verify ad blocks within the desktop viewport range (1233-1411px) for different user roles","advertisement.test.js","",""
"","14148","Check video block, footer banner, L vertical banner, S vertical banner for regular user - PoE 2 in desktop at 1680x1050 viewport size","advertisement-tests","2026-07-10","passed","2026-07-10","Verify ad blocks within the desktop viewport range (>1412px) for different user roles","advertisement.test.js","",""
"","9545","Check advertisement blocks for ad free user - PoE 2 in desktop at 800x800 viewport size","advertisement-tests","2026-07-10","passed","2026-07-10","Verify video ad block & footer banner within the desktop viewport range (768-1023px) for different user roles","advertisement.test.js","",""
"","9221","Check video block & footer banner for unauthorized user - PoE in desktop at 800x800 viewport size","advertisement-tests","2026-07-10","passed","2026-07-10","Verify video ad block & footer banner within the desktop viewport range (768-1023px) for different user roles","advertisement.test.js","",""
"","9474","Check video block, footer banner, L vertical banner for unauthorized user - The Bazaar in desktop at 1280x800 viewport size","advertisement-tests","2026-07-10","passed","2026-07-10","Verify ad blocks within the desktop viewport range (1233-1411px) for different user roles","advertisement.test.js","",""
"","8829","Check ad blocks for plus user - Deadlock in mobile at 360x780 viewport size","advertisement-tests","2026-07-10","passed","2026-07-10","Verify ad blocks within the mobile viewport range (320–575px) for different user roles","advertisement.test.js","",""
"","8767","Check advertisement blocks for plus user - The Bazaar in desktop at 640x1024 viewport size","advertisement-tests","2026-07-10","passed","2026-07-10","Verify ad blocks within the desktop viewport range (576-767px) for different user roles","advertisement.test.js","",""
"","11524","Check video block & footer banner for regular user - Nightreign in desktop at 800x800 viewport size","advertisement-tests","2026-07-10","passed","2026-07-10","Verify video ad block & footer banner within the desktop viewport range (768-1023px) for different user roles","advertisement.test.js","",""
"","6390","Check advertisement blocks for plus user - 2XKO in desktop at 640x1024 viewport size","advertisement-tests","2026-07-10","passed","2026-07-10","Verify ad blocks within the desktop viewport range (576-767px) for different user roles","advertisement.test.js","",""
"","10129","Check ad blocks for plus user - Hades 2 in mobile at 360x780 viewport size","advertisement-tests","2026-07-10","passed","2026-07-10","Verify ad blocks within the mobile viewport range (320–575px) for different user roles","advertisement.test.js","",""
"","10219","Check advertisement blocks for regular user - STS 2 in desktop at 640x1024 viewport size","advertisement-tests","2026-07-10","passed","2026-07-10","Verify ad blocks within the desktop viewport range (576-767px) for different user roles","advertisement.test.js","",""
"","6957","Check video block, footer banner, L vertical banner for unauthorized user - Borderlands 4 in desktop at 1280x800 viewport size","advertisement-tests","2026-07-10","passed","2026-07-10","Verify ad blocks within the desktop viewport range (1233-1411px) for different user roles","advertisement.test.js","",""
"","11713","Check video block & footer banner for unauthorized user - TFT in mobile at 360x780 viewport size","advertisement-tests","2026-07-10","passed","2026-07-10","Verify ad blocks within the mobile viewport range (320–575px) for different user roles","advertisement.test.js","",""
"","8387","Check ad blocks for ad free user - Marathon in mobile at 360x780 viewport size","advertisement-tests","2026-07-10","passed","2026-07-10","Verify ad blocks within the mobile viewport range (320–575px) for different user roles","advertisement.test.js","",""
"","16699","Check video block, footer banner, L vertical banner, S vertical banner for regular user - Marathon in desktop at 1680x1050 viewport size","advertisement-tests","2026-07-10","passed","2026-07-10","Verify ad blocks within the desktop viewport range (>1412px) for different user roles","advertisement.test.js","",""
"","9631","Check video block, footer banner, L vertical banner for unauthorized user - PoE 2 in desktop at 1280x800 viewport size","advertisement-tests","2026-07-10","passed","2026-07-10","Verify ad blocks within the desktop viewport range (1233-1411px) for different user roles","advertisement.test.js","",""
"","8232","Check video block, footer banner, L vertical banner for unauthorized user - Marvel Rivals in desktop at 1280x800 viewport size","advertisement-tests","2026-07-10","passed","2026-07-10","Verify ad blocks within the desktop viewport range (1233-1411px) for different user roles","advertisement.test.js","",""
"","6501","Check advertisement blocks for plus user - Marvel Rivals in desktop at 640x1024 viewport size","advertisement-tests","2026-07-10","passed","2026-07-10","Verify ad blocks within the desktop viewport range (576-767px) for different user roles","advertisement.test.js","",""
"","16988","Check video block & footer banner for regular user - TFT in desktop at 800x800 viewport size","advertisement-tests","2026-07-10","passed","2026-07-10","Verify video ad block & footer banner within the desktop viewport range (768-1023px) for different user roles","advertisement.test.js","",""
"","15168","Check ad blocks for regular user - PoE 2 in mobile at 360x780 viewport size","advertisement-tests","2026-07-10","passed","2026-07-10","Verify ad blocks within the mobile viewport range (320–575px) for different user roles","advertisement.test.js","",""
"","5114","Check advertisement blocks for plus user - Nightreign in desktop at 640x1024 viewport size","advertisement-tests","2026-07-10","passed","2026-07-10","Verify ad blocks within the desktop viewport range (576-767px) for different user roles","advertisement.test.js","",""
"","6241","Check ad blocks for ad free user - PoE 2 in mobile at 360x780 viewport size","advertisement-tests","2026-07-10","passed","2026-07-10","Verify ad blocks within the mobile viewport range (320–575px) for different user roles","advertisement.test.js","",""
"","7425","Check video block & footer banner for ad free user - PoE in desktop at 1100x800 viewport size","advertisement-tests","2026-07-10","passed","2026-07-10","Verify ad blocks within the desktop viewport range (1024-1232px) for different user roles","advertisement.test.js","",""
"","8130","Check video block & footer banner for plus user - Marathon in desktop at 1100x800 viewport size","advertisement-tests","2026-07-10","passed","2026-07-10","Verify ad blocks within the desktop viewport range (1024-1232px) for different user roles","advertisement.test.js","",""
"","5804","Check video block & footer banner for plus user - Marvel Rivals in desktop at 1100x800 viewport size","advertisement-tests","2026-07-10","passed","2026-07-10","Verify ad blocks within the desktop viewport range (1024-1232px) for different user roles","advertisement.test.js","",""
"","9484","Check video block & footer banner for unauthorized user - Overwatch in desktop at 800x800 viewport size","advertisement-tests","2026-07-10","passed","2026-07-10","Verify video ad block & footer banner within the desktop viewport range (768-1023px) for different user roles","advertisement.test.js","",""
"","2659","Check video block, footer banner, L vertical banner for plus user - Endfield in desktop at 1280x800 viewport size","advertisement-tests","2026-07-10","passed","2026-07-10","Verify ad blocks within the desktop viewport range (1233-1411px) for different user roles","advertisement.test.js","",""
"","11528","Check advertisement blocks for regular user - Diablo 4 in desktop at 640x1024 viewport size","advertisement-tests","2026-07-10","passed","2026-07-10","Verify ad blocks within the desktop viewport range (576-767px) for different user roles","advertisement.test.js","",""
"","10740","Check video block & footer banner for unauthorized user - Overwatch in mobile at 360x780 viewport size","advertisement-tests","2026-07-10","passed","2026-07-10","Verify ad blocks within the mobile viewport range (320–575px) for different user roles","advertisement.test.js","",""
"","11007","Check video block, footer banner, L vertical banner for plus user - Hades 2 in desktop at 1280x800 viewport size","advertisement-tests","2026-07-10","passed","2026-07-10","Verify ad blocks within the desktop viewport range (1233-1411px) for different user roles","advertisement.test.js","",""
"","9846","Check video block, footer banner, L vertical banner, S vertical banner for plus user - 2XKO in desktop at 1680x1050 viewport size","advertisement-tests","2026-07-10","passed","2026-07-10","Verify ad blocks within the desktop viewport range (>1412px) for different user roles","advertisement.test.js","",""
"","8878","Check video block & footer banner for plus user - Overwatch in desktop at 1100x800 viewport size","advertisement-tests","2026-07-10","passed","2026-07-10","Verify ad blocks within the desktop viewport range (1024-1232px) for different user roles","advertisement.test.js","",""
"","9858","Check video block, footer banner, L vertical banner, S vertical banner for plus user - Riftbound in desktop at 1680x1050 viewport size","advertisement-tests","2026-07-10","passed","2026-07-10","Verify ad blocks within the desktop viewport range (>1412px) for different user roles","advertisement.test.js","",""
"","11923","Check video block & footer banner for unauthorized user - Monster Hunter Wilds in mobile at 360x780 viewport size","advertisement-tests","2026-07-10","passed","2026-07-10","Verify ad blocks within the mobile viewport range (320–575px) for different user roles","advertisement.test.js","",""
"","8112","Check advertisement blocks for ad free user - Marvel Rivals in desktop at 800x800 viewport size","advertisement-tests","2026-07-10","passed","2026-07-10","Verify video ad block & footer banner within the desktop viewport range (768-1023px) for different user roles","advertisement.test.js","",""
"","8720","Check ad blocks for ad free user - PoE in mobile at 360x780 viewport size","advertisement-tests","2026-07-10","passed","2026-07-10","Verify ad blocks within the mobile viewport range (320–575px) for different user roles","advertisement.test.js","",""
"","12258","Check video block, footer banner, L vertical banner for regular user - Marvel Rivals in desktop at 1280x800 viewport size","advertisement-tests","2026-07-10","passed","2026-07-10","Verify ad blocks within the desktop viewport range (1233-1411px) for different user roles","advertisement.test.js","",""
"","9181","Check ad blocks for ad free user - STS 2 in mobile at 360x780 viewport size","advertisement-tests","2026-07-10","passed","2026-07-10","Verify ad blocks within the mobile viewport range (320–575px) for different user roles","advertisement.test.js","",""
"","8017","Check video block, footer banner, L vertical banner for unauthorized user - Monster Hunter Wilds in desktop at 1280x800 viewport size","advertisement-tests","2026-07-10","passed","2026-07-10","Verify ad blocks within the desktop viewport range (1233-1411px) for different user roles","advertisement.test.js","",""
"","6850","Check ad blocks for plus user - Marathon in mobile at 360x780 viewport size","advertisement-tests","2026-07-10","passed","2026-07-10","Verify ad blocks within the mobile viewport range (320–575px) for different user roles","advertisement.test.js","",""
"","13922","Check ad blocks for regular user - Monster Hunter Wilds in mobile at 360x780 viewport size","advertisement-tests","2026-07-10","passed","2026-07-10","Verify ad blocks within the mobile viewport range (320–575px) for different user roles","advertisement.test.js","",""
"","5876","Check video block & footer banner for plus user - PoE 2 in desktop at 1100x800 viewport size","advertisement-tests","2026-07-10","passed","2026-07-10","Verify ad blocks within the desktop viewport range (1024-1232px) for different user roles","advertisement.test.js","",""
"","8246","Check ad blocks for plus user - ZZZ in mobile at 360x780 viewport size","advertisement-tests","2026-07-10","passed","2026-07-10","Verify ad blocks within the mobile viewport range (320–575px) for different user roles","advertisement.test.js","",""
"","8715","Check advertisement blocks for ad free user - ZZZ in desktop at 800x800 viewport size","advertisement-tests","2026-07-10","passed","2026-07-10","Verify video ad block & footer banner within the desktop viewport range (768-1023px) for different user roles","advertisement.test.js","",""
"","10191","Check video block, footer banner, L vertical banner, S vertical banner for plus user - Diablo 4 in desktop at 1680x1050 viewport size","advertisement-tests","2026-07-10","passed","2026-07-10","Verify ad blocks within the desktop viewport range (>1412px) for different user roles","advertisement.test.js","",""
"","16101","Check video block, footer banner, L vertical banner, S vertical banner for ad free user - Marvel Rivals in desktop at 1680x1050 viewport size","advertisement-tests","2026-07-10","passed","2026-07-10","Verify ad blocks within the desktop viewport range (>1412px) for different user roles","advertisement.test.js","",""
"","11472","Check video block, footer banner, L vertical banner for plus user - Overwatch in desktop at 1280x800 viewport size","advertisement-tests","2026-07-10","passed","2026-07-10","Verify ad blocks within the desktop viewport range (1233-1411px) for different user roles","advertisement.test.js","",""
"","13391","Check video block, footer banner, L vertical banner for regular user - ZZZ in desktop at 1280x800 viewport size","advertisement-tests","2026-07-10","passed","2026-07-10","Verify ad blocks within the desktop viewport range (1233-1411px) for different user roles","advertisement.test.js","",""
"","12964","Check video block, footer banner, L vertical banner, S vertical banner for ad free user - PoE in desktop at 1680x1050 viewport size","advertisement-tests","2026-07-10","passed","2026-07-10","Verify ad blocks within the desktop viewport range (>1412px) for different user roles","advertisement.test.js","",""
"","818","setup add free user","user-roles-setup","2026-07-10","passed","2026-07-10","","setup/userRoles.setup.test.js","",""
"","8642","Check video block, footer banner, L vertical banner for ad free user - Val in desktop at 1280x800 viewport size","advertisement-tests","2026-07-10","passed","2026-07-10","Verify ad blocks within the desktop viewport range (1233-1411px) for different user roles","advertisement.test.js","",""
"","7167","Check video block & footer banner for plus user - LoL in desktop at 1100x800 viewport size","advertisement-tests","2026-07-10","passed","2026-07-10","Verify ad blocks within the desktop viewport range (1024-1232px) for different user roles","advertisement.test.js","",""
"","6707","Check ad blocks for plus user - Diablo 4 in mobile at 360x780 viewport size","advertisement-tests","2026-07-10","passed","2026-07-10","Verify ad blocks within the mobile viewport range (320–575px) for different user roles","advertisement.test.js","",""
"","11206","Check video block & footer banner for regular user - Val in desktop at 1100x800 viewport size","advertisement-tests","2026-07-10","passed","2026-07-10","Verify ad blocks within the desktop viewport range (1024-1232px) for different user roles","advertisement.test.js","",""
"","7353","Check advertisement blocks for unauthorized user - Marathon in desktop at 640x1024 viewport size","advertisement-tests","2026-07-10","passed","2026-07-10","Verify ad blocks within the desktop viewport range (576-767px) for different user roles","advertisement.test.js","",""
"","8274","Check advertisement blocks for plus user - PoE in desktop at 640x1024 viewport size","advertisement-tests","2026-07-10","passed","2026-07-10","Verify ad blocks within the desktop viewport range (576-767px) for different user roles","advertisement.test.js","",""
"","11642","Check advertisement blocks for ad free user - LoL in desktop at 800x800 viewport size","advertisement-tests","2026-07-10","passed","2026-07-10","Verify video ad block & footer banner within the desktop viewport range (768-1023px) for different user roles","advertisement.test.js","",""
"","10852","Check advertisement blocks for ad free user - Overwatch in desktop at 800x800 viewport size","advertisement-tests","2026-07-10","passed","2026-07-10","Verify video ad block & footer banner within the desktop viewport range (768-1023px) for different user roles","advertisement.test.js","",""
"","11691","Check video block & footer banner for regular user - Marathon in desktop at 1100x800 viewport size","advertisement-tests","2026-07-10","passed","2026-07-10","Verify ad blocks within the desktop viewport range (1024-1232px) for different user roles","advertisement.test.js","",""
"","9649","Check advertisement blocks for plus user - Marathon in desktop at 800x800 viewport size","advertisement-tests","2026-07-10","passed","2026-07-10","Verify video ad block & footer banner within the desktop viewport range (768-1023px) for different user roles","advertisement.test.js","",""
"","9298","Check advertisement blocks for unauthorized user - PoE in desktop at 640x1024 viewport size","advertisement-tests","2026-07-10","passed","2026-07-10","Verify ad blocks within the desktop viewport range (576-767px) for different user roles","advertisement.test.js","",""
"","11263","Check video block, footer banner, L vertical banner, S vertical banner for ad free user - Hades 2 in desktop at 1680x1050 viewport size","advertisement-tests","2026-07-10","passed","2026-07-10","Verify ad blocks within the desktop viewport range (>1412px) for different user roles","advertisement.test.js","",""
"","10435","Check video block, footer banner, L vertical banner for unauthorized user - Overwatch in desktop at 1280x800 viewport size","advertisement-tests","2026-07-10","passed","2026-07-10","Verify ad blocks within the desktop viewport range (1233-1411px) for different user roles","advertisement.test.js","",""
"","6128","Check video block, footer banner, L vertical banner, S vertical banner for unauthorized user - Val in desktop at 1680x1050 viewport size","advertisement-tests","2026-07-10","passed","2026-07-10","Verify ad blocks within the desktop viewport range (>1412px) for different user roles","advertisement.test.js","",""
"","2385","Check video block, footer banner, L vertical banner for ad free user - Monster Hunter Wilds in desktop at 1280x800 viewport size","advertisement-tests","2026-07-10","passed","2026-07-10","Verify ad blocks within the desktop viewport range (1233-1411px) for different user roles","advertisement.test.js","",""
"","2411","Check video block, footer banner, L vertical banner for plus user - PoE 2 in desktop at 1280x800 viewport size","advertisement-tests","2026-07-10","passed","2026-07-10","Verify ad blocks within the desktop viewport range (1233-1411px) for different user roles","advertisement.test.js","",""
"","9748","Check video block & footer banner for unauthorized user - Marathon in mobile at 360x780 viewport size","advertisement-tests","2026-07-10","passed","2026-07-10","Verify ad blocks within the mobile viewport range (320–575px) for different user roles","advertisement.test.js","",""
"","9022","Check advertisement blocks for ad free user - STS 2 in desktop at 800x800 viewport size","advertisement-tests","2026-07-10","passed","2026-07-10","Verify video ad block & footer banner within the desktop viewport range (768-1023px) for different user roles","advertisement.test.js","",""
"","11077","Check video block & footer banner for unauthorized user - Deadlock in desktop at 800x800 viewport size","advertisement-tests","2026-07-10","passed","2026-07-10","Verify video ad block & footer banner within the desktop viewport range (768-1023px) for different user roles","advertisement.test.js","",""
"","13334","Check video block, footer banner, L vertical banner, S vertical banner for ad free user - Marathon in desktop at 1680x1050 viewport size","advertisement-tests","2026-07-10","passed","2026-07-10","Verify ad blocks within the desktop viewport range (>1412px) for different user roles","advertisement.test.js","",""
"","10503","Check advertisement blocks for regular user - Marvel Rivals in desktop at 640x1024 viewport size","advertisement-tests","2026-07-10","passed","2026-07-10","Verify ad blocks within the desktop viewport range (576-767px) for different user roles","advertisement.test.js","",""
"","9397","Check video block & footer banner for ad free user - Overwatch in desktop at 1100x800 viewport size","advertisement-tests","2026-07-10","passed","2026-07-10","Verify ad blocks within the desktop viewport range (1024-1232px) for different user roles","advertisement.test.js","",""
"","10171","Check advertisement blocks for unauthorized user - Hades 2 in desktop at 640x1024 viewport size","advertisement-tests","2026-07-10","passed","2026-07-10","Verify ad blocks within the desktop viewport range (576-767px) for different user roles","advertisement.test.js","",""
"","3520","Check advertisement blocks for ad free user - Val in desktop at 640x1024 viewport size","advertisement-tests","2026-07-10","passed","2026-07-10","Verify ad blocks within the desktop viewport range (576-767px) for different user roles","advertisement.test.js","",""
"","8604","Check video block & footer banner for unauthorized user - Marvel Rivals in desktop at 800x800 viewport size","advertisement-tests","2026-07-10","passed","2026-07-10","Verify video ad block & footer banner within the desktop viewport range (768-1023px) for different user roles","advertisement.test.js","",""
"","8278","Check advertisement blocks for plus user - Monster Hunter Wilds in desktop at 640x1024 viewport size","advertisement-tests","2026-07-10","passed","2026-07-10","Verify ad blocks within the desktop viewport range (576-767px) for different user roles","advertisement.test.js","",""
"","11715","Check video block & footer banner for unauthorized user - Diablo 4 in mobile at 360x780 viewport size","advertisement-tests","2026-07-10","passed","2026-07-10","Verify ad blocks within the mobile viewport range (320–575px) for different user roles","advertisement.test.js","",""
"","6622","Check video block, footer banner, L vertical banner, S vertical banner for plus user - TFT in desktop at 1680x1050 viewport size","advertisement-tests","2026-07-10","passed","2026-07-10","Verify ad blocks within the desktop viewport range (>1412px) for different user roles","advertisement.test.js","",""
"","9282","Check ad blocks for plus user - Riftbound in mobile at 360x780 viewport size","advertisement-tests","2026-07-10","passed","2026-07-10","Verify ad blocks within the mobile viewport range (320–575px) for different user roles","advertisement.test.js","",""
"","11730","Check video block, footer banner, L vertical banner for unauthorized user - Diablo 4 in desktop at 1280x800 viewport size","advertisement-tests","2026-07-10","passed","2026-07-10","Verify ad blocks within the desktop viewport range (1233-1411px) for different user roles","advertisement.test.js","",""
"","11504","Check video block & footer banner for regular user - The Bazaar in desktop at 800x800 viewport size","advertisement-tests","2026-07-10","passed","2026-07-10","Verify video ad block & footer banner within the desktop viewport range (768-1023px) for different user roles","advertisement.test.js","",""
"","7000","Check video block & footer banner for plus user - PoE in desktop at 1100x800 viewport size","advertisement-tests","2026-07-10","passed","2026-07-10","Verify ad blocks within the desktop viewport range (1024-1232px) for different user roles","advertisement.test.js","",""
"","10348","Check video block, footer banner, L vertical banner, S vertical banner for ad free user - Endfield in desktop at 1680x1050 viewport size","advertisement-tests","2026-07-10","passed","2026-07-10","Verify ad blocks within the desktop viewport range (>1412px) for different user roles","advertisement.test.js","",""
"","8645","Check video block & footer banner for ad free user - Diablo 4 in desktop at 1100x800 viewport size","advertisement-tests","2026-07-10","passed","2026-07-10","Verify ad blocks within the desktop viewport range (1024-1232px) for different user roles","advertisement.test.js","",""
"","12734","Check video block & footer banner for unauthorized user - TFT in desktop at 1100x800 viewport size","advertisement-tests","2026-07-10","passed","2026-07-10","Verify ad blocks within the desktop viewport range (1024-1232px) for different user roles","advertisement.test.js","",""
"","12827","Check video block & footer banner for regular user - Overwatch in desktop at 800x800 viewport size","advertisement-tests","2026-07-10","passed","2026-07-10","Verify video ad block & footer banner within the desktop viewport range (768-1023px) for different user roles","advertisement.test.js","",""
"","9560","Check video block & footer banner for unauthorized user - Borderlands 4 in mobile at 360x780 viewport size","advertisement-tests","2026-07-10","passed","2026-07-10","Verify ad blocks within the mobile viewport range (320–575px) for different user roles","advertisement.test.js","",""
"","8250","Check video block & footer banner for unauthorized user - ZZZ in desktop at 800x800 viewport size","advertisement-tests","2026-07-10","passed","2026-07-10","Verify video ad block & footer banner within the desktop viewport range (768-1023px) for different user roles","advertisement.test.js","",""
"","12744","Check video block & footer banner for unauthorized user - Overwatch in desktop at 1100x800 viewport size","advertisement-tests","2026-07-10","passed","2026-07-10","Verify ad blocks within the desktop viewport range (1024-1232px) for different user roles","advertisement.test.js","",""
"","10484","Check video block & footer banner for regular user - Deadlock in desktop at 1100x800 viewport size","advertisement-tests","2026-07-10","passed","2026-07-10","Verify ad blocks within the desktop viewport range (1024-1232px) for different user roles","advertisement.test.js","",""
"","10843","Check video block, footer banner, L vertical banner, S vertical banner for unauthorized user - ZZZ in desktop at 1680x1050 viewport size","advertisement-tests","2026-07-10","passed","2026-07-10","Verify ad blocks within the desktop viewport range (>1412px) for different user roles","advertisement.test.js","",""
"","8809","Check video block, footer banner, L vertical banner for plus user - Diablo 4 in desktop at 1280x800 viewport size","advertisement-tests","2026-07-10","passed","2026-07-10","Verify ad blocks within the desktop viewport range (1233-1411px) for different user roles","advertisement.test.js","",""
"","17043","Check ad blocks for regular user - Hades 2 in mobile at 360x780 viewport size","advertisement-tests","2026-07-10","passed","2026-07-10","Verify ad blocks within the mobile viewport range (320–575px) for different user roles","advertisement.test.js","",""
"","8354","Check advertisement blocks for plus user - Endfield in desktop at 640x1024 viewport size","advertisement-tests","2026-07-10","passed","2026-07-10","Verify ad blocks within the desktop viewport range (576-767px) for different user roles","advertisement.test.js","",""
"","7888","Check video block, footer banner, L vertical banner for unauthorized user - 2XKO in desktop at 1280x800 viewport size","advertisement-tests","2026-07-10","passed","2026-07-10","Verify ad blocks within the desktop viewport range (1233-1411px) for different user roles","advertisement.test.js","",""
"","10775","Check ad blocks for ad free user - Riftbound in mobile at 360x780 viewport size","advertisement-tests","2026-07-10","passed","2026-07-10","Verify ad blocks within the mobile viewport range (320–575px) for different user roles","advertisement.test.js","",""
"","9737","Check video block, footer banner, L vertical banner, S vertical banner for plus user - Overwatch in desktop at 1680x1050 viewport size","advertisement-tests","2026-07-10","passed","2026-07-10","Verify ad blocks within the desktop viewport range (>1412px) for different user roles","advertisement.test.js","",""
"","12128","Check video block, footer banner, L vertical banner for regular user - STS 2 in desktop at 1280x800 viewport size","advertisement-tests","2026-07-10","passed","2026-07-10","Verify ad blocks within the desktop viewport range (1233-1411px) for different user roles","advertisement.test.js","",""
"","12214","Check advertisement blocks for plus user - Diablo 4 in desktop at 800x800 viewport size","advertisement-tests","2026-07-10","passed","2026-07-10","Verify video ad block & footer banner within the desktop viewport range (768-1023px) for different user roles","advertisement.test.js","",""
"","6383","Check video block, footer banner, L vertical banner for ad free user - Deadlock in desktop at 1280x800 viewport size","advertisement-tests","2026-07-10","passed","2026-07-10","Verify ad blocks within the desktop viewport range (1233-1411px) for different user roles","advertisement.test.js","",""
"","8462","Check advertisement blocks for plus user - Borderlands 4 in desktop at 800x800 viewport size","advertisement-tests","2026-07-10","passed","2026-07-10","Verify video ad block & footer banner within the desktop viewport range (768-1023px) for different user roles","advertisement.test.js","",""
"","12777","Check video block & footer banner for unauthorized user - Diablo 4 in desktop at 1100x800 viewport size","advertisement-tests","2026-07-10","passed","2026-07-10","Verify ad blocks within the desktop viewport range (1024-1232px) for different user roles","advertisement.test.js","",""
"","8899","Check advertisement blocks for plus user - 2XKO in desktop at 800x800 viewport size","advertisement-tests","2026-07-10","passed","2026-07-10","Verify video ad block & footer banner within the desktop viewport range (768-1023px) for different user roles","advertisement.test.js","",""
"","10525","Check video block & footer banner for unauthorized user - LoL in desktop at 1100x800 viewport size","advertisement-tests","2026-07-10","passed","2026-07-10","Verify ad blocks within the desktop viewport range (1024-1232px) for different user roles","advertisement.test.js","",""
"","16279","Check ad blocks for regular user - Marvel Rivals in mobile at 360x780 viewport size","advertisement-tests","2026-07-10","passed","2026-07-10","Verify ad blocks within the mobile viewport range (320–575px) for different user roles","advertisement.test.js","",""
"","4492","Check video block, footer banner, L vertical banner for plus user - 2XKO in desktop at 1280x800 viewport size","advertisement-tests","2026-07-10","passed","2026-07-10","Verify ad blocks within the desktop viewport range (1233-1411px) for different user roles","advertisement.test.js","",""
"","12389","Check video block & footer banner for regular user - Marvel Rivals in desktop at 1100x800 viewport size","advertisement-tests","2026-07-10","passed","2026-07-10","Verify ad blocks within the desktop viewport range (1024-1232px) for different user roles","advertisement.test.js","",""
"","10484","Check video block & footer banner for unauthorized user - ZZZ in desktop at 1100x800 viewport size","advertisement-tests","2026-07-10","passed","2026-07-10","Verify ad blocks within the desktop viewport range (1024-1232px) for different user roles","advertisement.test.js","",""
"","10241","Check advertisement blocks for unauthorized user - TFT in desktop at 640x1024 viewport size","advertisement-tests","2026-07-10","passed","2026-07-10","Verify ad blocks within the desktop viewport range (576-767px) for different user roles","advertisement.test.js","",""
"","8367","Check advertisement blocks for unauthorized user - 2XKO in desktop at 640x1024 viewport size","advertisement-tests","2026-07-10","passed","2026-07-10","Verify ad blocks within the desktop viewport range (576-767px) for different user roles","advertisement.test.js","",""
"","13395","Check video block, footer banner, L vertical banner, S vertical banner for ad free user - The Bazaar in desktop at 1680x1050 viewport size","advertisement-tests","2026-07-10","passed","2026-07-10","Verify ad blocks within the desktop viewport range (>1412px) for different user roles","advertisement.test.js","",""
"","16548","Check ad blocks for regular user - TFT in mobile at 360x780 viewport size","advertisement-tests","2026-07-10","passed","2026-07-10","Verify ad blocks within the mobile viewport range (320–575px) for different user roles","advertisement.test.js","",""
"","9596","Check advertisement blocks for plus user - PoE 2 in desktop at 800x800 viewport size","advertisement-tests","2026-07-10","passed","2026-07-10","Verify video ad block & footer banner within the desktop viewport range (768-1023px) for different user roles","advertisement.test.js","",""
"","9103","Check advertisement blocks for unauthorized user - Borderlands 4 in desktop at 640x1024 viewport size","advertisement-tests","2026-07-10","passed","2026-07-10","Verify ad blocks within the desktop viewport range (576-767px) for different user roles","advertisement.test.js","",""
"","11468","Check advertisement blocks for regular user - PoE 2 in desktop at 640x1024 viewport size","advertisement-tests","2026-07-10","passed","2026-07-10","Verify ad blocks within the desktop viewport range (576-767px) for different user roles","advertisement.test.js","",""
"","18807","Check video block, footer banner, L vertical banner, S vertical banner for regular user - Overwatch in desktop at 1680x1050 viewport size","advertisement-tests","2026-07-10","passed","2026-07-10","Verify ad blocks within the desktop viewport range (>1412px) for different user roles","advertisement.test.js","",""
"","9413","Check video block, footer banner, L vertical banner, S vertical banner for unauthorized user - Deadlock in desktop at 1680x1050 viewport size","advertisement-tests","2026-07-10","passed","2026-07-10","Verify ad blocks within the desktop viewport range (>1412px) for different user roles","advertisement.test.js","",""
"","7553","Check advertisement blocks for plus user - Riftbound in desktop at 800x800 viewport size","advertisement-tests","2026-07-10","passed","2026-07-10","Verify video ad block & footer banner within the desktop viewport range (768-1023px) for different user roles","advertisement.test.js","",""
"","11332","Check advertisement blocks for regular user - Hades 2 in desktop at 640x1024 viewport size","advertisement-tests","2026-07-10","passed","2026-07-10","Verify ad blocks within the desktop viewport range (576-767px) for different user roles","advertisement.test.js","",""
"","8275","Check ad blocks for ad free user - 2XKO in mobile at 360x780 viewport size","advertisement-tests","2026-07-10","passed","2026-07-10","Verify ad blocks within the mobile viewport range (320–575px) for different user roles","advertisement.test.js","",""
"","11144","Check video block, footer banner, L vertical banner for regular user - Marathon in desktop at 1280x800 viewport size","advertisement-tests","2026-07-10","passed","2026-07-10","Verify ad blocks within the desktop viewport range (1233-1411px) for different user roles","advertisement.test.js","",""
"","12278","Check video block, footer banner, L vertical banner for regular user - Nightreign in desktop at 1280x800 viewport size","advertisement-tests","2026-07-10","passed","2026-07-10","Verify ad blocks within the desktop viewport range (1233-1411px) for different user roles","advertisement.test.js","",""
"","7745","Check video block, footer banner, L vertical banner for regular user - Val in desktop at 1280x800 viewport size","advertisement-tests","2026-07-10","passed","2026-07-10","Verify ad blocks within the desktop viewport range (1233-1411px) for different user roles","advertisement.test.js","",""
"","13648","Check video block, footer banner, L vertical banner, S vertical banner for regular user - The Bazaar in desktop at 1680x1050 viewport size","advertisement-tests","2026-07-10","passed","2026-07-10","Verify ad blocks within the desktop viewport range (>1412px) for different user roles","advertisement.test.js","",""
"","9281","Check ad blocks for plus user - Marvel Rivals in mobile at 360x780 viewport size","advertisement-tests","2026-07-10","passed","2026-07-10","Verify ad blocks within the mobile viewport range (320–575px) for different user roles","advertisement.test.js","",""
"","5967","Check advertisement blocks for regular user - Val in desktop at 640x1024 viewport size","advertisement-tests","2026-07-10","passed","2026-07-10","Verify ad blocks within the desktop viewport range (576-767px) for different user roles","advertisement.test.js","",""
"","5195","Check video block, footer banner, L vertical banner, S vertical banner for plus user - STS 2 in desktop at 1680x1050 viewport size","advertisement-tests","2026-07-10","passed","2026-07-10","Verify ad blocks within the desktop viewport range (>1412px) for different user roles","advertisement.test.js","",""
"","14594","Check video block, footer banner, L vertical banner for regular user - Diablo 4 in desktop at 1280x800 viewport size","advertisement-tests","2026-07-10","passed","2026-07-10","Verify ad blocks within the desktop viewport range (1233-1411px) for different user roles","advertisement.test.js","",""
"","7808","Check advertisement blocks for ad free user - Val in desktop at 800x800 viewport size","advertisement-tests","2026-07-10","passed","2026-07-10","Verify video ad block & footer banner within the desktop viewport range (768-1023px) for different user roles","advertisement.test.js","",""
"","6613","Check advertisement blocks for plus user - Riftbound in desktop at 640x1024 viewport size","advertisement-tests","2026-07-10","passed","2026-07-10","Verify ad blocks within the desktop viewport range (576-767px) for different user roles","advertisement.test.js","",""
"","10584","Check video block & footer banner for unauthorized user - Hades 2 in desktop at 800x800 viewport size","advertisement-tests","2026-07-10","passed","2026-07-10","Verify video ad block & footer banner within the desktop viewport range (768-1023px) for different user roles","advertisement.test.js","",""
"","7266","Check video block & footer banner for ad free user - Monster Hunter Wilds in desktop at 1100x800 viewport size","advertisement-tests","2026-07-10","passed","2026-07-10","Verify ad blocks within the desktop viewport range (1024-1232px) for different user roles","advertisement.test.js","",""
"","5143","Check video block, footer banner, L vertical banner for plus user - LoL in desktop at 1280x800 viewport size","advertisement-tests","2026-07-10","passed","2026-07-10","Verify ad blocks within the desktop viewport range (1233-1411px) for different user roles","advertisement.test.js","",""
"","9360","Check video block, footer banner, L vertical banner, S vertical banner for plus user - PoE 2 in desktop at 1680x1050 viewport size","advertisement-tests","2026-07-10","passed","2026-07-10","Verify ad blocks within the desktop viewport range (>1412px) for different user roles","advertisement.test.js","",""
"","8193","Check advertisement blocks for ad free user - Marathon in desktop at 800x800 viewport size","advertisement-tests","2026-07-10","passed","2026-07-10","Verify video ad block & footer banner within the desktop viewport range (768-1023px) for different user roles","advertisement.test.js","",""
"","11648","Check video block & footer banner for regular user - Endfield in desktop at 800x800 viewport size","advertisement-tests","2026-07-10","passed","2026-07-10","Verify video ad block & footer banner within the desktop viewport range (768-1023px) for different user roles","advertisement.test.js","",""
"","22494","Check video block & footer banner for ad free user - ZZZ in desktop at 1100x800 viewport size","advertisement-tests","2026-07-10","failed","2026-07-10","Verify ad blocks within the desktop viewport range (1024-1232px) for different user roles","advertisement.test.js","",""
"","7426","Check video block, footer banner, L vertical banner, S vertical banner for unauthorized user - STS 2 in desktop at 1680x1050 viewport size","advertisement-tests","2026-07-10","passed","2026-07-10","Verify ad blocks within the desktop viewport range (>1412px) for different user roles","advertisement.test.js","",""
"","8495","Check advertisement blocks for plus user - Marathon in desktop at 640x1024 viewport size","advertisement-tests","2026-07-10","passed","2026-07-10","Verify ad blocks within the desktop viewport range (576-767px) for different user roles","advertisement.test.js","",""
"","10591","Check advertisement blocks for plus user - Nightreign in desktop at 800x800 viewport size","advertisement-tests","2026-07-10","passed","2026-07-10","Verify video ad block & footer banner within the desktop viewport range (768-1023px) for different user roles","advertisement.test.js","",""
"","15126","Check video block, footer banner, L vertical banner, S vertical banner for ad free user - Val in desktop at 1680x1050 viewport size","advertisement-tests","2026-07-10","passed","2026-07-10","Verify ad blocks within the desktop viewport range (>1412px) for different user roles","advertisement.test.js","",""
"","11023","Check advertisement blocks for regular user - Monster Hunter Wilds in desktop at 640x1024 viewport size","advertisement-tests","2026-07-10","passed","2026-07-10","Verify ad blocks within the desktop viewport range (576-767px) for different user roles","advertisement.test.js","",""
"","7691","Check video block, footer banner, L vertical banner, S vertical banner for unauthorized user - Marvel Rivals in desktop at 1680x1050 viewport size","advertisement-tests","2026-07-10","passed","2026-07-10","Verify ad blocks within the desktop viewport range (>1412px) for different user roles","advertisement.test.js","",""
"","10333","Check video block & footer banner for unauthorized user - Hades 2 in mobile at 360x780 viewport size","advertisement-tests","2026-07-10","passed","2026-07-10","Verify ad blocks within the mobile viewport range (320–575px) for different user roles","advertisement.test.js","",""
"","18450","Check ad blocks for regular user - The Bazaar in mobile at 360x780 viewport size","advertisement-tests","2026-07-10","passed","2026-07-10","Verify ad blocks within the mobile viewport range (320–575px) for different user roles","advertisement.test.js","",""
"","7123","Check video block & footer banner for ad free user - Endfield in desktop at 1100x800 viewport size","advertisement-tests","2026-07-10","passed","2026-07-10","Verify ad blocks within the desktop viewport range (1024-1232px) for different user roles","advertisement.test.js","",""
"","13694","Check video block, footer banner, L vertical banner, S vertical banner for regular user - Hades 2 in desktop at 1680x1050 viewport size","advertisement-tests","2026-07-10","passed","2026-07-10","Verify ad blocks within the desktop viewport range (>1412px) for different user roles","advertisement.test.js","",""
"","7137","Check advertisement blocks for plus user - Hades 2 in desktop at 640x1024 viewport size","advertisement-tests","2026-07-10","passed","2026-07-10","Verify ad blocks within the desktop viewport range (576-767px) for different user roles","advertisement.test.js","",""
"","4093","Check video block & footer banner for plus user - Deadlock in desktop at 1100x800 viewport size","advertisement-tests","2026-07-10","passed","2026-07-10","Verify ad blocks within the desktop viewport range (1024-1232px) for different user roles","advertisement.test.js","",""
"","10762","Check video block & footer banner for unauthorized user - TFT in desktop at 800x800 viewport size","advertisement-tests","2026-07-10","passed","2026-07-10","Verify video ad block & footer banner within the desktop viewport range (768-1023px) for different user roles","advertisement.test.js","",""
"","7478","Check video block, footer banner, L vertical banner for unauthorized user - PoE in desktop at 1280x800 viewport size","advertisement-tests","2026-07-10","passed","2026-07-10","Verify ad blocks within the desktop viewport range (1233-1411px) for different user roles","advertisement.test.js","",""
"","6457","Check advertisement blocks for regular user - Nightreign in desktop at 640x1024 viewport size","advertisement-tests","2026-07-10","passed","2026-07-10","Verify ad blocks within the desktop viewport range (576-767px) for different user roles","advertisement.test.js","",""
"","11379","Check video block, footer banner, L vertical banner, S vertical banner for ad free user - STS 2 in desktop at 1680x1050 viewport size","advertisement-tests","2026-07-10","passed","2026-07-10","Verify ad blocks within the desktop viewport range (>1412px) for different user roles","advertisement.test.js","",""
"","9730","Check video block, footer banner, L vertical banner, S vertical banner for unauthorized user - Monster Hunter Wilds in desktop at 1680x1050 viewport size","advertisement-tests","2026-07-10","passed","2026-07-10","Verify ad blocks within the desktop viewport range (>1412px) for different user roles","advertisement.test.js","",""
"","8238","Check video block & footer banner for unauthorized user - Borderlands 4 in desktop at 800x800 viewport size","advertisement-tests","2026-07-10","passed","2026-07-10","Verify video ad block & footer banner within the desktop viewport range (768-1023px) for different user roles","advertisement.test.js","",""
"","11288","Check video block, footer banner, L vertical banner, S vertical banner for plus user - Endfield in desktop at 1680x1050 viewport size","advertisement-tests","2026-07-10","passed","2026-07-10","Verify ad blocks within the desktop viewport range (>1412px) for different user roles","advertisement.test.js","",""
"","11183","Check video block, footer banner, L vertical banner, S vertical banner for ad free user - Nightreign in desktop at 1680x1050 viewport size","advertisement-tests","2026-07-10","passed","2026-07-10","Verify ad blocks within the desktop viewport range (>1412px) for different user roles","advertisement.test.js","",""
"","10623","Check video block & footer banner for regular user - Riftbound in desktop at 800x800 viewport size","advertisement-tests","2026-07-10","passed","2026-07-10","Verify video ad block & footer banner within the desktop viewport range (768-1023px) for different user roles","advertisement.test.js","",""
"","13272","Check video block & footer banner for regular user - Marathon in desktop at 800x800 viewport size","advertisement-tests","2026-07-10","passed","2026-07-10","Verify video ad block & footer banner within the desktop viewport range (768-1023px) for different user roles","advertisement.test.js","",""
"","12425","Check advertisement blocks for ad free user - TFT in desktop at 640x1024 viewport size","advertisement-tests","2026-07-10","passed","2026-07-10","Verify ad blocks within the desktop viewport range (576-767px) for different user roles","advertisement.test.js","",""
"","6611","Check ad blocks for plus user - Endfield in mobile at 360x780 viewport size","advertisement-tests","2026-07-10","passed","2026-07-10","Verify ad blocks within the mobile viewport range (320–575px) for different user roles","advertisement.test.js","",""
"","9601","Check video block, footer banner, L vertical banner for unauthorized user - Marathon in desktop at 1280x800 viewport size","advertisement-tests","2026-07-10","passed","2026-07-10","Verify ad blocks within the desktop viewport range (1233-1411px) for different user roles","advertisement.test.js","",""
"","13196","Check video block & footer banner for regular user - Overwatch in desktop at 1100x800 viewport size","advertisement-tests","2026-07-10","passed","2026-07-10","Verify ad blocks within the desktop viewport range (1024-1232px) for different user roles","advertisement.test.js","",""
"","8963","Check advertisement blocks for ad free user - Endfield in desktop at 800x800 viewport size","advertisement-tests","2026-07-10","passed","2026-07-10","Verify video ad block & footer banner within the desktop viewport range (768-1023px) for different user roles","advertisement.test.js","",""
"","6196","Check ad blocks for ad free user - Overwatch in mobile at 360x780 viewport size","advertisement-tests","2026-07-10","passed","2026-07-10","Verify ad blocks within the mobile viewport range (320–575px) for different user roles","advertisement.test.js","",""
"","14150","Check video block, footer banner, L vertical banner, S vertical banner for regular user - Diablo 4 in desktop at 1680x1050 viewport size","advertisement-tests","2026-07-10","passed","2026-07-10","Verify ad blocks within the desktop viewport range (>1412px) for different user roles","advertisement.test.js","",""
"","9109","Check advertisement blocks for regular user - Riftbound in desktop at 640x1024 viewport size","advertisement-tests","2026-07-10","passed","2026-07-10","Verify ad blocks within the desktop viewport range (576-767px) for different user roles","advertisement.test.js","",""
"","13885","Check video block, footer banner, L vertical banner for regular user - The Bazaar in desktop at 1280x800 viewport size","advertisement-tests","2026-07-10","passed","2026-07-10","Verify ad blocks within the desktop viewport range (1233-1411px) for different user roles","advertisement.test.js","",""
"","12323","Check video block, footer banner, L vertical banner, S vertical banner for regular user - Riftbound in desktop at 1680x1050 viewport size","advertisement-tests","2026-07-10","passed","2026-07-10","Verify ad blocks within the desktop viewport range (>1412px) for different user roles","advertisement.test.js","",""
"","5594","Check video block, footer banner, L vertical banner for unauthorized user - TFT in desktop at 1280x800 viewport size","advertisement-tests","2026-07-10","passed","2026-07-10","Verify ad blocks within the desktop viewport range (1233-1411px) for different user roles","advertisement.test.js","",""
"","9084","Check advertisement blocks for ad free user - Riftbound in desktop at 800x800 viewport size","advertisement-tests","2026-07-10","passed","2026-07-10","Verify video ad block & footer banner within the desktop viewport range (768-1023px) for different user roles","advertisement.test.js","",""
"","10454","Check video block & footer banner for unauthorized user - Nightreign in mobile at 360x780 viewport size","advertisement-tests","2026-07-10","passed","2026-07-10","Verify ad blocks within the mobile viewport range (320–575px) for different user roles","advertisement.test.js","",""
"","7798","Check video block & footer banner for plus user - Nightreign in desktop at 1100x800 viewport size","advertisement-tests","2026-07-10","passed","2026-07-10","Verify ad blocks within the desktop viewport range (1024-1232px) for different user roles","advertisement.test.js","",""
"","3119","Check video block, footer banner, L vertical banner for plus user - TFT in desktop at 1280x800 viewport size","advertisement-tests","2026-07-10","passed","2026-07-10","Verify ad blocks within the desktop viewport range (1233-1411px) for different user roles","advertisement.test.js","",""
"","11323","Check video block & footer banner for regular user - STS 2 in desktop at 1100x800 viewport size","advertisement-tests","2026-07-10","passed","2026-07-10","Verify ad blocks within the desktop viewport range (1024-1232px) for different user roles","advertisement.test.js","",""
"","8571","Check advertisement blocks for ad free user - The Bazaar in desktop at 800x800 viewport size","advertisement-tests","2026-07-10","passed","2026-07-10","Verify video ad block & footer banner within the desktop viewport range (768-1023px) for different user roles","advertisement.test.js","",""
"","9549","Check video block, footer banner, L vertical banner for unauthorized user - STS 2 in desktop at 1280x800 viewport size","advertisement-tests","2026-07-10","passed","2026-07-10","Verify ad blocks within the desktop viewport range (1233-1411px) for different user roles","advertisement.test.js","",""
"","17849","Check video block, footer banner, L vertical banner for regular user - PoE 2 in desktop at 1280x800 viewport size","advertisement-tests","2026-07-10","passed","2026-07-10","Verify ad blocks within the desktop viewport range (1233-1411px) for different user roles","advertisement.test.js","",""
"","9264","Check advertisement blocks for ad free user - Nightreign in desktop at 800x800 viewport size","advertisement-tests","2026-07-10","passed","2026-07-10","Verify video ad block & footer banner within the desktop viewport range (768-1023px) for different user roles","advertisement.test.js","",""
"","8040","Check advertisement blocks for unauthorized user - Marvel Rivals in desktop at 640x1024 viewport size","advertisement-tests","2026-07-10","passed","2026-07-10","Verify ad blocks within the desktop viewport range (576-767px) for different user roles","advertisement.test.js","",""
"","14880","Check ad blocks for regular user - 2XKO in mobile at 360x780 viewport size","advertisement-tests","2026-07-10","passed","2026-07-10","Verify ad blocks within the mobile viewport range (320–575px) for different user roles","advertisement.test.js","",""
"","7658","Check advertisement blocks for ad free user - PoE in desktop at 640x1024 viewport size","advertisement-tests","2026-07-10","passed","2026-07-10","Verify ad blocks within the desktop viewport range (576-767px) for different user roles","advertisement.test.js","",""
"","8947","Check video block, footer banner, L vertical banner, S vertical banner for regular user - LoL in desktop at 1680x1050 viewport size","advertisement-tests","2026-07-10","passed","2026-07-10","Verify ad blocks within the desktop viewport range (>1412px) for different user roles","advertisement.test.js","",""
"","2258","Check video block, footer banner, L vertical banner for ad free user - ZZZ in desktop at 1280x800 viewport size","advertisement-tests","2026-07-10","passed","2026-07-10","Verify ad blocks within the desktop viewport range (1233-1411px) for different user roles","advertisement.test.js","",""
"","10455","Check video block & footer banner for unauthorized user - PoE 2 in desktop at 800x800 viewport size","advertisement-tests","2026-07-10","passed","2026-07-10","Verify video ad block & footer banner within the desktop viewport range (768-1023px) for different user roles","advertisement.test.js","",""
"","10570","Check video block & footer banner for ad free user - 2XKO in desktop at 1100x800 viewport size","advertisement-tests","2026-07-10","passed","2026-07-10","Verify ad blocks within the desktop viewport range (1024-1232px) for different user roles","advertisement.test.js","",""
"","11439","Check video block & footer banner for regular user - Deadlock in desktop at 800x800 viewport size","advertisement-tests","2026-07-10","passed","2026-07-10","Verify video ad block & footer banner within the desktop viewport range (768-1023px) for different user roles","advertisement.test.js","",""
"","14479","Check ad blocks for regular user - Endfield in mobile at 360x780 viewport size","advertisement-tests","2026-07-10","passed","2026-07-10","Verify ad blocks within the mobile viewport range (320–575px) for different user roles","advertisement.test.js","",""
"","6927","Check advertisement blocks for ad free user - STS 2 in desktop at 640x1024 viewport size","advertisement-tests","2026-07-10","passed","2026-07-10","Verify ad blocks within the desktop viewport range (576-767px) for different user roles","advertisement.test.js","",""
"","6486","Check video block, footer banner, L vertical banner for ad free user - Borderlands 4 in desktop at 1280x800 viewport size","advertisement-tests","2026-07-10","passed","2026-07-10","Verify ad blocks within the desktop viewport range (1233-1411px) for different user roles","advertisement.test.js","",""
"","7990","Check advertisement blocks for ad free user - Hades 2 in desktop at 800x800 viewport size","advertisement-tests","2026-07-10","passed","2026-07-10","Verify video ad block & footer banner within the desktop viewport range (768-1023px) for different user roles","advertisement.test.js","",""
"","4390","Check video block, footer banner, L vertical banner for ad free user - Overwatch in desktop at 1280x800 viewport size","advertisement-tests","2026-07-10","passed","2026-07-10","Verify ad blocks within the desktop viewport range (1233-1411px) for different user roles","advertisement.test.js","",""
"","12940","Check advertisement blocks for regular user - Deadlock in desktop at 640x1024 viewport size","advertisement-tests","2026-07-10","passed","2026-07-10","Verify ad blocks within the desktop viewport range (576-767px) for different user roles","advertisement.test.js","",""
"","4558","Check video block, footer banner, L vertical banner for plus user - Marvel Rivals in desktop at 1280x800 viewport size","advertisement-tests","2026-07-10","passed","2026-07-10","Verify ad blocks within the desktop viewport range (1233-1411px) for different user roles","advertisement.test.js","",""
"","5681","Check advertisement blocks for plus user - TFT in desktop at 640x1024 viewport size","advertisement-tests","2026-07-10","passed","2026-07-10","Verify ad blocks within the desktop viewport range (576-767px) for different user roles","advertisement.test.js","",""
"","7502","Check video block, footer banner, L vertical banner, S vertical banner for unauthorized user - Marathon in desktop at 1680x1050 viewport size","advertisement-tests","2026-07-10","passed","2026-07-10","Verify ad blocks within the desktop viewport range (>1412px) for different user roles","advertisement.test.js","",""
"","14019","Check video block, footer banner, L vertical banner, S vertical banner for ad free user - PoE 2 in desktop at 1680x1050 viewport size","advertisement-tests","2026-07-10","passed","2026-07-10","Verify ad blocks within the desktop viewport range (>1412px) for different user roles","advertisement.test.js","",""
"","7243","Check video block & footer banner for plus user - The Bazaar in desktop at 1100x800 viewport size","advertisement-tests","2026-07-10","passed","2026-07-10","Verify ad blocks within the desktop viewport range (1024-1232px) for different user roles","advertisement.test.js","",""
"","9412","Check video block, footer banner, L vertical banner for ad free user - STS 2 in desktop at 1280x800 viewport size","advertisement-tests","2026-07-10","passed","2026-07-10","Verify ad blocks within the desktop viewport range (1233-1411px) for different user roles","advertisement.test.js","",""
"","8841","Check advertisement blocks for plus user - ZZZ in desktop at 800x800 viewport size","advertisement-tests","2026-07-10","passed","2026-07-10","Verify video ad block & footer banner within the desktop viewport range (768-1023px) for different user roles","advertisement.test.js","",""
"","12647","Check video block, footer banner, L vertical banner, S vertical banner for ad free user - Overwatch in desktop at 1680x1050 viewport size","advertisement-tests","2026-07-10","passed","2026-07-10","Verify ad blocks within the desktop viewport range (>1412px) for different user roles","advertisement.test.js","",""
"","7923","Check ad blocks for ad free user - Hades 2 in mobile at 360x780 viewport size","advertisement-tests","2026-07-10","passed","2026-07-10","Verify ad blocks within the mobile viewport range (320–575px) for different user roles","advertisement.test.js","",""
"","12686","Check ad blocks for regular user - PoE in mobile at 360x780 viewport size","advertisement-tests","2026-07-10","passed","2026-07-10","Verify ad blocks within the mobile viewport range (320–575px) for different user roles","advertisement.test.js","",""
"","9185","Check video block, footer banner, L vertical banner, S vertical banner for plus user - Deadlock in desktop at 1680x1050 viewport size","advertisement-tests","2026-07-10","passed","2026-07-10","Verify ad blocks within the desktop viewport range (>1412px) for different user roles","advertisement.test.js","",""
"","10780","Check video block & footer banner for regular user - Val in desktop at 800x800 viewport size","advertisement-tests","2026-07-10","passed","2026-07-10","Verify video ad block & footer banner within the desktop viewport range (768-1023px) for different user roles","advertisement.test.js","",""
"","7609","Check video block, footer banner, L vertical banner for ad free user - 2XKO in desktop at 1280x800 viewport size","advertisement-tests","2026-07-10","passed","2026-07-10","Verify ad blocks within the desktop viewport range (1233-1411px) for different user roles","advertisement.test.js","",""
"","8236","Check advertisement blocks for ad free user - Marathon in desktop at 640x1024 viewport size","advertisement-tests","2026-07-10","passed","2026-07-10","Verify ad blocks within the desktop viewport range (576-767px) for different user roles","advertisement.test.js","",""
"","15593","Check video block & footer banner for regular user - 2XKO in desktop at 1100x800 viewport size","advertisement-tests","2026-07-10","passed","2026-07-10","Verify ad blocks within the desktop viewport range (1024-1232px) for different user roles","advertisement.test.js","",""
"","10379","Check advertisement blocks for plus user - Overwatch in desktop at 800x800 viewport size","advertisement-tests","2026-07-10","passed","2026-07-10","Verify video ad block & footer banner within the desktop viewport range (768-1023px) for different user roles","advertisement.test.js","",""
"","10793","Check advertisement blocks for unauthorized user - STS 2 in desktop at 640x1024 viewport size","advertisement-tests","2026-07-10","passed","2026-07-10","Verify ad blocks within the desktop viewport range (576-767px) for different user roles","advertisement.test.js","",""
"","7612","Check advertisement blocks for plus user - Hades 2 in desktop at 800x800 viewport size","advertisement-tests","2026-07-10","passed","2026-07-10","Verify video ad block & footer banner within the desktop viewport range (768-1023px) for different user roles","advertisement.test.js","",""
"","11513","Check video block, footer banner, L vertical banner for regular user - TFT in desktop at 1280x800 viewport size","advertisement-tests","2026-07-10","passed","2026-07-10","Verify ad blocks within the desktop viewport range (1233-1411px) for different user roles","advertisement.test.js","",""
"","11580","Check advertisement blocks for unauthorized user - PoE 2 in desktop at 640x1024 viewport size","advertisement-tests","2026-07-10","passed","2026-07-10","Verify ad blocks within the desktop viewport range (576-767px) for different user roles","advertisement.test.js","",""
"","3209","Check video block, footer banner, L vertical banner for plus user - Riftbound in desktop at 1280x800 viewport size","advertisement-tests","2026-07-10","passed","2026-07-10","Verify ad blocks within the desktop viewport range (1233-1411px) for different user roles","advertisement.test.js","",""
"","3273","Check video block & footer banner for plus user - Riftbound in desktop at 1100x800 viewport size","advertisement-tests","2026-07-10","passed","2026-07-10","Verify ad blocks within the desktop viewport range (1024-1232px) for different user roles","advertisement.test.js","",""
"","8905","Check video block, footer banner, L vertical banner, S vertical banner for unauthorized user - Borderlands 4 in desktop at 1680x1050 viewport size","advertisement-tests","2026-07-10","passed","2026-07-10","Verify ad blocks within the desktop viewport range (>1412px) for different user roles","advertisement.test.js","",""
"","11901","Check video block, footer banner, L vertical banner, S vertical banner for unauthorized user - LoL in desktop at 1680x1050 viewport size","advertisement-tests","2026-07-10","passed","2026-07-10","Verify ad blocks within the desktop viewport range (>1412px) for different user roles","advertisement.test.js","",""
"","8075","Check ad blocks for ad free user - Endfield in mobile at 360x780 viewport size","advertisement-tests","2026-07-10","passed","2026-07-10","Verify ad blocks within the mobile viewport range (320–575px) for different user roles","advertisement.test.js","",""
"","9755","Check advertisement blocks for unauthorized user - Overwatch in desktop at 640x1024 viewport size","advertisement-tests","2026-07-10","passed","2026-07-10","Verify ad blocks within the desktop viewport range (576-767px) for different user roles","advertisement.test.js","",""
"","10210","Check video block & footer banner for unauthorized user - PoE 2 in desktop at 1100x800 viewport size","advertisement-tests","2026-07-10","passed","2026-07-10","Verify ad blocks within the desktop viewport range (1024-1232px) for different user roles","advertisement.test.js","",""
"","8482","Check video block & footer banner for unauthorized user - Marvel Rivals in desktop at 1100x800 viewport size","advertisement-tests","2026-07-10","passed","2026-07-10","Verify ad blocks within the desktop viewport range (1024-1232px) for different user roles","advertisement.test.js","",""
"","9496","Check ad blocks for plus user - Borderlands 4 in mobile at 360x780 viewport size","advertisement-tests","2026-07-10","passed","2026-07-10","Verify ad blocks within the mobile viewport range (320–575px) for different user roles","advertisement.test.js","",""
"","9265","Check video block, footer banner, L vertical banner for regular user - Riftbound in desktop at 1280x800 viewport size","advertisement-tests","2026-07-10","passed","2026-07-10","Verify ad blocks within the desktop viewport range (1233-1411px) for different user roles","advertisement.test.js","",""
"","15372","Check video block, footer banner, L vertical banner for ad free user - TFT in desktop at 1280x800 viewport size","advertisement-tests","2026-07-10","passed","2026-07-10","Verify ad blocks within the desktop viewport range (1233-1411px) for different user roles","advertisement.test.js","",""
"","9720","Check video block, footer banner, L vertical banner for regular user - 2XKO in desktop at 1280x800 viewport size","advertisement-tests","2026-07-10","passed","2026-07-10","Verify ad blocks within the desktop viewport range (1233-1411px) for different user roles","advertisement.test.js","",""
"","10553","Check advertisement blocks for regular user - ZZZ in desktop at 640x1024 viewport size","advertisement-tests","2026-07-10","passed","2026-07-10","Verify ad blocks within the desktop viewport range (576-767px) for different user roles","advertisement.test.js","",""
"","4887","Check video block, footer banner, L vertical banner, S vertical banner for unauthorized user - Riftbound in desktop at 1680x1050 viewport size","advertisement-tests","2026-07-10","passed","2026-07-10","Verify ad blocks within the desktop viewport range (>1412px) for different user roles","advertisement.test.js","",""
"","12342","Check video block & footer banner for regular user - Monster Hunter Wilds in desktop at 800x800 viewport size","advertisement-tests","2026-07-10","passed","2026-07-10","Verify video ad block & footer banner within the desktop viewport range (768-1023px) for different user roles","advertisement.test.js","",""
"","8642","Check advertisement blocks for ad free user - The Bazaar in desktop at 640x1024 viewport size","advertisement-tests","2026-07-10","passed","2026-07-10","Verify ad blocks within the desktop viewport range (576-767px) for different user roles","advertisement.test.js","",""
"","16576","Check video block, footer banner, L vertical banner, S vertical banner for regular user - PoE in desktop at 1680x1050 viewport size","advertisement-tests","2026-07-10","passed","2026-07-10","Verify ad blocks within the desktop viewport range (>1412px) for different user roles","advertisement.test.js","",""
"","3488","Check advertisement blocks for plus user - Val in desktop at 640x1024 viewport size","advertisement-tests","2026-07-10","passed","2026-07-10","Verify ad blocks within the desktop viewport range (576-767px) for different user roles","advertisement.test.js","",""
"","8353","Check video block, footer banner, L vertical banner for plus user - Nightreign in desktop at 1280x800 viewport size","advertisement-tests","2026-07-10","passed","2026-07-10","Verify ad blocks within the desktop viewport range (1233-1411px) for different user roles","advertisement.test.js","",""
"","10192","Check ad blocks for plus user - Monster Hunter Wilds in mobile at 360x780 viewport size","advertisement-tests","2026-07-10","passed","2026-07-10","Verify ad blocks within the mobile viewport range (320–575px) for different user roles","advertisement.test.js","",""
"","7555","Check advertisement blocks for plus user - Deadlock in desktop at 640x1024 viewport size","advertisement-tests","2026-07-10","passed","2026-07-10","Verify ad blocks within the desktop viewport range (576-767px) for different user roles","advertisement.test.js","",""
"","2","Check ad blocks for plus user - Val in mobile at 360x780 viewport size","advertisement-tests","2026-07-10","skipped","2026-07-10","Verify ad blocks within the mobile viewport range (320–575px) for different user roles","advertisement.test.js","",""
"","8684","Check video block & footer banner for unauthorized user - Riftbound in desktop at 1100x800 viewport size","advertisement-tests","2026-07-10","passed","2026-07-10","Verify ad blocks within the desktop viewport range (1024-1232px) for different user roles","advertisement.test.js","",""
"","7892","Check ad blocks for ad free user - Nightreign in mobile at 360x780 viewport size","advertisement-tests","2026-07-10","passed","2026-07-10","Verify ad blocks within the mobile viewport range (320–575px) for different user roles","advertisement.test.js","",""
"","13487","Check ad blocks for regular user - Borderlands 4 in mobile at 360x780 viewport size","advertisement-tests","2026-07-10","passed","2026-07-10","Verify ad blocks within the mobile viewport range (320–575px) for different user roles","advertisement.test.js","",""
"","4841","Check video block & footer banner for plus user - 2XKO in desktop at 1100x800 viewport size","advertisement-tests","2026-07-10","passed","2026-07-10","Verify ad blocks within the desktop viewport range (1024-1232px) for different user roles","advertisement.test.js","",""
"","24419","Check video block, footer banner, L vertical banner for plus user - STS 2 in desktop at 1280x800 viewport size","advertisement-tests","2026-07-10","failed","2026-07-10","Verify ad blocks within the desktop viewport range (1233-1411px) for different user roles","advertisement.test.js","",""
"","8044","Check ad blocks for regular user - Nightreign in mobile at 360x780 viewport size","advertisement-tests","2026-07-10","passed","2026-07-10","Verify ad blocks within the mobile viewport range (320–575px) for different user roles","advertisement.test.js","",""
"","3400","Check video block & footer banner for plus user - Endfield in desktop at 1100x800 viewport size","advertisement-tests","2026-07-10","passed","2026-07-10","Verify ad blocks within the desktop viewport range (1024-1232px) for different user roles","advertisement.test.js","",""
"","15356","Check ad blocks for regular user - Riftbound in mobile at 360x780 viewport size","advertisement-tests","2026-07-10","passed","2026-07-10","Verify ad blocks within the mobile viewport range (320–575px) for different user roles","advertisement.test.js","",""
"","7866","Check advertisement blocks for ad free user - PoE 2 in desktop at 640x1024 viewport size","advertisement-tests","2026-07-10","passed","2026-07-10","Verify ad blocks within the desktop viewport range (576-767px) for different user roles","advertisement.test.js","",""
"","16916","Check video block & footer banner for regular user - The Bazaar in desktop at 1100x800 viewport size","advertisement-tests","2026-07-10","passed","2026-07-10","Verify ad blocks within the desktop viewport range (1024-1232px) for different user roles","advertisement.test.js","",""
"","15424","Check ad blocks for regular user - ZZZ in mobile at 360x780 viewport size","advertisement-tests","2026-07-10","passed","2026-07-10","Verify ad blocks within the mobile viewport range (320–575px) for different user roles","advertisement.test.js","",""
"","10340","Check video block, footer banner, L vertical banner, S vertical banner for unauthorized user - Overwatch in desktop at 1680x1050 viewport size","advertisement-tests","2026-07-10","passed","2026-07-10","Verify ad blocks within the desktop viewport range (>1412px) for different user roles","advertisement.test.js","",""
"","9168","Check video block & footer banner for unauthorized user - STS 2 in desktop at 800x800 viewport size","advertisement-tests","2026-07-10","passed","2026-07-10","Verify video ad block & footer banner within the desktop viewport range (768-1023px) for different user roles","advertisement.test.js","",""
"","12069","Check video block, footer banner, L vertical banner for regular user - Hades 2 in desktop at 1280x800 viewport size","advertisement-tests","2026-07-10","passed","2026-07-10","Verify ad blocks within the desktop viewport range (1233-1411px) for different user roles","advertisement.test.js","",""
"","9748","Check video block & footer banner for unauthorized user - Val in desktop at 1100x800 viewport size","advertisement-tests","2026-07-10","passed","2026-07-10","Verify ad blocks within the desktop viewport range (1024-1232px) for different user roles","advertisement.test.js","",""
"","10363","Check advertisement blocks for regular user - The Bazaar in desktop at 640x1024 viewport size","advertisement-tests","2026-07-10","passed","2026-07-10","Verify ad blocks within the desktop viewport range (576-767px) for different user roles","advertisement.test.js","",""
"","10725","Check video block & footer banner for unauthorized user - Monster Hunter Wilds in desktop at 800x800 viewport size","advertisement-tests","2026-07-10","passed","2026-07-10","Verify video ad block & footer banner within the desktop viewport range (768-1023px) for different user roles","advertisement.test.js","",""
"","8174","Check advertisement blocks for ad free user - 2XKO in desktop at 640x1024 viewport size","advertisement-tests","2026-07-10","passed","2026-07-10","Verify ad blocks within the desktop viewport range (576-767px) for different user roles","advertisement.test.js","",""
"","4182","Check video block, footer banner, L vertical banner for plus user - Val in desktop at 1280x800 viewport size","advertisement-tests","2026-07-10","passed","2026-07-10","Verify ad blocks within the desktop viewport range (1233-1411px) for different user roles","advertisement.test.js","",""
"","8805","Check video block, footer banner, L vertical banner, S vertical banner for ad free user - Deadlock in desktop at 1680x1050 viewport size","advertisement-tests","2026-07-10","passed","2026-07-10","Verify ad blocks within the desktop viewport range (>1412px) for different user roles","advertisement.test.js","",""
"","13172","Check advertisement blocks for regular user - TFT in desktop at 640x1024 viewport size","advertisement-tests","2026-07-10","passed","2026-07-10","Verify ad blocks within the desktop viewport range (576-767px) for different user roles","advertisement.test.js","",""
"","11275","Check video block, footer banner, L vertical banner, S vertical banner for unauthorized user - PoE 2 in desktop at 1680x1050 viewport size","advertisement-tests","2026-07-10","passed","2026-07-10","Verify ad blocks within the desktop viewport range (>1412px) for different user roles","advertisement.test.js","",""
"","5220","Check ad blocks for plus user - LoL in mobile at 360x780 viewport size","advertisement-tests","2026-07-10","passed","2026-07-10","Verify ad blocks within the mobile viewport range (320–575px) for different user roles","advertisement.test.js","",""
"","5916","Check video block & footer banner for ad free user - Hades 2 in desktop at 1100x800 viewport size","advertisement-tests","2026-07-10","passed","2026-07-10","Verify ad blocks within the desktop viewport range (1024-1232px) for different user roles","advertisement.test.js","",""
"","11981","Check video block, footer banner, L vertical banner, S vertical banner for regular user - 2XKO in desktop at 1680x1050 viewport size","advertisement-tests","2026-07-10","passed","2026-07-10","Verify ad blocks within the desktop viewport range (>1412px) for different user roles","advertisement.test.js","",""
"","2150","Check video block, footer banner, L vertical banner for plus user - PoE in desktop at 1280x800 viewport size","advertisement-tests","2026-07-10","passed","2026-07-10","Verify ad blocks within the desktop viewport range (1233-1411px) for different user roles","advertisement.test.js","",""
"","7689","Check advertisement blocks for plus user - LoL in desktop at 640x1024 viewport size","advertisement-tests","2026-07-10","passed","2026-07-10","Verify ad blocks within the desktop viewport range (576-767px) for different user roles","advertisement.test.js","",""
"","8272","Check ad blocks for plus user - 2XKO in mobile at 360x780 viewport size","advertisement-tests","2026-07-10","passed","2026-07-10","Verify ad blocks within the mobile viewport range (320–575px) for different user roles","advertisement.test.js","",""
"","11839","Check advertisement blocks for regular user - Overwatch in desktop at 640x1024 viewport size","advertisement-tests","2026-07-10","passed","2026-07-10","Verify ad blocks within the desktop viewport range (576-767px) for different user roles","advertisement.test.js","",""
"","10448","Check video block, footer banner, L vertical banner, S vertical banner for regular user - Deadlock in desktop at 1680x1050 viewport size","advertisement-tests","2026-07-10","passed","2026-07-10","Verify ad blocks within the desktop viewport range (>1412px) for different user roles","advertisement.test.js","",""
"","9699","Check video block, footer banner, L vertical banner for regular user - Deadlock in desktop at 1280x800 viewport size","advertisement-tests","2026-07-10","passed","2026-07-10","Verify ad blocks within the desktop viewport range (1233-1411px) for different user roles","advertisement.test.js","",""
"","14958","Check video block, footer banner, L vertical banner, S vertical banner for regular user - Endfield in desktop at 1680x1050 viewport size","advertisement-tests","2026-07-10","passed","2026-07-10","Verify ad blocks within the desktop viewport range (>1412px) for different user roles","advertisement.test.js","",""
"","1749","Check video block, footer banner, L vertical banner for ad free user - Diablo 4 in desktop at 1280x800 viewport size","advertisement-tests","2026-07-10","passed","2026-07-10","Verify ad blocks within the desktop viewport range (1233-1411px) for different user roles","advertisement.test.js","",""
"","8641","Check ad blocks for ad free user - The Bazaar in mobile at 360x780 viewport size","advertisement-tests","2026-07-10","passed","2026-07-10","Verify ad blocks within the mobile viewport range (320–575px) for different user roles","advertisement.test.js","",""
"","14211","Check ad blocks for ad free user - TFT in mobile at 360x780 viewport size","advertisement-tests","2026-07-10","passed","2026-07-10","Verify ad blocks within the mobile viewport range (320–575px) for different user roles","advertisement.test.js","",""
"","9316","Check video block & footer banner for unauthorized user - Nightreign in desktop at 800x800 viewport size","advertisement-tests","2026-07-10","passed","2026-07-10","Verify video ad block & footer banner within the desktop viewport range (768-1023px) for different user roles","advertisement.test.js","",""
"","8083","Check advertisement blocks for plus user - Borderlands 4 in desktop at 640x1024 viewport size","advertisement-tests","2026-07-10","passed","2026-07-10","Verify ad blocks within the desktop viewport range (576-767px) for different user roles","advertisement.test.js","",""
"","8221","Check video block, footer banner, L vertical banner, S vertical banner for plus user - Marvel Rivals in desktop at 1680x1050 viewport size","advertisement-tests","2026-07-10","passed","2026-07-10","Verify ad blocks within the desktop viewport range (>1412px) for different user roles","advertisement.test.js","",""
"","12839","Check video block, footer banner, L vertical banner for regular user - Endfield in desktop at 1280x800 viewport size","advertisement-tests","2026-07-10","passed","2026-07-10","Verify ad blocks within the desktop viewport range (1233-1411px) for different user roles","advertisement.test.js","",""
"","11782","Check video block & footer banner for regular user - PoE 2 in desktop at 800x800 viewport size","advertisement-tests","2026-07-10","passed","2026-07-10","Verify video ad block & footer banner within the desktop viewport range (768-1023px) for different user roles","advertisement.test.js","",""
"","8764","Check advertisement blocks for ad free user - 2XKO in desktop at 800x800 viewport size","advertisement-tests","2026-07-10","passed","2026-07-10","Verify video ad block & footer banner within the desktop viewport range (768-1023px) for different user roles","advertisement.test.js","",""
"","2918","Check video block & footer banner for plus user - TFT in desktop at 1100x800 viewport size","advertisement-tests","2026-07-10","passed","2026-07-10","Verify ad blocks within the desktop viewport range (1024-1232px) for different user roles","advertisement.test.js","",""
"","3891","Check video block, footer banner, L vertical banner for unauthorized user - Val in desktop at 1280x800 viewport size","advertisement-tests","2026-07-10","passed","2026-07-10","Verify ad blocks within the desktop viewport range (1233-1411px) for different user roles","advertisement.test.js","",""
"","16720","Check ad blocks for regular user - Overwatch in mobile at 360x780 viewport size","advertisement-tests","2026-07-10","passed","2026-07-10","Verify ad blocks within the mobile viewport range (320–575px) for different user roles","advertisement.test.js","",""
"","13184","Check ad blocks for regular user - Diablo 4 in mobile at 360x780 viewport size","advertisement-tests","2026-07-10","passed","2026-07-10","Verify ad blocks within the mobile viewport range (320–575px) for different user roles","advertisement.test.js","",""
"","10388","Check advertisement blocks for ad free user - LoL in desktop at 640x1024 viewport size","advertisement-tests","2026-07-10","passed","2026-07-10","Verify ad blocks within the desktop viewport range (576-767px) for different user roles","advertisement.test.js","",""
"","11698","Check advertisement blocks for regular user - Endfield in desktop at 640x1024 viewport size","advertisement-tests","2026-07-10","passed","2026-07-10","Verify ad blocks within the desktop viewport range (576-767px) for different user roles","advertisement.test.js","",""
"","9999","Check video block & footer banner for unauthorized user - The Bazaar in desktop at 800x800 viewport size","advertisement-tests","2026-07-10","passed","2026-07-10","Verify video ad block & footer banner within the desktop viewport range (768-1023px) for different user roles","advertisement.test.js","",""
"","8828","Check video block & footer banner for unauthorized user - Deadlock in mobile at 360x780 viewport size","advertisement-tests","2026-07-10","passed","2026-07-10","Verify ad blocks within the mobile viewport range (320–575px) for different user roles","advertisement.test.js","",""
"","8871","Check advertisement blocks for ad free user - Hades 2 in desktop at 640x1024 viewport size","advertisement-tests","2026-07-10","passed","2026-07-10","Verify ad blocks within the desktop viewport range (576-767px) for different user roles","advertisement.test.js","",""
"","9396","Check video block & footer banner for unauthorized user - PoE 2 in mobile at 360x780 viewport size","advertisement-tests","2026-07-10","passed","2026-07-10","Verify ad blocks within the mobile viewport range (320–575px) for different user roles","advertisement.test.js","",""
"","12370","Check video block, footer banner, L vertical banner, S vertical banner for unauthorized user - PoE in desktop at 1680x1050 viewport size","advertisement-tests","2026-07-10","passed","2026-07-10","Verify ad blocks within the desktop viewport range (>1412px) for different user roles","advertisement.test.js","",""
"","6997","Check advertisement blocks for unauthorized user - Nightreign in desktop at 640x1024 viewport size","advertisement-tests","2026-07-10","passed","2026-07-10","Verify ad blocks within the desktop viewport range (576-767px) for different user roles","advertisement.test.js","",""
"","13619","Check video block & footer banner for regular user - PoE in desktop at 1100x800 viewport size","advertisement-tests","2026-07-10","passed","2026-07-10","Verify ad blocks within the desktop viewport range (1024-1232px) for different user roles","advertisement.test.js","",""
"","9196","Check video block & footer banner for unauthorized user - Marathon in desktop at 800x800 viewport size","advertisement-tests","2026-07-10","passed","2026-07-10","Verify video ad block & footer banner within the desktop viewport range (768-1023px) for different user roles","advertisement.test.js","",""
"","17072","Check ad blocks for regular user - STS 2 in mobile at 360x780 viewport size","advertisement-tests","2026-07-10","passed","2026-07-10","Verify ad blocks within the mobile viewport range (320–575px) for different user roles","advertisement.test.js","",""
"","5904","Check advertisement blocks for ad free user - ZZZ in desktop at 640x1024 viewport size","advertisement-tests","2026-07-10","passed","2026-07-10","Verify ad blocks within the desktop viewport range (576-767px) for different user roles","advertisement.test.js","",""
"","10427","Check advertisement blocks for unauthorized user - Monster Hunter Wilds in desktop at 640x1024 viewport size","advertisement-tests","2026-07-10","passed","2026-07-10","Verify ad blocks within the desktop viewport range (576-767px) for different user roles","advertisement.test.js","",""
"","10431","Check video block & footer banner for unauthorized user - ZZZ in mobile at 360x780 viewport size","advertisement-tests","2026-07-10","passed","2026-07-10","Verify ad blocks within the mobile viewport range (320–575px) for different user roles","advertisement.test.js","",""
"","8108","Check advertisement blocks for unauthorized user - Deadlock in desktop at 640x1024 viewport size","advertisement-tests","2026-07-10","passed","2026-07-10","Verify ad blocks within the desktop viewport range (576-767px) for different user roles","advertisement.test.js","",""
"","7804","Check video block, footer banner, L vertical banner for ad free user - PoE in desktop at 1280x800 viewport size","advertisement-tests","2026-07-10","passed","2026-07-10","Verify ad blocks within the desktop viewport range (1233-1411px) for different user roles","advertisement.test.js","",""
"","10852","Check advertisement blocks for regular user - Borderlands 4 in desktop at 640x1024 viewport size","advertisement-tests","2026-07-10","passed","2026-07-10","Verify ad blocks within the desktop viewport range (576-767px) for different user roles","advertisement.test.js","",""
"","17274","Check video block & footer banner for regular user - LoL in desktop at 1100x800 viewport size","advertisement-tests","2026-07-10","passed","2026-07-10","Verify ad blocks within the desktop viewport range (1024-1232px) for different user roles","advertisement.test.js","",""
"","9468","Check video block & footer banner for unauthorized user - 2XKO in desktop at 1100x800 viewport size","advertisement-tests","2026-07-10","passed","2026-07-10","Verify ad blocks within the desktop viewport range (1024-1232px) for different user roles","advertisement.test.js","",""
"","6362","Check advertisement blocks for ad free user - Deadlock in desktop at 800x800 viewport size","advertisement-tests","2026-07-10","passed","2026-07-10","Verify video ad block & footer banner within the desktop viewport range (768-1023px) for different user roles","advertisement.test.js","",""
"","4255","Check video block, footer banner, L vertical banner for plus user - Deadlock in desktop at 1280x800 viewport size","advertisement-tests","2026-07-10","passed","2026-07-10","Verify ad blocks within the desktop viewport range (1233-1411px) for different user roles","advertisement.test.js","",""
"","14265","Check video block, footer banner, L vertical banner, S vertical banner for regular user - Nightreign in desktop at 1680x1050 viewport size","advertisement-tests","2026-07-10","passed","2026-07-10","Verify ad blocks within the desktop viewport range (>1412px) for different user roles","advertisement.test.js","",""
"","11192","Check video block & footer banner for unauthorized user - Marvel Rivals in mobile at 360x780 viewport size","advertisement-tests","2026-07-10","passed","2026-07-10","Verify ad blocks within the mobile viewport range (320–575px) for different user roles","advertisement.test.js","",""
"","10957","Check video block & footer banner for regular user - LoL in desktop at 800x800 viewport size","advertisement-tests","2026-07-10","passed","2026-07-10","Verify video ad block & footer banner within the desktop viewport range (768-1023px) for different user roles","advertisement.test.js","",""
"","14070","Check video block, footer banner, L vertical banner, S vertical banner for plus user - The Bazaar in desktop at 1680x1050 viewport size","advertisement-tests","2026-07-10","passed","2026-07-10","Verify ad blocks within the desktop viewport range (>1412px) for different user roles","advertisement.test.js","",""
"","9079","Check advertisement blocks for plus user - The Bazaar in desktop at 800x800 viewport size","advertisement-tests","2026-07-10","passed","2026-07-10","Verify video ad block & footer banner within the desktop viewport range (768-1023px) for different user roles","advertisement.test.js","",""
"","6039","Check advertisement blocks for plus user - TFT in desktop at 800x800 viewport size","advertisement-tests","2026-07-10","passed","2026-07-10","Verify video ad block & footer banner within the desktop viewport range (768-1023px) for different user roles","advertisement.test.js","",""
"","2211","Check video block, footer banner, L vertical banner for ad free user - Nightreign in desktop at 1280x800 viewport size","advertisement-tests","2026-07-10","passed","2026-07-10","Verify ad blocks within the desktop viewport range (1233-1411px) for different user roles","advertisement.test.js","",""
"","9871","Check video block, footer banner, L vertical banner, S vertical banner for plus user - LoL in desktop at 1680x1050 viewport size","advertisement-tests","2026-07-10","passed","2026-07-10","Verify ad blocks within the desktop viewport range (>1412px) for different user roles","advertisement.test.js","",""
"","6864","Check video block & footer banner for ad free user - The Bazaar in desktop at 1100x800 viewport size","advertisement-tests","2026-07-10","passed","2026-07-10","Verify ad blocks within the desktop viewport range (1024-1232px) for different user roles","advertisement.test.js","",""
"","9467","Check advertisement blocks for unauthorized user - LoL in desktop at 640x1024 viewport size","advertisement-tests","2026-07-10","passed","2026-07-10","Verify ad blocks within the desktop viewport range (576-767px) for different user roles","advertisement.test.js","",""
"","9295","Check video block, footer banner, L vertical banner, S vertical banner for plus user - Borderlands 4 in desktop at 1680x1050 viewport size","advertisement-tests","2026-07-10","passed","2026-07-10","Verify ad blocks within the desktop viewport range (>1412px) for different user roles","advertisement.test.js","",""
"","7856","Check video block & footer banner for plus user - Diablo 4 in desktop at 1100x800 viewport size","advertisement-tests","2026-07-10","passed","2026-07-10","Verify ad blocks within the desktop viewport range (1024-1232px) for different user roles","advertisement.test.js","",""
"","11979","Check video block & footer banner for regular user - Nightreign in desktop at 1100x800 viewport size","advertisement-tests","2026-07-10","passed","2026-07-10","Verify ad blocks within the desktop viewport range (1024-1232px) for different user roles","advertisement.test.js","",""
"","8223","Check advertisement blocks for plus user - STS 2 in desktop at 800x800 viewport size","advertisement-tests","2026-07-10","passed","2026-07-10","Verify video ad block & footer banner within the desktop viewport range (768-1023px) for different user roles","advertisement.test.js","",""
"","9875","Check video block, footer banner, L vertical banner, S vertical banner for regular user - Val in desktop at 1680x1050 viewport size","advertisement-tests","2026-07-10","passed","2026-07-10","Verify ad blocks within the desktop viewport range (>1412px) for different user roles","advertisement.test.js","",""
"","9305","Check video block & footer banner for unauthorized user - Endfield in desktop at 800x800 viewport size","advertisement-tests","2026-07-10","passed","2026-07-10","Verify video ad block & footer banner within the desktop viewport range (768-1023px) for different user roles","advertisement.test.js","",""
"","17","Check ad blocks for ad free user - Val in mobile at 360x780 viewport size","advertisement-tests","2026-07-10","skipped","2026-07-10","Verify ad blocks within the mobile viewport range (320–575px) for different user roles","advertisement.test.js","",""
"","14467","Check video block, footer banner, L vertical banner, S vertical banner for ad free user - Riftbound in desktop at 1680x1050 viewport size","advertisement-tests","2026-07-10","passed","2026-07-10","Verify ad blocks within the desktop viewport range (>1412px) for different user roles","advertisement.test.js","",""
"","7603","Check ad blocks for ad free user - ZZZ in mobile at 360x780 viewport size","advertisement-tests","2026-07-10","passed","2026-07-10","Verify ad blocks within the mobile viewport range (320–575px) for different user roles","advertisement.test.js","",""
"","10276","Check advertisement blocks for regular user - PoE in desktop at 640x1024 viewport size","advertisement-tests","2026-07-10","passed","2026-07-10","Verify ad blocks within the desktop viewport range (576-767px) for different user roles","advertisement.test.js","",""
"","10079","Check video block & footer banner for unauthorized user - LoL in mobile at 360x780 viewport size","advertisement-tests","2026-07-10","passed","2026-07-10","Verify ad blocks within the mobile viewport range (320–575px) for different user roles","advertisement.test.js","",""
"","772","setup regular user","user-roles-setup","2026-07-10","passed","2026-07-10","","setup/userRoles.setup.test.js","",""
"","9786","Check video block & footer banner for ad free user - Val in desktop at 1100x800 viewport size","advertisement-tests","2026-07-10","passed","2026-07-10","Verify ad blocks within the desktop viewport range (1024-1232px) for different user roles","advertisement.test.js","",""
"","4057","Check video block, footer banner, L vertical banner for unauthorized user - LoL in desktop at 1280x800 viewport size","advertisement-tests","2026-07-10","passed","2026-07-10","Verify ad blocks within the desktop viewport range (1233-1411px) for different user roles","advertisement.test.js","",""
"","10159","Check video block & footer banner for unauthorized user - Monster Hunter Wilds in desktop at 1100x800 viewport size","advertisement-tests","2026-07-10","passed","2026-07-10","Verify ad blocks within the desktop viewport range (1024-1232px) for different user roles","advertisement.test.js","",""
"","11134","Check video block, footer banner, L vertical banner, S vertical banner for plus user - PoE in desktop at 1680x1050 viewport size","advertisement-tests","2026-07-10","passed","2026-07-10","Verify ad blocks within the desktop viewport range (>1412px) for different user roles","advertisement.test.js","",""
"","3688","Check video block & footer banner for plus user - Borderlands 4 in desktop at 1100x800 viewport size","advertisement-tests","2026-07-10","passed","2026-07-10","Verify ad blocks within the desktop viewport range (1024-1232px) for different user roles","advertisement.test.js","",""
"","10029","Check video block, footer banner, L vertical banner for unauthorized user - Nightreign in desktop at 1280x800 viewport size","advertisement-tests","2026-07-10","passed","2026-07-10","Verify ad blocks within the desktop viewport range (1233-1411px) for different user roles","advertisement.test.js","",""
"","5013","Check video block & footer banner for ad free user - Deadlock in desktop at 1100x800 viewport size","advertisement-tests","2026-07-10","passed","2026-07-10","Verify ad blocks within the desktop viewport range (1024-1232px) for different user roles","advertisement.test.js","",""
"","25504","Check video block, footer banner, L vertical banner for ad free user - The Bazaar in desktop at 1280x800 viewport size","advertisement-tests","2026-07-10","failed","2026-07-10","Verify ad blocks within the desktop viewport range (1233-1411px) for different user roles","advertisement.test.js","",""
"","14485","Check video block, footer banner, L vertical banner for regular user - Overwatch in desktop at 1280x800 viewport size","advertisement-tests","2026-07-10","passed","2026-07-10","Verify ad blocks within the desktop viewport range (1233-1411px) for different user roles","advertisement.test.js","",""
"","10762","Check advertisement blocks for regular user - Marathon in desktop at 640x1024 viewport size","advertisement-tests","2026-07-10","passed","2026-07-10","Verify ad blocks within the desktop viewport range (576-767px) for different user roles","advertisement.test.js","",""
"","14369","Check video block, footer banner, L vertical banner, S vertical banner for regular user - ZZZ in desktop at 1680x1050 viewport size","advertisement-tests","2026-07-10","passed","2026-07-10","Verify ad blocks within the desktop viewport range (>1412px) for different user roles","advertisement.test.js","",""
"","8285","Check advertisement blocks for plus user - Overwatch in desktop at 640x1024 viewport size","advertisement-tests","2026-07-10","passed","2026-07-10","Verify ad blocks within the desktop viewport range (576-767px) for different user roles","advertisement.test.js","",""
"","8307","Check video block & footer banner for unauthorized user - Endfield in mobile at 360x780 viewport size","advertisement-tests","2026-07-10","passed","2026-07-10","Verify ad blocks within the mobile viewport range (320–575px) for different user roles","advertisement.test.js","",""
"","9550","Check advertisement blocks for regular user - LoL in desktop at 640x1024 viewport size","advertisement-tests","2026-07-10","passed","2026-07-10","Verify ad blocks within the desktop viewport range (576-767px) for different user roles","advertisement.test.js","",""
"","9398","Check video block & footer banner for ad free user - Marathon in desktop at 1100x800 viewport size","advertisement-tests","2026-07-10","passed","2026-07-10","Verify ad blocks within the desktop viewport range (1024-1232px) for different user roles","advertisement.test.js","",""
"","11954","Check video block, footer banner, L vertical banner, S vertical banner for unauthorized user - Diablo 4 in desktop at 1680x1050 viewport size","advertisement-tests","2026-07-10","passed","2026-07-10","Verify ad blocks within the desktop viewport range (>1412px) for different user roles","advertisement.test.js","",""
"","10093","Check video block, footer banner, L vertical banner, S vertical banner for plus user - ZZZ in desktop at 1680x1050 viewport size","advertisement-tests","2026-07-10","passed","2026-07-10","Verify ad blocks within the desktop viewport range (>1412px) for different user roles","advertisement.test.js","",""
"","6529","Check video block, footer banner, L vertical banner for unauthorized user - Deadlock in desktop at 1280x800 viewport size","advertisement-tests","2026-07-10","passed","2026-07-10","Verify ad blocks within the desktop viewport range (1233-1411px) for different user roles","advertisement.test.js","",""
"","16305","Check video block, footer banner, L vertical banner, S vertical banner for ad free user - ZZZ in desktop at 1680x1050 viewport size","advertisement-tests","2026-07-10","passed","2026-07-10","Verify ad blocks within the desktop viewport range (>1412px) for different user roles","advertisement.test.js","",""
"","7631","Check video block & footer banner for unauthorized user - Riftbound in desktop at 800x800 viewport size","advertisement-tests","2026-07-10","passed","2026-07-10","Verify video ad block & footer banner within the desktop viewport range (768-1023px) for different user roles","advertisement.test.js","",""
"","14988","Check video block, footer banner, L vertical banner, S vertical banner for ad free user - Diablo 4 in desktop at 1680x1050 viewport size","advertisement-tests","2026-07-10","passed","2026-07-10","Verify ad blocks within the desktop viewport range (>1412px) for different user roles","advertisement.test.js","",""
"","2340","Check video block, footer banner, L vertical banner for plus user - The Bazaar in desktop at 1280x800 viewport size","advertisement-tests","2026-07-10","passed","2026-07-10","Verify ad blocks within the desktop viewport range (1233-1411px) for different user roles","advertisement.test.js","",""
"","13357","Check video block, footer banner, L vertical banner for ad free user - LoL in desktop at 1280x800 viewport size","advertisement-tests","2026-07-10","passed","2026-07-10","Verify ad blocks within the desktop viewport range (1233-1411px) for different user roles","advertisement.test.js","",""
"","12446","Check video block, footer banner, L vertical banner, S vertical banner for regular user - Borderlands 4 in desktop at 1680x1050 viewport size","advertisement-tests","2026-07-10","passed","2026-07-10","Verify ad blocks within the desktop viewport range (>1412px) for different user roles","advertisement.test.js","",""
"","7669","Check advertisement blocks for plus user - PoE 2 in desktop at 640x1024 viewport size","advertisement-tests","2026-07-10","passed","2026-07-10","Verify ad blocks within the desktop viewport range (576-767px) for different user roles","advertisement.test.js","",""
"","5521","Check video block & footer banner for plus user - Val in desktop at 1100x800 viewport size","advertisement-tests","2026-07-10","passed","2026-07-10","Verify ad blocks within the desktop viewport range (1024-1232px) for different user roles","advertisement.test.js","",""
"","7512","Check advertisement blocks for unauthorized user - Riftbound in desktop at 640x1024 viewport size","advertisement-tests","2026-07-10","passed","2026-07-10","Verify ad blocks within the desktop viewport range (576-767px) for different user roles","advertisement.test.js","",""
"","10021","Check video block, footer banner, L vertical banner, S vertical banner for unauthorized user - The Bazaar in desktop at 1680x1050 viewport size","advertisement-tests","2026-07-10","passed","2026-07-10","Verify ad blocks within the desktop viewport range (>1412px) for different user roles","advertisement.test.js","",""
"","16113","Check video block & footer banner for ad free user - TFT in desktop at 1100x800 viewport size","advertisement-tests","2026-07-10","passed","2026-07-10","Verify ad blocks within the desktop viewport range (1024-1232px) for different user roles","advertisement.test.js","",""
"","9590","Check video block & footer banner for unauthorized user - Deadlock in desktop at 1100x800 viewport size","advertisement-tests","2026-07-10","passed","2026-07-10","Verify ad blocks within the desktop viewport range (1024-1232px) for different user roles","advertisement.test.js","",""
"","9229","Check advertisement blocks for unauthorized user - The Bazaar in desktop at 640x1024 viewport size","advertisement-tests","2026-07-10","passed","2026-07-10","Verify ad blocks within the desktop viewport range (576-767px) for different user roles","advertisement.test.js","",""
"","10498","Check video block & footer banner for unauthorized user - Marathon in desktop at 1100x800 viewport size","advertisement-tests","2026-07-10","passed","2026-07-10","Verify ad blocks within the desktop viewport range (1024-1232px) for different user roles","advertisement.test.js","",""
"","15936","Check video block, footer banner, L vertical banner, S vertical banner for regular user - Marvel Rivals in desktop at 1680x1050 viewport size","advertisement-tests","2026-07-10","passed","2026-07-10","Verify ad blocks within the desktop viewport range (>1412px) for different user roles","advertisement.test.js","",""
"","11271","Check video block & footer banner for regular user - Hades 2 in desktop at 800x800 viewport size","advertisement-tests","2026-07-10","passed","2026-07-10","Verify video ad block & footer banner within the desktop viewport range (768-1023px) for different user roles","advertisement.test.js","",""
"","11524","Check video block, footer banner, L vertical banner, S vertical banner for ad free user - Borderlands 4 in desktop at 1680x1050 viewport size","advertisement-tests","2026-07-10","passed","2026-07-10","Verify ad blocks within the desktop viewport range (>1412px) for different user roles","advertisement.test.js","",""
"","8021","Check advertisement blocks for plus user - Diablo 4 in desktop at 640x1024 viewport size","advertisement-tests","2026-07-10","passed","2026-07-10","Verify ad blocks within the desktop viewport range (576-767px) for different user roles","advertisement.test.js","",""
"","10425","Check advertisement blocks for unauthorized user - Diablo 4 in desktop at 640x1024 viewport size","advertisement-tests","2026-07-10","passed","2026-07-10","Verify ad blocks within the desktop viewport range (576-767px) for different user roles","advertisement.test.js","",""
"","18814","Check video block, footer banner, L vertical banner, S vertical banner for ad free user - 2XKO in desktop at 1680x1050 viewport size","advertisement-tests","2026-07-10","passed","2026-07-10","Verify ad blocks within the desktop viewport range (>1412px) for different user roles","advertisement.test.js","",""
"","12411","Check video block & footer banner for regular user - Riftbound in desktop at 1100x800 viewport size","advertisement-tests","2026-07-10","passed","2026-07-10","Verify ad blocks within the desktop viewport range (1024-1232px) for different user roles","advertisement.test.js","",""
"","10746","Check video block & footer banner for unauthorized user - Nightreign in desktop at 1100x800 viewport size","advertisement-tests","2026-07-10","passed","2026-07-10","Verify ad blocks within the desktop viewport range (1024-1232px) for different user roles","advertisement.test.js","",""
"","7051","Check video block, footer banner, L vertical banner for unauthorized user - Hades 2 in desktop at 1280x800 viewport size","advertisement-tests","2026-07-10","passed","2026-07-10","Verify ad blocks within the desktop viewport range (1233-1411px) for different user roles","advertisement.test.js","",""
"","8621","Check advertisement blocks for ad free user - Monster Hunter Wilds in desktop at 800x800 viewport size","advertisement-tests","2026-07-10","passed","2026-07-10","Verify video ad block & footer banner within the desktop viewport range (768-1023px) for different user roles","advertisement.test.js","",""
"","10344","Check video block & footer banner for unauthorized user - Endfield in desktop at 1100x800 viewport size","advertisement-tests","2026-07-10","passed","2026-07-10","Verify ad blocks within the desktop viewport range (1024-1232px) for different user roles","advertisement.test.js","",""
"","9519","Check advertisement blocks for plus user - Deadlock in desktop at 800x800 viewport size","advertisement-tests","2026-07-10","passed","2026-07-10","Verify video ad block & footer banner within the desktop viewport range (768-1023px) for different user roles","advertisement.test.js","",""
"","8878","Check advertisement blocks for ad free user - Riftbound in desktop at 640x1024 viewport size","advertisement-tests","2026-07-10","passed","2026-07-10","Verify ad blocks within the desktop viewport range (576-767px) for different user roles","advertisement.test.js","",""
"","13916","Check video block, footer banner, L vertical banner for regular user - PoE in desktop at 1280x800 viewport size","advertisement-tests","2026-07-10","passed","2026-07-10","Verify ad blocks within the desktop viewport range (1233-1411px) for different user roles","advertisement.test.js","",""
"","10530","Check advertisement blocks for ad free user - Diablo 4 in desktop at 800x800 viewport size","advertisement-tests","2026-07-10","passed","2026-07-10","Verify video ad block & footer banner within the desktop viewport range (768-1023px) for different user roles","advertisement.test.js","",""
"","9872","Check video block & footer banner for unauthorized user - LoL in desktop at 800x800 viewport size","advertisement-tests","2026-07-10","passed","2026-07-10","Verify video ad block & footer banner within the desktop viewport range (768-1023px) for different user roles","advertisement.test.js","",""
